model,dtype,brand,brand_title,code,code_alias,model_name,ver_name,source_file
1503-M02,mob,360,360,,,手机 N4,移动版,360shouji
1503-A01,mob,360,360,,,手机 N4,全网通版,360shouji
1505-A01,mob,360,360,,,手机 N4s,,360shouji
1505-A02,mob,360,360,,,手机 N4s 骁龙版,,360shouji
1603-A03,mob,360,360,,,手机 N4A,,360shouji
1605-A01,mob,360,360,,,手机 N5,全网通版,360shouji
1605-A02,mob,360,360,,,手机 N5,移动版,360shouji
1607-A01,mob,360,360,,,手机 N5s,,360shouji
1801-A01,mob,360,360,,,手机 N6 Pro,,360shouji
1707-A01,mob,360,360,,,手机 N6,,360shouji
1713-A01,mob,360,360,,,手机 N6 Lite,,360shouji
1807-A01,mob,360,360,,,手机 N7,,360shouji
1809-A01,mob,360,360,,,手机 N7 Pro,,360shouji
1803-A01,mob,360,360,,,手机 N7 Lite,,360shouji
8676-A01,mob,360,360,,,大神 Note 3,全网通版,360shouji
8676-M01,mob,360,360,,,大神 Note 3,移动版,360shouji
1711-A01,mob,360,360,,,手机 vizza,,360shouji
1501-M02,mob,360,360,,,手机 F4,移动版,360shouji
1501-A02,mob,360,360,,,手机 F4,全网通版,360shouji
1603-A02,mob,360,360,,,手机 F4s,,360shouji
1701-M01,mob,360,360,,,手机 F5,,360shouji
1515-A01,mob,360,360,,,手机 Q5,,360shouji
1509-M02,mob,360,360,,,手机 Q5 Plus,移动版,360shouji
1509-A00,mob,360,360,,,手机 Q5 Plus,全网通版,360shouji
1703-M01,mob,360,360,,,手机 C5,,360shouji
8681-M01,mob,360,360,,,手机奇酷青春版,移动版,360shouji
8681-M02,mob,360,360,,,手机奇酷青春版,双网通版,360shouji
8681-A01,mob,360,360,,,手机奇酷青春版,全网通版,360shouji
8692-M02,mob,360,360,,,手机奇酷旗舰版,双网通版,360shouji
8692-A00,mob,360,360,,,手机奇酷旗舰版,全网通版,360shouji
8692-A00,mob,360,360,,,手机奇酷旗舰版,极客版,360shouji
QSN2112,mob,360,360,,,奇少年 Q10,,360shouji
QSN2201,mob,360,360,,,奇少年 Q10 Pro,5G,360shouji
QSN2211,mob,360,360,,,奇少年 Q20,,360shouji
QSN2211,mob,360,360,,,奇少年 Q30,,360shouji
QSN2207,mob,360,360,,,奇少年 Q20 Pro,5G,360shouji
QK001,mob,360,360,,,OS M50,5G,360shouji
QK001,mob,360,360,,,OS T20 Pro,5G,360shouji
A1203,mob,apple,Apple,M68AP,"iPhone1,1",iPhone,,apple_all
A1241,mob,apple,Apple,N82AP,"iPhone1,2",iPhone 3G,,apple_all
A1324,mob,apple,Apple,N82AP,"iPhone1,2",iPhone 3G,中国大陆,apple_all
A1303,mob,apple,Apple,N88AP,"iPhone2,1",iPhone 3GS,,apple_all
A1325,mob,apple,Apple,N88AP,"iPhone2,1",iPhone 3GS,"中国大陆, 无 WLAN 功能",apple_all
A1332,mob,apple,Apple,N90AP,"iPhone3,1",iPhone 4,GSM,apple_all
A1332,mob,apple,Apple,N90BAP,"iPhone3,2",iPhone 4,"GSM, 2011",apple_all
A1349,mob,apple,Apple,N92AP,"iPhone3,3",iPhone 4,CDMA,apple_all
A1431,mob,apple,Apple,N94AP,"iPhone4,1",iPhone 4S,GSM,apple_all
A1387,mob,apple,Apple,N94AP,"iPhone4,1",iPhone 4S,CDMA,apple_all
A1428,mob,apple,Apple,N41AP,"iPhone5,1",iPhone 5,GSM,apple_all
A1429,mob,apple,Apple,N42AP,"iPhone5,2",iPhone 5,GSM,apple_all
A1442,mob,apple,Apple,N42AP,"iPhone5,2",iPhone 5,CDMA,apple_all
A1453,mob,apple,Apple,N51AP,"iPhone6,1",iPhone 5s,CDMA,apple_all
A1533,mob,apple,Apple,N51AP,"iPhone6,1",iPhone 5s,"CDMA, 中国电信",apple_all
A1457,mob,apple,Apple,N53AP,"iPhone6,2",iPhone 5s,GSM,apple_all
A1518,mob,apple,Apple,N53AP,"iPhone6,2",iPhone 5s,"LTE, 中国移动",apple_all
A1528,mob,apple,Apple,N53AP,"iPhone6,2",iPhone 5s,"GSM, 中国联通",apple_all
A1530,mob,apple,Apple,N53AP,"iPhone6,2",iPhone 5s,LTE,apple_all
A1456,mob,apple,Apple,N48AP,"iPhone5,3",iPhone 5c,CDMA,apple_all
A1532,mob,apple,Apple,N48AP,"iPhone5,3",iPhone 5c,"CDMA, 中国电信",apple_all
A1507,mob,apple,Apple,N49AP,"iPhone5,4",iPhone 5c,GSM,apple_all
A1516,mob,apple,Apple,N49AP,"iPhone5,4",iPhone 5c,"LTE, 中国移动",apple_all
A1526,mob,apple,Apple,N49AP,"iPhone5,4",iPhone 5c,"GSM, 中国联通",apple_all
A1529,mob,apple,Apple,N49AP,"iPhone5,4",iPhone 5c,LTE,apple_all
A1549,mob,apple,Apple,N61AP,"iPhone7,2",iPhone 6,美国,apple_all
A1586,mob,apple,Apple,N61AP,"iPhone7,2",iPhone 6,,apple_all
A1589,mob,apple,Apple,N61AP,"iPhone7,2",iPhone 6,中国移动,apple_all
A1522,mob,apple,Apple,N56AP,"iPhone7,1",iPhone 6 Plus,美国,apple_all
A1524,mob,apple,Apple,N56AP,"iPhone7,1",iPhone 6 Plus,,apple_all
A1593,mob,apple,Apple,N56AP,"iPhone7,1",iPhone 6 Plus,中国移动,apple_all
A1633,mob,apple,Apple,N71AP,"iPhone8,1",iPhone 6s,,apple_all
A1688,mob,apple,Apple,N71AP,"iPhone8,1",iPhone 6s,,apple_all
A1700,mob,apple,Apple,N71AP,"iPhone8,1",iPhone 6s,中国大陆,apple_all
A1691,mob,apple,Apple,N71AP,"iPhone8,1",iPhone 6s,中国移动,apple_all
A1634,mob,apple,Apple,N66AP,"iPhone8,2",iPhone 6s Plus,,apple_all
A1687,mob,apple,Apple,N66AP,"iPhone8,2",iPhone 6s Plus,,apple_all
A1699,mob,apple,Apple,N66AP,"iPhone8,2",iPhone 6s Plus,中国大陆,apple_all
A1690,mob,apple,Apple,N66AP,"iPhone8,2",iPhone 6s Plus,中国移动,apple_all
A1662,mob,apple,Apple,N69AP,"iPhone8,4",iPhone SE,美国,apple_all
A1723,mob,apple,Apple,N69AP,"iPhone8,4",iPhone SE,,apple_all
A1724,mob,apple,Apple,N69AP,"iPhone8,4",iPhone SE,中国移动,apple_all
A1660,mob,apple,Apple,D10AP,"iPhone9,1",iPhone 7,,apple_all
A1779,mob,apple,Apple,D10AP,"iPhone9,1",iPhone 7,日本,apple_all
A1780,mob,apple,Apple,D10AP,"iPhone9,1",iPhone 7,中国移动,apple_all
A1778,mob,apple,Apple,D101AP,"iPhone9,3",iPhone 7,GSM,apple_all
A1661,mob,apple,Apple,D11AP,"iPhone9,2",iPhone 7 Plus,,apple_all
A1785,mob,apple,Apple,D11AP,"iPhone9,2",iPhone 7 Plus,日本,apple_all
A1786,mob,apple,Apple,D11AP,"iPhone9,2",iPhone 7 Plus,中国移动,apple_all
A1784,mob,apple,Apple,D111AP,"iPhone9,4",iPhone 7 Plus,GSM,apple_all
A1863,mob,apple,Apple,D20AP,"iPhone10,1",iPhone 8,,apple_all
A1906,mob,apple,Apple,D20AP,"iPhone10,1",iPhone 8,日本,apple_all
A1907,mob,apple,Apple,D20AP,"iPhone10,1",iPhone 8,中国移动,apple_all
A1905,mob,apple,Apple,D201AP,"iPhone10,4",iPhone 8,GSM,apple_all
A1864,mob,apple,Apple,D21AP,"iPhone10,2",iPhone 8 Plus,,apple_all
A1898,mob,apple,Apple,D21AP,"iPhone10,2",iPhone 8 Plus,日本,apple_all
A1899,mob,apple,Apple,D21AP,"iPhone10,2",iPhone 8 Plus,中国移动,apple_all
A1897,mob,apple,Apple,D211AP,"iPhone10,5",iPhone 8 Plus,GSM,apple_all
A1865,mob,apple,Apple,D22AP,"iPhone10,3",iPhone X,,apple_all
A1902,mob,apple,Apple,D22AP,"iPhone10,3",iPhone X,日本,apple_all
A1903,mob,apple,Apple,D22AP,"iPhone10,3",iPhone X,中国移动,apple_all
A1901,mob,apple,Apple,D221AP,"iPhone10,6",iPhone X,GSM,apple_all
A1920,mob,apple,Apple,D321AP,"iPhone11,2",iPhone XS,北美，港澳,apple_all
A2097,mob,apple,Apple,D321AP,"iPhone11,2",iPhone XS,GSM,apple_all
A2098,mob,apple,Apple,D321AP,"iPhone11,2",iPhone XS,日本,apple_all
A2100,mob,apple,Apple,D321AP,"iPhone11,2",iPhone XS,中国大陆,apple_all
A2099,mob,apple,Apple,D321AP,"iPhone11,2",iPhone XS,中国移动,apple_all
A1921,mob,apple,Apple,D331pAP,"iPhone11,6",iPhone XS Max,北美,apple_all
A2101,mob,apple,Apple,D331pAP,"iPhone11,6",iPhone XS Max,GSM,apple_all
A2102,mob,apple,Apple,D331pAP,"iPhone11,6",iPhone XS Max,日本,apple_all
A2104,mob,apple,Apple,D331pAP,"iPhone11,6",iPhone XS Max,中国大陆 & 港澳,apple_all
A2103,mob,apple,Apple,D331AP,"iPhone11,4",iPhone XS Max,中国移动,apple_all
A1984,mob,apple,Apple,N841AP,"iPhone11,8",iPhone XR,北美,apple_all
A2105,mob,apple,Apple,N841AP,"iPhone11,8",iPhone XR,GSM,apple_all
A2106,mob,apple,Apple,N841AP,"iPhone11,8",iPhone XR,日本,apple_all
A2108,mob,apple,Apple,N841AP,"iPhone11,8",iPhone XR,中国大陆 & 港澳,apple_all
A2107,mob,apple,Apple,N841AP,"iPhone11,8",iPhone XR,中国移动,apple_all
A2111,mob,apple,Apple,N104AP,"iPhone12,1",iPhone 11,北美,apple_all
A2223,mob,apple,Apple,N104AP,"iPhone12,1",iPhone 11,中国大陆 & 港澳,apple_all
A2221,mob,apple,Apple,N104AP,"iPhone12,1",iPhone 11,其他国家和地区,apple_all
A2160,mob,apple,Apple,D421AP,"iPhone12,3",iPhone 11 Pro,北美,apple_all
A2217,mob,apple,Apple,D421AP,"iPhone12,3",iPhone 11 Pro,中国大陆 & 港澳,apple_all
A2215,mob,apple,Apple,D421AP,"iPhone12,3",iPhone 11 Pro,其他国家和地区,apple_all
A2161,mob,apple,Apple,D431AP,"iPhone12,5",iPhone 11 Pro Max,北美,apple_all
A2220,mob,apple,Apple,D431AP,"iPhone12,5",iPhone 11 Pro Max,中国大陆 & 港澳,apple_all
A2218,mob,apple,Apple,D431AP,"iPhone12,5",iPhone 11 Pro Max,其他国家和地区,apple_all
A2275,mob,apple,Apple,D79AP,"iPhone12,8",iPhone SE (第 2 代),北美,apple_all
A2298,mob,apple,Apple,D79AP,"iPhone12,8",iPhone SE (第 2 代),中国大陆,apple_all
A2296,mob,apple,Apple,D79AP,"iPhone12,8",iPhone SE (第 2 代),其他国家和地区,apple_all
A2176,mob,apple,Apple,D52gAP,"iPhone13,1",iPhone 12 mini,美国,apple_all
A2398,mob,apple,Apple,D52gAP,"iPhone13,1",iPhone 12 mini,加拿大，日本,apple_all
A2400,mob,apple,Apple,D52gAP,"iPhone13,1",iPhone 12 mini,中国大陆,apple_all
A2399,mob,apple,Apple,D52gAP,"iPhone13,1",iPhone 12 mini,其他国家和地区,apple_all
A2172,mob,apple,Apple,D53gAP,"iPhone13,2",iPhone 12,美国,apple_all
A2402,mob,apple,Apple,D53gAP,"iPhone13,2",iPhone 12,加拿大，日本,apple_all
A2404,mob,apple,Apple,D53gAP,"iPhone13,2",iPhone 12,中国大陆 & 港澳,apple_all
A2403,mob,apple,Apple,D53gAP,"iPhone13,2",iPhone 12,其他国家和地区,apple_all
A2341,mob,apple,Apple,D53pAP,"iPhone13,3",iPhone 12 Pro,美国,apple_all
A2406,mob,apple,Apple,D53pAP,"iPhone13,3",iPhone 12 Pro,加拿大，日本,apple_all
A2408,mob,apple,Apple,D53pAP,"iPhone13,3",iPhone 12 Pro,中国大陆 & 港澳,apple_all
A2407,mob,apple,Apple,D53pAP,"iPhone13,3",iPhone 12 Pro,其他国家和地区,apple_all
A2342,mob,apple,Apple,D54pAP,"iPhone13,4",iPhone 12 Pro Max,美国,apple_all
A2410,mob,apple,Apple,D54pAP,"iPhone13,4",iPhone 12 Pro Max,加拿大，日本,apple_all
A2412,mob,apple,Apple,D54pAP,"iPhone13,4",iPhone 12 Pro Max,中国大陆 & 港澳,apple_all
A2411,mob,apple,Apple,D54pAP,"iPhone13,4",iPhone 12 Pro Max,其他国家和地区,apple_all
A2481,mob,apple,Apple,D16AP,"iPhone14,4",iPhone 13 mini,美国,apple_all
A2626,mob,apple,Apple,D16AP,"iPhone14,4",iPhone 13 mini,"加拿大, 日本, 墨西哥, 沙特阿拉伯",apple_all
A2629,mob,apple,Apple,D16AP,"iPhone14,4",iPhone 13 mini,中国大陆,apple_all
A2630,mob,apple,Apple,D16AP,"iPhone14,4",iPhone 13 mini,"亚美尼亚, 白俄罗斯, 哈萨克斯坦, 吉尔吉斯斯坦, 俄罗斯",apple_all
A2628,mob,apple,Apple,D16AP,"iPhone14,4",iPhone 13 mini,其他国家和地区,apple_all
A2482,mob,apple,Apple,D17AP,"iPhone14,5",iPhone 13,美国,apple_all
A2631,mob,apple,Apple,D17AP,"iPhone14,5",iPhone 13,"加拿大, 日本, 墨西哥, 沙特阿拉伯",apple_all
A2634,mob,apple,Apple,D17AP,"iPhone14,5",iPhone 13,中国大陆 & 港澳,apple_all
A2635,mob,apple,Apple,D17AP,"iPhone14,5",iPhone 13,"亚美尼亚, 白俄罗斯, 哈萨克斯坦, 吉尔吉斯斯坦, 俄罗斯",apple_all
A2633,mob,apple,Apple,D17AP,"iPhone14,5",iPhone 13,其他国家和地区,apple_all
A2483,mob,apple,Apple,D63AP,"iPhone14,2",iPhone 13 Pro,美国,apple_all
A2636,mob,apple,Apple,D63AP,"iPhone14,2",iPhone 13 Pro,"加拿大, 日本, 墨西哥, 沙特阿拉伯",apple_all
A2639,mob,apple,Apple,D63AP,"iPhone14,2",iPhone 13 Pro,中国大陆 & 港澳,apple_all
A2640,mob,apple,Apple,D63AP,"iPhone14,2",iPhone 13 Pro,"亚美尼亚, 白俄罗斯, 哈萨克斯坦, 吉尔吉斯斯坦, 俄罗斯",apple_all
A2638,mob,apple,Apple,D63AP,"iPhone14,2",iPhone 13 Pro,其他国家和地区,apple_all
A2484,mob,apple,Apple,D64AP,"iPhone14,3",iPhone 13 Pro Max,美国,apple_all
A2641,mob,apple,Apple,D64AP,"iPhone14,3",iPhone 13 Pro Max,"加拿大, 日本, 墨西哥, 沙特阿拉伯",apple_all
A2644,mob,apple,Apple,D64AP,"iPhone14,3",iPhone 13 Pro Max,中国大陆 & 港澳,apple_all
A2645,mob,apple,Apple,D64AP,"iPhone14,3",iPhone 13 Pro Max,"亚美尼亚, 白俄罗斯, 哈萨克斯坦, 吉尔吉斯斯坦, 俄罗斯",apple_all
A2643,mob,apple,Apple,D64AP,"iPhone14,3",iPhone 13 Pro Max,其他国家和地区,apple_all
A2595,mob,apple,Apple,D49AP,"iPhone14,6",iPhone SE (第 3 代),北美,apple_all
A2782,mob,apple,Apple,D49AP,"iPhone14,6",iPhone SE (第 3 代),日本,apple_all
A2784,mob,apple,Apple,D49AP,"iPhone14,6",iPhone SE (第 3 代),"亚美尼亚, 白俄罗斯, 哈萨克斯坦, 吉尔吉斯斯坦, 俄罗斯",apple_all
A2785,mob,apple,Apple,D49AP,"iPhone14,6",iPhone SE (第 3 代),中国大陆,apple_all
A2783,mob,apple,Apple,D49AP,"iPhone14,6",iPhone SE (第 3 代),其他国家和地区,apple_all
A2649,mob,apple,Apple,D27AP,"iPhone14,7",iPhone 14,美国,apple_all
A2881,mob,apple,Apple,D27AP,"iPhone14,7",iPhone 14,"加拿大, 日本, 墨西哥, 沙特阿拉伯",apple_all
A2883,mob,apple,Apple,D27AP,"iPhone14,7",iPhone 14,"亚美尼亚, 白俄罗斯, 哈萨克斯坦, 吉尔吉斯斯坦, 俄罗斯",apple_all
A2884,mob,apple,Apple,D27AP,"iPhone14,7",iPhone 14,中国大陆 & 港澳,apple_all
A2882,mob,apple,Apple,D27AP,"iPhone14,7",iPhone 14,其他国家和地区,apple_all
A2632,mob,apple,Apple,D28AP,"iPhone14,8",iPhone 14 Plus,美国,apple_all
A2885,mob,apple,Apple,D28AP,"iPhone14,8",iPhone 14 Plus,"加拿大, 日本, 墨西哥, 沙特阿拉伯",apple_all
A2887,mob,apple,Apple,D28AP,"iPhone14,8",iPhone 14 Plus,"亚美尼亚, 白俄罗斯, 哈萨克斯坦, 吉尔吉斯斯坦, 俄罗斯",apple_all
A2888,mob,apple,Apple,D28AP,"iPhone14,8",iPhone 14 Plus,中国大陆 & 港澳,apple_all
A2886,mob,apple,Apple,D28AP,"iPhone14,8",iPhone 14 Plus,其他国家和地区,apple_all
A2650,mob,apple,Apple,D73AP,"iPhone15,2",iPhone 14 Pro,美国,apple_all
A2889,mob,apple,Apple,D73AP,"iPhone15,2",iPhone 14 Pro,"加拿大, 日本, 墨西哥, 沙特阿拉伯",apple_all
A2891,mob,apple,Apple,D73AP,"iPhone15,2",iPhone 14 Pro,"亚美尼亚, 白俄罗斯, 哈萨克斯坦, 吉尔吉斯斯坦, 俄罗斯",apple_all
A2892,mob,apple,Apple,D73AP,"iPhone15,2",iPhone 14 Pro,中国大陆 & 港澳,apple_all
A2890,mob,apple,Apple,D73AP,"iPhone15,2",iPhone 14 Pro,其他国家和地区,apple_all
A2651,mob,apple,Apple,D74AP,"iPhone15,3",iPhone 14 Pro Max,美国,apple_all
A2893,mob,apple,Apple,D74AP,"iPhone15,3",iPhone 14 Pro Max,"加拿大, 日本, 墨西哥, 沙特阿拉伯",apple_all
A2895,mob,apple,Apple,D74AP,"iPhone15,3",iPhone 14 Pro Max,"亚美尼亚, 白俄罗斯, 哈萨克斯坦, 吉尔吉斯斯坦, 俄罗斯",apple_all
A2896,mob,apple,Apple,D74AP,"iPhone15,3",iPhone 14 Pro Max,中国大陆 & 港澳,apple_all
A2894,mob,apple,Apple,D74AP,"iPhone15,3",iPhone 14 Pro Max,其他国家和地区,apple_all
A2846,mob,apple,Apple,D37AP,"iPhone15,4",iPhone 15,美国,apple_all
A3089,mob,apple,Apple,D37AP,"iPhone15,4",iPhone 15,"加拿大, 日本, 墨西哥, 沙特阿拉伯",apple_all
A3092,mob,apple,Apple,D37AP,"iPhone15,4",iPhone 15,中国大陆 & 港澳,apple_all
A3090,mob,apple,Apple,D37AP,"iPhone15,4",iPhone 15,其他国家和地区,apple_all
A2847,mob,apple,Apple,D38AP,"iPhone15,5",iPhone 15 Plus,美国,apple_all
A3093,mob,apple,Apple,D38AP,"iPhone15,5",iPhone 15 Plus,"加拿大, 日本, 墨西哥, 沙特阿拉伯",apple_all
A3096,mob,apple,Apple,D38AP,"iPhone15,5",iPhone 15 Plus,中国大陆 & 港澳,apple_all
A3094,mob,apple,Apple,D38AP,"iPhone15,5",iPhone 15 Plus,其他国家和地区,apple_all
A2848,mob,apple,Apple,D83AP,"iPhone16,1",iPhone 15 Pro,美国,apple_all
A3101,mob,apple,Apple,D83AP,"iPhone16,1",iPhone 15 Pro,"加拿大, 日本, 墨西哥, 沙特阿拉伯",apple_all
A3104,mob,apple,Apple,D83AP,"iPhone16,1",iPhone 15 Pro,中国大陆 & 港澳,apple_all
A3102,mob,apple,Apple,D83AP,"iPhone16,1",iPhone 15 Pro,其他国家和地区,apple_all
A2849,mob,apple,Apple,D84AP,"iPhone16,2",iPhone 15 Pro Max,美国,apple_all
A3105,mob,apple,Apple,D84AP,"iPhone16,2",iPhone 15 Pro Max,"加拿大, 日本, 墨西哥, 沙特阿拉伯",apple_all
A3108,mob,apple,Apple,D84AP,"iPhone16,2",iPhone 15 Pro Max,中国大陆 & 港澳,apple_all
A3106,mob,apple,Apple,D84AP,"iPhone16,2",iPhone 15 Pro Max,其他国家和地区,apple_all
A3081,mob,apple,Apple,D47AP,"iPhone17,3",iPhone 16,美国,apple_all
A3286,mob,apple,Apple,D47AP,"iPhone17,3",iPhone 16,"加拿大, 日本, 墨西哥, 部分中东国家",apple_all
A3288,mob,apple,Apple,D47AP,"iPhone17,3",iPhone 16,中国大陆 & 港澳,apple_all
A3287,mob,apple,Apple,D47AP,"iPhone17,3",iPhone 16,其他国家和地区,apple_all
A3082,mob,apple,Apple,D48AP,"iPhone17,4",iPhone 16 Plus,美国,apple_all
A3289,mob,apple,Apple,D48AP,"iPhone17,4",iPhone 16 Plus,"加拿大, 日本, 墨西哥, 部分中东国家",apple_all
A3291,mob,apple,Apple,D48AP,"iPhone17,4",iPhone 16 Plus,中国大陆 & 港澳,apple_all
A3290,mob,apple,Apple,D48AP,"iPhone17,4",iPhone 16 Plus,其他国家和地区,apple_all
A3083,mob,apple,Apple,D93AP,"iPhone17,1",iPhone 16 Pro,美国,apple_all
A3292,mob,apple,Apple,D93AP,"iPhone17,1",iPhone 16 Pro,"加拿大, 日本, 墨西哥, 部分中东国家",apple_all
A3294,mob,apple,Apple,D93AP,"iPhone17,1",iPhone 16 Pro,中国大陆 & 港澳,apple_all
A3293,mob,apple,Apple,D93AP,"iPhone17,1",iPhone 16 Pro,其他国家和地区,apple_all
A3084,mob,apple,Apple,D94AP,"iPhone17,2",iPhone 16 Pro Max,美国,apple_all
A3295,mob,apple,Apple,D94AP,"iPhone17,2",iPhone 16 Pro Max,"加拿大, 日本, 墨西哥, 部分中东国家",apple_all
A3297,mob,apple,Apple,D94AP,"iPhone17,2",iPhone 16 Pro Max,中国大陆 & 港澳,apple_all
A3296,mob,apple,Apple,D94AP,"iPhone17,2",iPhone 16 Pro Max,其他国家和地区,apple_all
A3212,mob,apple,Apple,V59AP,"iPhone17,5",iPhone 16e,美国,apple_all
A3408,mob,apple,Apple,V59AP,"iPhone17,5",iPhone 16e,"加拿大, 墨西哥, 部分中东国家",apple_all
A3410,mob,apple,Apple,V59AP,"iPhone17,5",iPhone 16e,中国大陆,apple_all
A3409,mob,apple,Apple,V59AP,"iPhone17,5",iPhone 16e,其他国家和地区,apple_all
A3258,mob,apple,Apple,V57AP,"iPhone18,3",iPhone 17,美国,apple_all
A3519,mob,apple,Apple,V57AP,"iPhone18,3",iPhone 17,"加拿大, 日本, 墨西哥, 部分中东国家",apple_all
A3521,mob,apple,Apple,V57AP,"iPhone18,3",iPhone 17,中国大陆,apple_all
A3520,mob,apple,Apple,V57AP,"iPhone18,3",iPhone 17,其他国家和地区,apple_all
A3260,mob,apple,Apple,D23AP,"iPhone18,4",iPhone Air,"北美, 部分中东国家",apple_all
A3518,mob,apple,Apple,D23AP,"iPhone18,4",iPhone Air,中国大陆,apple_all
A3516,mob,apple,Apple,D23AP,"iPhone18,4",iPhone Air,日本,apple_all
A3517,mob,apple,Apple,D23AP,"iPhone18,4",iPhone Air,其他国家和地区,apple_all
A3256,mob,apple,Apple,V53AP,"iPhone18,1",iPhone 17 Pro,美国,apple_all
A3522,mob,apple,Apple,V53AP,"iPhone18,1",iPhone 17 Pro,"加拿大, 日本, 墨西哥, 部分中东国家",apple_all
A3524,mob,apple,Apple,V53AP,"iPhone18,1",iPhone 17 Pro,中国大陆,apple_all
A3523,mob,apple,Apple,V53AP,"iPhone18,1",iPhone 17 Pro,其他国家和地区,apple_all
A3257,mob,apple,Apple,V54AP,"iPhone18,2",iPhone 17 Pro Max,美国,apple_all
A3525,mob,apple,Apple,V54AP,"iPhone18,2",iPhone 17 Pro Max,"加拿大, 日本, 墨西哥, 部分中东国家",apple_all
A3527,mob,apple,Apple,V54AP,"iPhone18,2",iPhone 17 Pro Max,中国大陆,apple_all
A3526,mob,apple,Apple,V54AP,"iPhone18,2",iPhone 17 Pro Max,其他国家和地区,apple_all
A3575,mob,apple,Apple,V159AP,"iPhone18,5",iPhone 17e,"北美, 日本, 部分中东国家",apple_all
A3635,mob,apple,Apple,V159AP,"iPhone18,5",iPhone 17e,中国大陆,apple_all
A3634,mob,apple,Apple,V159AP,"iPhone18,5",iPhone 17e,其他国家和地区,apple_all
A1219,pad,apple,Apple,K48AP,"iPad1,1",iPad,无线局域网,apple_all
A1337,pad,apple,Apple,K48AP,"iPad1,1",iPad,无线局域网 + 3G,apple_all
A1395,pad,apple,Apple,K93AP,"iPad2,1",iPad 2,无线局域网,apple_all
A1396,pad,apple,Apple,K94AP,"iPad2,2",iPad 2,(无线局域网 + 3G) (GSM),apple_all
A1397,pad,apple,Apple,K95AP,"iPad2,3",iPad 2,(无线局域网 + 3G) (CDMA),apple_all
A1395,pad,apple,Apple,K93AAP,"iPad2,4",iPad 2,"无线局域网, 2012",apple_all
A1416,pad,apple,Apple,J1AP,"iPad3,1",iPad (第 3 代),无线局域网,apple_all
A1403,pad,apple,Apple,J2AP,"iPad3,2",iPad (第 3 代),(无线局域网 + 蜂窝网络) (VZ),apple_all
A1430,pad,apple,Apple,J2AAP,"iPad3,3",iPad (第 3 代),无线局域网 + 蜂窝网络,apple_all
A1458,pad,apple,Apple,P101AP,"iPad3,4",iPad (第 4 代),无线局域网,apple_all
A1459,pad,apple,Apple,P102AP,"iPad3,5",iPad (第 4 代),无线局域网 + 蜂窝网络,apple_all
A1460,pad,apple,Apple,P103AP,"iPad3,6",iPad (第 4 代),(无线局域网 + 蜂窝网络) (中国大陆),apple_all
A1822,pad,apple,Apple,J71sAP,"iPad6,11",iPad (第 5 代),无线局域网,apple_all
A1823,pad,apple,Apple,J72sAP,"iPad6,12",iPad (第 5 代),无线局域网 + 蜂窝网络,apple_all
A1893,pad,apple,Apple,J71bAP,"iPad7,5",iPad (第 6 代),无线局域网,apple_all
A1954,pad,apple,Apple,J72bAP,"iPad7,6",iPad (第 6 代),无线局域网 + 蜂窝网络,apple_all
A2197,pad,apple,Apple,J171AP,"iPad7,11",iPad (第 7 代),无线局域网,apple_all
A2198,pad,apple,Apple,J172AP,"iPad7,12",iPad (第 7 代),(无线局域网 + 蜂窝网络) (eSIM),apple_all
A2200,pad,apple,Apple,J172AP,"iPad7,12",iPad (第 7 代),(无线局域网 + 蜂窝网络) (eSIM),apple_all
A2199,pad,apple,Apple,J172AP,"iPad7,12",iPad (第 7 代),(无线局域网 + 蜂窝网络) (中国大陆),apple_all
A2270,pad,apple,Apple,J171aAP,"iPad11,6",iPad (第 8 代),无线局域网,apple_all
A2428,pad,apple,Apple,J172aAP,"iPad11,7",iPad (第 8 代),(无线局域网 + 蜂窝网络) (eSIM),apple_all
A2429,pad,apple,Apple,J172aAP,"iPad11,7",iPad (第 8 代),(无线局域网 + 蜂窝网络) (eSIM),apple_all
A2430,pad,apple,Apple,J172aAP,"iPad11,7",iPad (第 8 代),(无线局域网 + 蜂窝网络) (中国大陆),apple_all
A2602,pad,apple,Apple,J181AP,"iPad12,1",iPad (第 9 代),无线局域网,apple_all
A2603,pad,apple,Apple,J182AP,"iPad12,2",iPad (第 9 代),(无线局域网 + 蜂窝网络) (eSIM),apple_all
A2604,pad,apple,Apple,J182AP,"iPad12,2",iPad (第 9 代),(无线局域网 + 蜂窝网络) (eSIM),apple_all
A2605,pad,apple,Apple,J182AP,"iPad12,2",iPad (第 9 代),(无线局域网 + 蜂窝网络) (中国大陆),apple_all
A2696,pad,apple,Apple,J271AP,"iPad13,18",iPad (第 10 代),无线局域网,apple_all
A2757,pad,apple,Apple,J272AP,"iPad13,19",iPad (第 10 代),(无线局域网 + 蜂窝网络) (eSIM),apple_all
A2777,pad,apple,Apple,J272AP,"iPad13,19",iPad (第 10 代),(无线局域网 + 蜂窝网络) (中国大陆),apple_all
A3162,pad,apple,Apple,J272AP,"iPad13,19",iPad (第 10 代),"(无线局域网 + 蜂窝网络) (eSIM, 中国大陆)",apple_all
A3354,pad,apple,Apple,J481AP,"iPad15,7",iPad (A16),无线局域网,apple_all
A3355,pad,apple,Apple,J482AP,"iPad15,8",iPad (A16),无线局域网 + 蜂窝网络,apple_all
A3356,pad,apple,Apple,J482AP,"iPad15,8",iPad (A16),(无线局域网 + 蜂窝网络) (中国大陆),apple_all
A1474,pad,apple,Apple,J71AP,"iPad4,1",iPad Air,无线局域网,apple_all
A1475,pad,apple,Apple,J72AP,"iPad4,2",iPad Air,无线局域网 + 蜂窝网络,apple_all
A1476,pad,apple,Apple,J73AP,"iPad4,3",iPad Air,(无线局域网 + 蜂窝网络) (TD-LTE),apple_all
A1566,pad,apple,Apple,J81AP,"iPad5,3",iPad Air 2,无线局域网,apple_all
A1567,pad,apple,Apple,J82AP,"iPad5,4",iPad Air 2,无线局域网 + 蜂窝网络,apple_all
A2152,pad,apple,Apple,J217AP,"iPad11,3",iPad Air (第 3 代),无线局域网,apple_all
A2123,pad,apple,Apple,J218AP,"iPad11,4",iPad Air (第 3 代),(无线局域网 + 蜂窝网络) (eSIM),apple_all
A2153,pad,apple,Apple,J218AP,"iPad11,4",iPad Air (第 3 代),(无线局域网 + 蜂窝网络) (eSIM),apple_all
A2154,pad,apple,Apple,J218AP,"iPad11,4",iPad Air (第 3 代),(无线局域网 + 蜂窝网络) (中国大陆),apple_all
A2316,pad,apple,Apple,J307AP,"iPad13,1",iPad Air (第 4 代),无线局域网,apple_all
A2072,pad,apple,Apple,J308AP,"iPad13,2",iPad Air (第 4 代),(无线局域网 + 蜂窝网络) (eSIM),apple_all
A2324,pad,apple,Apple,J308AP,"iPad13,2",iPad Air (第 4 代),(无线局域网 + 蜂窝网络) (eSIM),apple_all
A2325,pad,apple,Apple,J308AP,"iPad13,2",iPad Air (第 4 代),(无线局域网 + 蜂窝网络) (中国大陆),apple_all
A2588,pad,apple,Apple,J407AP,"iPad13,16",iPad Air (第 5 代),无线局域网,apple_all
A2589,pad,apple,Apple,J408AP,"iPad13,17",iPad Air (第 5 代),(无线局域网 + 蜂窝网络) (eSIM),apple_all
A2591,pad,apple,Apple,J408AP,"iPad13,17",iPad Air (第 5 代),(无线局域网 + 蜂窝网络) (中国大陆),apple_all
A2902,pad,apple,Apple,J507AP,"iPad14,8","iPad Air (11 英寸, M2)",无线局域网,apple_all
A2903,pad,apple,Apple,J508AP,"iPad14,9","iPad Air (11 英寸, M2)",无线局域网 + 蜂窝网络,apple_all
A2904,pad,apple,Apple,J508AP,"iPad14,9","iPad Air (11 英寸, M2)",(无线局域网 + 蜂窝网络) (中国大陆),apple_all
A2898,pad,apple,Apple,J537AP,"iPad14,10","iPad Air (13 英寸, M2)",无线局域网,apple_all
A2899,pad,apple,Apple,J538AP,"iPad14,11","iPad Air (13 英寸, M2)",无线局域网 + 蜂窝网络,apple_all
A2900,pad,apple,Apple,J538AP,"iPad14,11","iPad Air (13 英寸, M2)",(无线局域网 + 蜂窝网络) (中国大陆),apple_all
A3266,pad,apple,Apple,J607AP,"iPad15,3","iPad Air (11 英寸, M3)",无线局域网,apple_all
A3267,pad,apple,Apple,J608AP,"iPad15,4","iPad Air (11 英寸, M3)",无线局域网 + 蜂窝网络,apple_all
A3270,pad,apple,Apple,J608AP,"iPad15,4","iPad Air (11 英寸, M3)",(无线局域网 + 蜂窝网络) (中国大陆),apple_all
A3268,pad,apple,Apple,J637AP,"iPad15,5","iPad Air (13 英寸, M3)",无线局域网,apple_all
A3269,pad,apple,Apple,J638AP,"iPad15,6","iPad Air (13 英寸, M3)",无线局域网 + 蜂窝网络,apple_all
A3271,pad,apple,Apple,J638AP,"iPad15,6","iPad Air (13 英寸, M3)",(无线局域网 + 蜂窝网络) (中国大陆),apple_all
A3459,pad,apple,Apple,J707AP,"iPad16,8","iPad Air (11 英寸, M4)",无线局域网,apple_all
A3460,pad,apple,Apple,J708AP,"iPad16,9","iPad Air (11 英寸, M4)",无线局域网 + 蜂窝网络,apple_all
A3463,pad,apple,Apple,J708AP,"iPad16,9","iPad Air (11 英寸, M4)",(无线局域网 + 蜂窝网络) (中国大陆),apple_all
A3461,pad,apple,Apple,J737AP,"iPad16,10","iPad Air (13 英寸, M4)",无线局域网,apple_all
A3462,pad,apple,Apple,J738AP,"iPad16,11","iPad Air (13 英寸, M4)",无线局域网 + 蜂窝网络,apple_all
A3464,pad,apple,Apple,J738AP,"iPad16,11","iPad Air (13 英寸, M4)",(无线局域网 + 蜂窝网络) (中国大陆),apple_all
A1584,pad,apple,Apple,J98aAP,"iPad6,7",iPad Pro (12.9 英寸),无线局域网,apple_all
A1652,pad,apple,Apple,J99aAP,"iPad6,8",iPad Pro (12.9 英寸),无线局域网 + 蜂窝网络,apple_all
A1673,pad,apple,Apple,J127AP,"iPad6,3",iPad Pro (9.7 英寸),无线局域网,apple_all
A1674,pad,apple,Apple,J128AP,"iPad6,4",iPad Pro (9.7 英寸),(无线局域网 + 蜂窝网络) (eSIM),apple_all
A1675,pad,apple,Apple,J128AP,"iPad6,4",iPad Pro (9.7 英寸),(无线局域网 + 蜂窝网络) (中国大陆),apple_all
A1670,pad,apple,Apple,J120AP,"iPad7,1","iPad Pro (12.9 英寸, 第 2 代)",无线局域网,apple_all
A1671,pad,apple,Apple,J121AP,"iPad7,2","iPad Pro (12.9 英寸, 第 2 代)",(无线局域网 + 蜂窝网络) (eSIM),apple_all
A1821,pad,apple,Apple,J121AP,"iPad7,2","iPad Pro (12.9 英寸, 第 2 代)",(无线局域网 + 蜂窝网络) (中国大陆),apple_all
A1701,pad,apple,Apple,J207AP,"iPad7,3",iPad Pro (10.5 英寸),无线局域网,apple_all
A1709,pad,apple,Apple,J208AP,"iPad7,4",iPad Pro (10.5 英寸),(无线局域网 + 蜂窝网络) (eSIM),apple_all
A1852,pad,apple,Apple,J208AP,"iPad7,4",iPad Pro (10.5 英寸),(无线局域网 + 蜂窝网络) (中国大陆),apple_all
A1980,pad,apple,Apple,J317AP,"iPad8,1",iPad Pro (11 英寸),无线局域网,apple_all
A1980,pad,apple,Apple,J317xAP,"iPad8,2",iPad Pro (11 英寸),"无线局域网, 1TB",apple_all
A1934,pad,apple,Apple,J318AP,"iPad8,3",iPad Pro (11 英寸),(无线局域网 + 蜂窝网络) (eSIM),apple_all
A2013,pad,apple,Apple,J318AP,"iPad8,3",iPad Pro (11 英寸),(无线局域网 + 蜂窝网络) (eSIM),apple_all
A1979,pad,apple,Apple,J318AP,"iPad8,3",iPad Pro (11 英寸),(无线局域网 + 蜂窝网络) (中国大陆),apple_all
A1934,pad,apple,Apple,J318xAP,"iPad8,4",iPad Pro (11 英寸),"(无线局域网 + 蜂窝网络, 1TB) (eSIM)",apple_all
A2013,pad,apple,Apple,J318xAP,"iPad8,4",iPad Pro (11 英寸),"(无线局域网 + 蜂窝网络, 1TB) (eSIM)",apple_all
A1979,pad,apple,Apple,J318xAP,"iPad8,4",iPad Pro (11 英寸),"(无线局域网 + 蜂窝网络, 1TB) (中国大陆)",apple_all
A1876,pad,apple,Apple,J320AP,"iPad8,5","iPad Pro (12.9 英寸, 第 3 代)",无线局域网,apple_all
A1876,pad,apple,Apple,J320xAP,"iPad8,6","iPad Pro (12.9 英寸, 第 3 代)","无线局域网, 1TB",apple_all
A1895,pad,apple,Apple,J321AP,"iPad8,7","iPad Pro (12.9 英寸, 第 3 代)",(无线局域网 + 蜂窝网络) (eSIM),apple_all
A2014,pad,apple,Apple,J321AP,"iPad8,7","iPad Pro (12.9 英寸, 第 3 代)",(无线局域网 + 蜂窝网络) (eSIM),apple_all
A1983,pad,apple,Apple,J321AP,"iPad8,7","iPad Pro (12.9 英寸, 第 3 代)",(无线局域网 + 蜂窝网络) (中国大陆),apple_all
A1895,pad,apple,Apple,J321xAP,"iPad8,8","iPad Pro (12.9 英寸, 第 3 代)","(无线局域网 + 蜂窝网络, 1TB) (eSIM)",apple_all
A2014,pad,apple,Apple,J321xAP,"iPad8,8","iPad Pro (12.9 英寸, 第 3 代)","(无线局域网 + 蜂窝网络, 1TB) (eSIM)",apple_all
A1983,pad,apple,Apple,J321xAP,"iPad8,8","iPad Pro (12.9 英寸, 第 3 代)","(无线局域网 + 蜂窝网络, 1TB) (中国大陆)",apple_all
A2228,pad,apple,Apple,J417AP,"iPad8,9","iPad Pro (11 英寸, 第 2 代)",无线局域网,apple_all
A2068,pad,apple,Apple,J418AP,"iPad8,10","iPad Pro (11 英寸, 第 2 代)",(无线局域网 + 蜂窝网络) (eSIM),apple_all
A2230,pad,apple,Apple,J418AP,"iPad8,10","iPad Pro (11 英寸, 第 2 代)",(无线局域网 + 蜂窝网络) (eSIM),apple_all
A2231,pad,apple,Apple,J418AP,"iPad8,10","iPad Pro (11 英寸, 第 2 代)",(无线局域网 + 蜂窝网络) (中国大陆),apple_all
A2229,pad,apple,Apple,J420AP,"iPad8,11","iPad Pro (12.9 英寸, 第 4 代)",无线局域网,apple_all
A2069,pad,apple,Apple,J421AP,"iPad8,12","iPad Pro (12.9 英寸, 第 4 代)",(无线局域网 + 蜂窝网络) (eSIM),apple_all
A2232,pad,apple,Apple,J421AP,"iPad8,12","iPad Pro (12.9 英寸, 第 4 代)",(无线局域网 + 蜂窝网络) (eSIM),apple_all
A2233,pad,apple,Apple,J421AP,"iPad8,12","iPad Pro (12.9 英寸, 第 4 代)",(无线局域网 + 蜂窝网络) (中国大陆),apple_all
A2377,pad,apple,Apple,J517AP,"iPad13,4","iPad Pro (11 英寸, 第 3 代)","无线局域网, 8GB RAM",apple_all
A2377,pad,apple,Apple,J517xAP,"iPad13,5","iPad Pro (11 英寸, 第 3 代)","无线局域网, 16GB RAM",apple_all
A2459,pad,apple,Apple,J518AP,"iPad13,6","iPad Pro (11 英寸, 第 3 代)","(无线局域网 + 蜂窝网络, 8GB RAM) (eSIM)",apple_all
A2301,pad,apple,Apple,J518AP,"iPad13,6","iPad Pro (11 英寸, 第 3 代)","(无线局域网 + 蜂窝网络, 8GB RAM) (eSIM, 毫米波)",apple_all
A2460,pad,apple,Apple,J518AP,"iPad13,6","iPad Pro (11 英寸, 第 3 代)","(无线局域网 + 蜂窝网络, 8GB RAM) (中国大陆)",apple_all
A2459,pad,apple,Apple,J518xAP,"iPad13,7","iPad Pro (11 英寸, 第 3 代)","(无线局域网 + 蜂窝网络, 16GB RAM) (eSIM)",apple_all
A2301,pad,apple,Apple,J518xAP,"iPad13,7","iPad Pro (11 英寸, 第 3 代)","(无线局域网 + 蜂窝网络, 16GB RAM) (eSIM, 毫米波)",apple_all
A2460,pad,apple,Apple,J518xAP,"iPad13,7","iPad Pro (11 英寸, 第 3 代)","(无线局域网 + 蜂窝网络, 16GB RAM) (中国大陆)",apple_all
A2378,pad,apple,Apple,J522AP,"iPad13,8","iPad Pro (12.9 英寸, 第 5 代)","无线局域网, 8GB RAM",apple_all
A2378,pad,apple,Apple,J522xAP,"iPad13,9","iPad Pro (12.9 英寸, 第 5 代)","无线局域网, 16GB RAM",apple_all
A2461,pad,apple,Apple,J523AP,"iPad13,10","iPad Pro (12.9 英寸, 第 5 代)","(无线局域网 + 蜂窝网络, 8GB RAM) (eSIM)",apple_all
A2379,pad,apple,Apple,J523AP,"iPad13,10","iPad Pro (12.9 英寸, 第 5 代)","(无线局域网 + 蜂窝网络, 8GB RAM) (eSIM, 毫米波)",apple_all
A2462,pad,apple,Apple,J523AP,"iPad13,10","iPad Pro (12.9 英寸, 第 5 代)","(无线局域网 + 蜂窝网络, 8GB RAM) (中国大陆)",apple_all
A2461,pad,apple,Apple,J523xAP,"iPad13,11","iPad Pro (12.9 英寸, 第 5 代)","(无线局域网 + 蜂窝网络, 16GB RAM) (eSIM)",apple_all
A2379,pad,apple,Apple,J523xAP,"iPad13,11","iPad Pro (12.9 英寸, 第 5 代)","(无线局域网 + 蜂窝网络, 16GB RAM) (eSIM, 毫米波)",apple_all
A2462,pad,apple,Apple,J523xAP,"iPad13,11","iPad Pro (12.9 英寸, 第 5 代)","(无线局域网 + 蜂窝网络, 16GB RAM) (中国大陆)",apple_all
A2759,pad,apple,Apple,J617AP,"iPad14,3","iPad Pro (11 英寸, 第 4 代)",无线局域网,apple_all
A2761,pad,apple,Apple,J618AP,"iPad14,4","iPad Pro (11 英寸, 第 4 代)",(无线局域网 + 蜂窝网络) (eSIM),apple_all
A2435,pad,apple,Apple,J618AP,"iPad14,4","iPad Pro (11 英寸, 第 4 代)","(无线局域网 + 蜂窝网络) (eSIM, 毫米波)",apple_all
A2762,pad,apple,Apple,J618AP,"iPad14,4","iPad Pro (11 英寸, 第 4 代)",(无线局域网 + 蜂窝网络) (中国大陆),apple_all
A2436,pad,apple,Apple,J620AP,"iPad14,5","iPad Pro (12.9 英寸, 第 6 代)",无线局域网,apple_all
A2437,pad,apple,Apple,J621AP,"iPad14,6","iPad Pro (12.9 英寸, 第 6 代)",(无线局域网 + 蜂窝网络) (eSIM),apple_all
A2764,pad,apple,Apple,J621AP,"iPad14,6","iPad Pro (12.9 英寸, 第 6 代)","(无线局域网 + 蜂窝网络) (eSIM, 毫米波)",apple_all
A2766,pad,apple,Apple,J621AP,"iPad14,6","iPad Pro (12.9 英寸, 第 6 代)",(无线局域网 + 蜂窝网络) (中国大陆),apple_all
A2836,pad,apple,Apple,J717AP,"iPad16,3","iPad Pro (11 英寸, M4)",无线局域网,apple_all
A2837,pad,apple,Apple,J718AP,"iPad16,4","iPad Pro (11 英寸, M4)",无线局域网 + 蜂窝网络,apple_all
A3006,pad,apple,Apple,J718AP,"iPad16,4","iPad Pro (11 英寸, M4)",(无线局域网 + 蜂窝网络) (中国大陆),apple_all
A2925,pad,apple,Apple,J720AP,"iPad16,5","iPad Pro (13 英寸, M4)",无线局域网,apple_all
A2926,pad,apple,Apple,J721AP,"iPad16,6","iPad Pro (13 英寸, M4)",无线局域网 + 蜂窝网络,apple_all
A3007,pad,apple,Apple,J721AP,"iPad16,6","iPad Pro (13 英寸, M4)",(无线局域网 + 蜂窝网络) (中国大陆),apple_all
A3357,pad,apple,Apple,J817AP,"iPad17,1","iPad Pro (11 英寸, M5)",无线局域网,apple_all
A3358,pad,apple,Apple,J818AP,"iPad17,2","iPad Pro (11 英寸, M5)",无线局域网 + 蜂窝网络,apple_all
A3359,pad,apple,Apple,J818AP,"iPad17,2","iPad Pro (11 英寸, M5)",(无线局域网 + 蜂窝网络) (中国大陆),apple_all
A3360,pad,apple,Apple,J820AP,"iPad18,1","iPad Pro (13 英寸, M5)",无线局域网,apple_all
A3361,pad,apple,Apple,J821AP,"iPad18,2","iPad Pro (13 英寸, M5)",无线局域网 + 蜂窝网络,apple_all
A3362,pad,apple,Apple,J821AP,"iPad18,2","iPad Pro (13 英寸, M5)",(无线局域网 + 蜂窝网络) (中国大陆),apple_all
A1432,pad,apple,Apple,P105AP,"iPad2,5",iPad mini,无线局域网,apple_all
A1454,pad,apple,Apple,P106AP,"iPad2,6",iPad mini,无线局域网 + 蜂窝网络,apple_all
A1455,pad,apple,Apple,P107AP,"iPad2,7",iPad mini,(无线局域网 + 蜂窝网络) (中国大陆),apple_all
A1489,pad,apple,Apple,J85AP,"iPad4,4",iPad mini 2,无线局域网,apple_all
A1490,pad,apple,Apple,J86AP,"iPad4,5",iPad mini 2,无线局域网 + 蜂窝网络,apple_all
A1491,pad,apple,Apple,J87AP,"iPad4,6",iPad mini 2,(无线局域网 + 蜂窝网络) (TD-LTE),apple_all
A1599,pad,apple,Apple,J85mAP,"iPad4,7",iPad mini 3,无线局域网,apple_all
A1600,pad,apple,Apple,J86mAP,"iPad4,8",iPad mini 3,无线局域网 + 蜂窝网络,apple_all
A1601,pad,apple,Apple,J87mAP,"iPad4,9",iPad mini 3,(无线局域网 + 蜂窝网络) (TD-LTE),apple_all
A1538,pad,apple,Apple,J96AP,"iPad5,1",iPad mini 4,无线局域网,apple_all
A1550,pad,apple,Apple,J97AP,"iPad5,2",iPad mini 4,无线局域网 + 蜂窝网络,apple_all
A2133,pad,apple,Apple,J210AP,"iPad11,1",iPad mini (第 5 代),无线局域网,apple_all
A2124,pad,apple,Apple,J211AP,"iPad11,2",iPad mini (第 5 代),(无线局域网 + 蜂窝网络) (eSIM),apple_all
A2126,pad,apple,Apple,J211AP,"iPad11,2",iPad mini (第 5 代),(无线局域网 + 蜂窝网络) (eSIM),apple_all
A2125,pad,apple,Apple,J211AP,"iPad11,2",iPad mini (第 5 代),(无线局域网 + 蜂窝网络) (中国大陆),apple_all
A2567,pad,apple,Apple,J310AP,"iPad14,1",iPad mini (第 6 代),无线局域网,apple_all
A2568,pad,apple,Apple,J311AP,"iPad14,2",iPad mini (第 6 代),(无线局域网 + 蜂窝网络) (eSIM),apple_all
A2569,pad,apple,Apple,J311AP,"iPad14,2",iPad mini (第 6 代),(无线局域网 + 蜂窝网络) (中国大陆),apple_all
A2993,pad,apple,Apple,J410AP,"iPad16,1",iPad mini (A17 Pro),无线局域网,apple_all
A2995,pad,apple,Apple,J411AP,"iPad16,2",iPad mini (A17 Pro),无线局域网 + 蜂窝网络,apple_all
A2996,pad,apple,Apple,J411AP,"iPad16,2",iPad mini (A17 Pro),(无线局域网 + 蜂窝网络) (中国大陆),apple_all
A1553,watch,apple,Apple,N27aAP,"Watch1,1",Apple Watch (第 1 代),38 毫米表壳,apple_all
A1554,watch,apple,Apple,N28aAP,"Watch1,2",Apple Watch (第 1 代),42 毫米表壳,apple_all
A1802,watch,apple,Apple,N27dAP,"Watch2,6",Apple Watch Series 1,38 毫米表壳,apple_all
A1803,watch,apple,Apple,N28dAP,"Watch2,7",Apple Watch Series 1,42 毫米表壳,apple_all
A1757,watch,apple,Apple,N74AP,"Watch2,3",Apple Watch Series 2,38 毫米表壳,apple_all
A1816,watch,apple,Apple,N74AP,"Watch2,3",Apple Watch Series 2,Edition (38 毫米表壳),apple_all
A1758,watch,apple,Apple,N75AP,"Watch2,4",Apple Watch Series 2,42 毫米表壳,apple_all
A1817,watch,apple,Apple,N75AP,"Watch2,4",Apple Watch Series 2,Edition (42 毫米表壳),apple_all
A1860,watch,apple,Apple,N111sAP,"Watch3,1",Apple Watch Series 3,(GPS + 蜂窝网络) (38 毫米表壳) (北美),apple_all
A1889,watch,apple,Apple,N111sAP,"Watch3,1",Apple Watch Series 3,(GPS + 蜂窝网络) (38 毫米表壳) (欧亚),apple_all
A1890,watch,apple,Apple,N111sAP,"Watch3,1",Apple Watch Series 3,(GPS + 蜂窝网络) (38 毫米表壳) (中国大陆),apple_all
A1861,watch,apple,Apple,N111bAP,"Watch3,2",Apple Watch Series 3,(GPS + 蜂窝网络) (42 毫米表壳) (北美),apple_all
A1891,watch,apple,Apple,N111bAP,"Watch3,2",Apple Watch Series 3,(GPS + 蜂窝网络) (42 毫米表壳) (欧亚),apple_all
A1892,watch,apple,Apple,N111bAP,"Watch3,2",Apple Watch Series 3,(GPS + 蜂窝网络) (42 毫米表壳) (中国大陆),apple_all
A1858,watch,apple,Apple,N121sAP,"Watch3,3",Apple Watch Series 3,(GPS) (38 毫米表壳),apple_all
A1859,watch,apple,Apple,N121bAP,"Watch3,4",Apple Watch Series 3,(GPS) (42 毫米表壳),apple_all
A1977,watch,apple,Apple,N131sAP,"Watch4,1",Apple Watch Series 4,(GPS) (40 毫米表壳),apple_all
A1978,watch,apple,Apple,N131bAP,"Watch4,2",Apple Watch Series 4,(GPS) (44 毫米表壳),apple_all
A1975,watch,apple,Apple,N141sAP,"Watch4,3",Apple Watch Series 4,(GPS + 蜂窝网络) (40 毫米表壳) (北美),apple_all
A2007,watch,apple,Apple,N141sAP,"Watch4,3",Apple Watch Series 4,"(GPS + 蜂窝网络) (40 毫米表壳) (欧亚, 中国大陆)",apple_all
A1976,watch,apple,Apple,N141bAP,"Watch4,4",Apple Watch Series 4,(GPS + 蜂窝网络) (44 毫米表壳) (北美),apple_all
A2008,watch,apple,Apple,N141bAP,"Watch4,4",Apple Watch Series 4,"(GPS + 蜂窝网络) (44 毫米表壳) (欧亚, 中国大陆)",apple_all
A2092,watch,apple,Apple,N144sAP,"Watch5,1",Apple Watch Series 5,(GPS) (40 毫米表壳),apple_all
A2093,watch,apple,Apple,N144bAP,"Watch5,2",Apple Watch Series 5,(GPS) (44 毫米表壳),apple_all
A2094,watch,apple,Apple,N146sAP,"Watch5,3",Apple Watch Series 5,(GPS + 蜂窝网络) (40 毫米表壳) (北美),apple_all
A2156,watch,apple,Apple,N146sAP,"Watch5,3",Apple Watch Series 5,"(GPS + 蜂窝网络) (40 毫米表壳) (欧亚, 中国大陆)",apple_all
A2095,watch,apple,Apple,N146bAP,"Watch5,4",Apple Watch Series 5,(GPS + 蜂窝网络) (44 毫米表壳) (北美),apple_all
A2157,watch,apple,Apple,N146bAP,"Watch5,4",Apple Watch Series 5,"(GPS + 蜂窝网络) (44 毫米表壳) (欧亚, 中国大陆)",apple_all
A2291,watch,apple,Apple,N157sAP,"Watch6,1",Apple Watch Series 6,(GPS) (40 毫米表壳),apple_all
A2292,watch,apple,Apple,N157bAP,"Watch6,2",Apple Watch Series 6,(GPS) (44 毫米表壳),apple_all
A2293,watch,apple,Apple,N158sAP,"Watch6,3",Apple Watch Series 6,(GPS + 蜂窝网络) (40 毫米表壳) (北美),apple_all
A2375,watch,apple,Apple,N158sAP,"Watch6,3",Apple Watch Series 6,"(GPS + 蜂窝网络) (40 毫米表壳) (欧亚, 中国大陆)",apple_all
A2294,watch,apple,Apple,N158bAP,"Watch6,4",Apple Watch Series 6,(GPS + 蜂窝网络) (44 毫米表壳) (北美),apple_all
A2376,watch,apple,Apple,N158bAP,"Watch6,4",Apple Watch Series 6,"(GPS + 蜂窝网络) (44 毫米表壳) (欧亚, 中国大陆)",apple_all
A2473,watch,apple,Apple,N187sAP,"Watch6,6",Apple Watch Series 7,(GPS) (41 毫米表壳),apple_all
A2474,watch,apple,Apple,N187bAP,"Watch6,7",Apple Watch Series 7,(GPS) (45 毫米表壳),apple_all
A2475,watch,apple,Apple,N188sAP,"Watch6,8",Apple Watch Series 7,(GPS + 蜂窝网络) (41 毫米表壳) (北美),apple_all
A2476,watch,apple,Apple,N188sAP,"Watch6,8",Apple Watch Series 7,"(GPS + 蜂窝网络) (41 毫米表壳) (欧亚, 中国大陆)",apple_all
A2477,watch,apple,Apple,N188bAP,"Watch6,9",Apple Watch Series 7,(GPS + 蜂窝网络) (45 毫米表壳) (北美),apple_all
A2478,watch,apple,Apple,N188bAP,"Watch6,9",Apple Watch Series 7,"(GPS + 蜂窝网络) (45 毫米表壳) (欧亚, 中国大陆)",apple_all
A2770,watch,apple,Apple,N197sAP,"Watch6,14",Apple Watch Series 8,(GPS) (41 毫米表壳),apple_all
A2771,watch,apple,Apple,N197bAP,"Watch6,15",Apple Watch Series 8,(GPS) (45 毫米表壳),apple_all
A2772,watch,apple,Apple,N198sAP,"Watch6,16",Apple Watch Series 8,(GPS + 蜂窝网络) (41 毫米表壳) (北美),apple_all
A2857,watch,apple,Apple,N198sAP,"Watch6,16",Apple Watch Series 8,(GPS + 蜂窝网络) (41 毫米表壳) (中国大陆 & 港澳),apple_all
A2773,watch,apple,Apple,N198sAP,"Watch6,16",Apple Watch Series 8,(GPS + 蜂窝网络) (41 毫米表壳) (其他国家和地区),apple_all
A2774,watch,apple,Apple,N198bAP,"Watch6,17",Apple Watch Series 8,(GPS + 蜂窝网络) (45 毫米表壳) (北美),apple_all
A2858,watch,apple,Apple,N198bAP,"Watch6,17",Apple Watch Series 8,(GPS + 蜂窝网络) (45 毫米表壳) (中国大陆 & 港澳),apple_all
A2775,watch,apple,Apple,N198bAP,"Watch6,17",Apple Watch Series 8,(GPS + 蜂窝网络) (45 毫米表壳) (其他国家和地区),apple_all
A2978,watch,apple,Apple,N207sAP,"Watch7,1",Apple Watch Series 9,(GPS) (41 毫米表壳),apple_all
A2980,watch,apple,Apple,N207bAP,"Watch7,2",Apple Watch Series 9,(GPS) (45 毫米表壳),apple_all
A2982,watch,apple,Apple,N208sAP,"Watch7,3",Apple Watch Series 9,(GPS + 蜂窝网络) (41 毫米表壳) (全球),apple_all
A2983,watch,apple,Apple,N208sAP,"Watch7,3",Apple Watch Series 9,(GPS + 蜂窝网络) (41 毫米表壳) (中国大陆 & 港澳),apple_all
A2984,watch,apple,Apple,N208bAP,"Watch7,4",Apple Watch Series 9,(GPS + 蜂窝网络) (45 毫米表壳) (全球),apple_all
A2985,watch,apple,Apple,N208bAP,"Watch7,4",Apple Watch Series 9,(GPS + 蜂窝网络) (45 毫米表壳) (中国大陆 & 港澳),apple_all
A2997,watch,apple,Apple,N217sAP,"Watch7,8",Apple Watch Series 10,(GPS) (42 毫米表壳) (全球),apple_all
A2998,watch,apple,Apple,N217sAP,"Watch7,8",Apple Watch Series 10,"(GPS) (42 毫米表壳) (中国大陆, 印度尼西亚)",apple_all
A2999,watch,apple,Apple,N217bAP,"Watch7,9",Apple Watch Series 10,(GPS) (46 毫米表壳) (全球),apple_all
A3000,watch,apple,Apple,N217bAP,"Watch7,9",Apple Watch Series 10,"(GPS) (46 毫米表壳) (中国大陆, 印度尼西亚)",apple_all
A3001,watch,apple,Apple,N218sAP,"Watch7,10",Apple Watch Series 10,(GPS + 蜂窝网络) (42 毫米表壳) (全球),apple_all
A3002,watch,apple,Apple,N218sAP,"Watch7,10",Apple Watch Series 10,(GPS + 蜂窝网络) (42 毫米表壳) (中国大陆),apple_all
A3003,watch,apple,Apple,N218bAP,"Watch7,11",Apple Watch Series 10,(GPS + 蜂窝网络) (46 毫米表壳) (全球),apple_all
A3206,watch,apple,Apple,N218bAP,"Watch7,11",Apple Watch Series 10,(GPS + 蜂窝网络) (46 毫米表壳) (中国大陆),apple_all
A3331,watch,apple,Apple,N227sAP,"Watch7,17",Apple Watch Series 11,(GPS) (42 毫米表壳) (全球),apple_all
A3450,watch,apple,Apple,N227sAP,"Watch7,17",Apple Watch Series 11,(GPS) (42 毫米表壳) (中国大陆),apple_all
A3333,watch,apple,Apple,N227bAP,"Watch7,18",Apple Watch Series 11,(GPS) (46 毫米表壳) (全球),apple_all
A3451,watch,apple,Apple,N227bAP,"Watch7,18",Apple Watch Series 11,(GPS) (46 毫米表壳) (中国大陆),apple_all
A3335,watch,apple,Apple,N228sAP,"Watch7,19",Apple Watch Series 11,(GPS + 蜂窝网络) (42 毫米表壳) (全球),apple_all
A3452,watch,apple,Apple,N228sAP,"Watch7,19",Apple Watch Series 11,(GPS + 蜂窝网络) (42 毫米表壳) (中国大陆),apple_all
A3337,watch,apple,Apple,N228bAP,"Watch7,20",Apple Watch Series 11,(GPS + 蜂窝网络) (46 毫米表壳) (全球),apple_all
A3453,watch,apple,Apple,N228bAP,"Watch7,20",Apple Watch Series 11,(GPS + 蜂窝网络) (46 毫米表壳) (中国大陆),apple_all
A2351,watch,apple,Apple,N140sAP,"Watch5,9",Apple Watch SE,(GPS) (40 毫米表壳),apple_all
A2352,watch,apple,Apple,N140bAP,"Watch5,10",Apple Watch SE,(GPS) (44 毫米表壳),apple_all
A2353,watch,apple,Apple,N142sAP,"Watch5,11",Apple Watch SE,(GPS + 蜂窝网络) (40 毫米表壳) (北美),apple_all
A2355,watch,apple,Apple,N142sAP,"Watch5,11",Apple Watch SE,"(GPS + 蜂窝网络) (40 毫米表壳) (欧亚, 中国大陆)",apple_all
A2354,watch,apple,Apple,N142bAP,"Watch5,12",Apple Watch SE,(GPS + 蜂窝网络) (44 毫米表壳) (北美),apple_all
A2356,watch,apple,Apple,N142bAP,"Watch5,12",Apple Watch SE,"(GPS + 蜂窝网络) (44 毫米表壳) (欧亚, 中国大陆)",apple_all
A2722,watch,apple,Apple,N143sAP,"Watch6,10",Apple Watch SE 2,(GPS) (40 毫米表壳),apple_all
A2723,watch,apple,Apple,N143bAP,"Watch6,11",Apple Watch SE 2,(GPS) (44 毫米表壳),apple_all
A2726,watch,apple,Apple,N149sAP,"Watch6,12",Apple Watch SE 2,(GPS + 蜂窝网络) (40 毫米表壳) (北美),apple_all
A2855,watch,apple,Apple,N149sAP,"Watch6,12",Apple Watch SE 2,(GPS + 蜂窝网络) (40 毫米表壳) (中国大陆 & 港澳),apple_all
A2725,watch,apple,Apple,N149sAP,"Watch6,12",Apple Watch SE 2,(GPS + 蜂窝网络) (40 毫米表壳) (其他国家和地区),apple_all
A2727,watch,apple,Apple,N149bAP,"Watch6,13",Apple Watch SE 2,(GPS + 蜂窝网络) (44 毫米表壳) (北美),apple_all
A2856,watch,apple,Apple,N149bAP,"Watch6,13",Apple Watch SE 2,(GPS + 蜂窝网络) (44 毫米表壳) (中国大陆 & 港澳),apple_all
A2724,watch,apple,Apple,N149bAP,"Watch6,13",Apple Watch SE 2,(GPS + 蜂窝网络) (44 毫米表壳) (其他国家和地区),apple_all
A3324,watch,apple,Apple,N243sAP,"Watch7,13",Apple Watch SE 3,(GPS) (40 毫米表壳) (全球),apple_all
A3391,watch,apple,Apple,N243sAP,"Watch7,13",Apple Watch SE 3,(GPS) (40 毫米表壳) (中国大陆),apple_all
A3325,watch,apple,Apple,N243bAP,"Watch7,14",Apple Watch SE 3,(GPS) (44 毫米表壳) (全球),apple_all
A3392,watch,apple,Apple,N243bAP,"Watch7,14",Apple Watch SE 3,(GPS) (44 毫米表壳) (中国大陆),apple_all
A3326,watch,apple,Apple,N244sAP,"Watch7,15",Apple Watch SE 3,(GPS + 蜂窝网络) (40 毫米表壳) (全球),apple_all
A3327,watch,apple,Apple,N244sAP,"Watch7,15",Apple Watch SE 3,(GPS + 蜂窝网络) (44 毫米表壳) (中国大陆),apple_all
A3328,watch,apple,Apple,N244bAP,"Watch7,16",Apple Watch SE 3,(GPS + 蜂窝网络) (44 毫米表壳) (全球),apple_all
A3329,watch,apple,Apple,N244bAP,"Watch7,16",Apple Watch SE 3,(GPS + 蜂窝网络) (44 毫米表壳) (中国大陆),apple_all
A2622,watch,apple,Apple,N199AP,"Watch6,18",Apple Watch Ultra,北美,apple_all
A2859,watch,apple,Apple,N199AP,"Watch6,18",Apple Watch Ultra,中国大陆 & 港澳,apple_all
A2684,watch,apple,Apple,N199AP,"Watch6,18",Apple Watch Ultra,其他国家和地区,apple_all
A2986,watch,apple,Apple,N210AP,"Watch7,5",Apple Watch Ultra 2,全球,apple_all
A2987,watch,apple,Apple,N210AP,"Watch7,5",Apple Watch Ultra 2,中国大陆 & 港澳,apple_all
A3281,watch,apple,Apple,N230AP,"Watch7,12",Apple Watch Ultra 3,全球,apple_all
A3282,watch,apple,Apple,N230AP,"Watch7,12",Apple Watch Ultra 3,中国大陆,apple_all
A1218,tv_hub,apple,Apple,Mac-F4228DC8,"AppleTV1,1",Apple TV (第 1 代),,apple_all
A1378,tv_hub,apple,Apple,K66AP,"AppleTV2,1",Apple TV (第 2 代),,apple_all
A1427,tv_hub,apple,Apple,J33AP,"AppleTV3,1",Apple TV (第 3 代),,apple_all
A1469,tv_hub,apple,Apple,J33IAP,"AppleTV3,2",Apple TV (第 3 代),Rev A,apple_all
A1625,tv_hub,apple,Apple,J42dAP,"AppleTV5,3",Apple TV HD,,apple_all
A1842,tv_hub,apple,Apple,J105aAP,"AppleTV6,2",Apple TV 4K,,apple_all
A2169,tv_hub,apple,Apple,J305AP,"AppleTV11,1",Apple TV 4K (第 2 代),,apple_all
A2737,tv_hub,apple,Apple,J255AP,"AppleTV14,1",Apple TV 4K (第 3 代),无线局域网,apple_all
A2843,tv_hub,apple,Apple,J255AP,"AppleTV14,1",Apple TV 4K (第 3 代),无线局域网 + 以太网,apple_all
A2117,glass,apple,Apple,N301AP,"RealityDevice14,1",Apple Vision Pro,,apple_all
A3416,glass,apple,Apple,N301aAP,"RealityDevice17,1,1",Apple Vision Pro (M5),,apple_all
A1213,pod,apple,Apple,N45AP,"iPod1,1",iPod touch,,apple_all
A1288,pod,apple,Apple,N72AP,"iPod2,1",iPod touch (第 2 代),,apple_all
A1319,pod,apple,Apple,N72AP,"iPod2,1",iPod touch (第 2 代),中国大陆,apple_all
A1318,pod,apple,Apple,N18AP,"iPod3,1",iPod touch (第 3 代),,apple_all
A1367,pod,apple,Apple,N81AP,"iPod4,1",iPod touch (第 4 代),,apple_all
A1421,pod,apple,Apple,N78AP,"iPod5,1",iPod touch (第 5 代),,apple_all
A1509,pod,apple,Apple,N78AP,"iPod5,1",iPod touch (第 5 代),16GB,apple_all
A1574,pod,apple,Apple,N102AP,"iPod7,1",iPod touch (第 6 代),,apple_all
A2178,pod,apple,Apple,N112AP,"iPod9,1",iPod touch (第 7 代),,apple_all
A1203,mob,apple,Apple,M68AP,"iPhone1,1",iPhone,,apple_all_en
A1241,mob,apple,Apple,N82AP,"iPhone1,2",iPhone 3G,,apple_all_en
A1324,mob,apple,Apple,N82AP,"iPhone1,2",iPhone 3G,China mainland,apple_all_en
A1303,mob,apple,Apple,N88AP,"iPhone2,1",iPhone 3GS,,apple_all_en
A1325,mob,apple,Apple,N88AP,"iPhone2,1",iPhone 3GS,China mainland,apple_all_en
A1332,mob,apple,Apple,N90AP,"iPhone3,1",iPhone 4,GSM,apple_all_en
A1332,mob,apple,Apple,N90BAP,"iPhone3,2",iPhone 4,"GSM, 2011",apple_all_en
A1349,mob,apple,Apple,N92AP,"iPhone3,3",iPhone 4,CDMA,apple_all_en
A1431,mob,apple,Apple,N94AP,"iPhone4,1",iPhone 4S,GSM,apple_all_en
A1387,mob,apple,Apple,N94AP,"iPhone4,1",iPhone 4S,CDMA,apple_all_en
A1428,mob,apple,Apple,N41AP,"iPhone5,1",iPhone 5,GSM,apple_all_en
A1429,mob,apple,Apple,N42AP,"iPhone5,2",iPhone 5,GSM,apple_all_en
A1442,mob,apple,Apple,N42AP,"iPhone5,2",iPhone 5,CDMA,apple_all_en
A1453,mob,apple,Apple,N51AP,"iPhone6,1",iPhone 5s,CDMA,apple_all_en
A1533,mob,apple,Apple,N51AP,"iPhone6,1",iPhone 5s,CDMA,apple_all_en
A1457,mob,apple,Apple,N53AP,"iPhone6,2",iPhone 5s,GSM,apple_all_en
A1528,mob,apple,Apple,N53AP,"iPhone6,2",iPhone 5s,GSM,apple_all_en
A1530,mob,apple,Apple,N53AP,"iPhone6,2",iPhone 5s,GSM,apple_all_en
A1518,mob,apple,Apple,N53AP,"iPhone6,2",iPhone 5s,China Mobile,apple_all_en
A1456,mob,apple,Apple,N48AP,"iPhone5,3",iPhone 5c,CDMA,apple_all_en
A1532,mob,apple,Apple,N48AP,"iPhone5,3",iPhone 5c,CDMA,apple_all_en
A1507,mob,apple,Apple,N49AP,"iPhone5,4",iPhone 5c,GSM,apple_all_en
A1526,mob,apple,Apple,N49AP,"iPhone5,4",iPhone 5c,GSM,apple_all_en
A1529,mob,apple,Apple,N49AP,"iPhone5,4",iPhone 5c,GSM,apple_all_en
A1516,mob,apple,Apple,N49AP,"iPhone5,4",iPhone 5c,China Mobile,apple_all_en
A1549,mob,apple,Apple,N61AP,"iPhone7,2",iPhone 6,,apple_all_en
A1586,mob,apple,Apple,N61AP,"iPhone7,2",iPhone 6,,apple_all_en
A1589,mob,apple,Apple,N61AP,"iPhone7,2",iPhone 6,China Mobile,apple_all_en
A1522,mob,apple,Apple,N56AP,"iPhone7,1",iPhone 6 Plus,,apple_all_en
A1524,mob,apple,Apple,N56AP,"iPhone7,1",iPhone 6 Plus,,apple_all_en
A1593,mob,apple,Apple,N56AP,"iPhone7,1",iPhone 6 Plus,China Mobile,apple_all_en
A1633,mob,apple,Apple,N71AP,"iPhone8,1",iPhone 6s,,apple_all_en
A1688,mob,apple,Apple,N71AP,"iPhone8,1",iPhone 6s,,apple_all_en
A1700,mob,apple,Apple,N71AP,"iPhone8,1",iPhone 6s,China mainland,apple_all_en
A1691,mob,apple,Apple,N71AP,"iPhone8,1",iPhone 6s,China Mobile,apple_all_en
A1634,mob,apple,Apple,N66AP,"iPhone8,2",iPhone 6s Plus,,apple_all_en
A1687,mob,apple,Apple,N66AP,"iPhone8,2",iPhone 6s Plus,,apple_all_en
A1699,mob,apple,Apple,N66AP,"iPhone8,2",iPhone 6s Plus,China mainland,apple_all_en
A1690,mob,apple,Apple,N66AP,"iPhone8,2",iPhone 6s Plus,China Mobile,apple_all_en
A1662,mob,apple,Apple,N69AP,"iPhone8,4",iPhone SE,,apple_all_en
A1723,mob,apple,Apple,N69AP,"iPhone8,4",iPhone SE,,apple_all_en
A1724,mob,apple,Apple,N69AP,"iPhone8,4",iPhone SE,China Mobile,apple_all_en
A1660,mob,apple,Apple,D10AP,"iPhone9,1",iPhone 7,,apple_all_en
A1779,mob,apple,Apple,D10AP,"iPhone9,1",iPhone 7,Japan,apple_all_en
A1780,mob,apple,Apple,D10AP,"iPhone9,1",iPhone 7,China Mobile,apple_all_en
A1778,mob,apple,Apple,D101AP,"iPhone9,3",iPhone 7,GSM,apple_all_en
A1661,mob,apple,Apple,D11AP,"iPhone9,2",iPhone 7 Plus,,apple_all_en
A1785,mob,apple,Apple,D11AP,"iPhone9,2",iPhone 7 Plus,Japan,apple_all_en
A1786,mob,apple,Apple,D11AP,"iPhone9,2",iPhone 7 Plus,China Mobile,apple_all_en
A1784,mob,apple,Apple,D111AP,"iPhone9,4",iPhone 7 Plus,GSM,apple_all_en
A1863,mob,apple,Apple,D20AP,"iPhone10,1",iPhone 8,,apple_all_en
A1906,mob,apple,Apple,D20AP,"iPhone10,1",iPhone 8,Japan,apple_all_en
A1907,mob,apple,Apple,D20AP,"iPhone10,1",iPhone 8,China Mobile,apple_all_en
A1905,mob,apple,Apple,D201AP,"iPhone10,4",iPhone 8,GSM,apple_all_en
A1864,mob,apple,Apple,D21AP,"iPhone10,2",iPhone 8 Plus,,apple_all_en
A1898,mob,apple,Apple,D21AP,"iPhone10,2",iPhone 8 Plus,Japan,apple_all_en
A1899,mob,apple,Apple,D21AP,"iPhone10,2",iPhone 8 Plus,China Mobile,apple_all_en
A1897,mob,apple,Apple,D211AP,"iPhone10,5",iPhone 8 Plus,GSM,apple_all_en
A1865,mob,apple,Apple,D22AP,"iPhone10,3",iPhone X,,apple_all_en
A1903,mob,apple,Apple,D22AP,"iPhone10,3",iPhone X,China Mobile,apple_all_en
A1902,mob,apple,Apple,D22AP,"iPhone10,3",iPhone X,Japan,apple_all_en
A1901,mob,apple,Apple,D221AP,"iPhone10,6",iPhone X,GSM,apple_all_en
A1920,mob,apple,Apple,D321AP,"iPhone11,2",iPhone XS,North America,apple_all_en
A2097,mob,apple,Apple,D321AP,"iPhone11,2",iPhone XS,GSM,apple_all_en
A2098,mob,apple,Apple,D321AP,"iPhone11,2",iPhone XS,Japan,apple_all_en
A2100,mob,apple,Apple,D321AP,"iPhone11,2",iPhone XS,China mainland,apple_all_en
A2099,mob,apple,Apple,D321AP,"iPhone11,2",iPhone XS,China Mobile,apple_all_en
A1921,mob,apple,Apple,D331pAP,"iPhone11,6",iPhone XS Max,North America,apple_all_en
A2101,mob,apple,Apple,D331pAP,"iPhone11,6",iPhone XS Max,GSM,apple_all_en
A2102,mob,apple,Apple,D331pAP,"iPhone11,6",iPhone XS Max,Japan,apple_all_en
A2104,mob,apple,Apple,D331pAP,"iPhone11,6",iPhone XS Max,"China mainland, Hong Kong, Macao",apple_all_en
A2103,mob,apple,Apple,D331AP,"iPhone11,4",iPhone XS Max,China Mobile,apple_all_en
A1984,mob,apple,Apple,N841AP,"iPhone11,8",iPhone XR,North America,apple_all_en
A2105,mob,apple,Apple,N841AP,"iPhone11,8",iPhone XR,GSM,apple_all_en
A2106,mob,apple,Apple,N841AP,"iPhone11,8",iPhone XR,Japan,apple_all_en
A2108,mob,apple,Apple,N841AP,"iPhone11,8",iPhone XR,"China mainland, Hong Kong, Macao",apple_all_en
A2107,mob,apple,Apple,N841AP,"iPhone11,8",iPhone XR,China Mobile,apple_all_en
A2111,mob,apple,Apple,N104AP,"iPhone12,1",iPhone 11,North America,apple_all_en
A2223,mob,apple,Apple,N104AP,"iPhone12,1",iPhone 11,"China mainland, Hong Kong, Macao",apple_all_en
A2221,mob,apple,Apple,N104AP,"iPhone12,1",iPhone 11,Rest of the world,apple_all_en
A2160,mob,apple,Apple,D421AP,"iPhone12,3",iPhone 11 Pro,North America,apple_all_en
A2217,mob,apple,Apple,D421AP,"iPhone12,3",iPhone 11 Pro,"China mainland, Hong Kong, Macao",apple_all_en
A2215,mob,apple,Apple,D421AP,"iPhone12,3",iPhone 11 Pro,Rest of the world,apple_all_en
A2161,mob,apple,Apple,D431AP,"iPhone12,5",iPhone 11 Pro Max,North America,apple_all_en
A2220,mob,apple,Apple,D431AP,"iPhone12,5",iPhone 11 Pro Max,"China mainland, Hong Kong, Macao",apple_all_en
A2218,mob,apple,Apple,D431AP,"iPhone12,5",iPhone 11 Pro Max,Rest of the world,apple_all_en
A2275,mob,apple,Apple,D79AP,"iPhone12,8",iPhone SE (2nd generation),North America,apple_all_en
A2298,mob,apple,Apple,D79AP,"iPhone12,8",iPhone SE (2nd generation),China mainland,apple_all_en
A2296,mob,apple,Apple,D79AP,"iPhone12,8",iPhone SE (2nd generation),Rest of the world,apple_all_en
A2176,mob,apple,Apple,D52gAP,"iPhone13,1",iPhone 12 mini,United States,apple_all_en
A2398,mob,apple,Apple,D52gAP,"iPhone13,1",iPhone 12 mini,"Canada, Japan",apple_all_en
A2400,mob,apple,Apple,D52gAP,"iPhone13,1",iPhone 12 mini,China mainland,apple_all_en
A2399,mob,apple,Apple,D52gAP,"iPhone13,1",iPhone 12 mini,Rest of the world,apple_all_en
A2172,mob,apple,Apple,D53gAP,"iPhone13,2",iPhone 12,United States,apple_all_en
A2402,mob,apple,Apple,D53gAP,"iPhone13,2",iPhone 12,"Canada, Japan",apple_all_en
A2404,mob,apple,Apple,D53gAP,"iPhone13,2",iPhone 12,"China mainland, Hong Kong, Macao",apple_all_en
A2403,mob,apple,Apple,D53gAP,"iPhone13,2",iPhone 12,Rest of the world,apple_all_en
A2341,mob,apple,Apple,D53pAP,"iPhone13,3",iPhone 12 Pro,United States,apple_all_en
A2406,mob,apple,Apple,D53pAP,"iPhone13,3",iPhone 12 Pro,"Canada, Japan",apple_all_en
A2408,mob,apple,Apple,D53pAP,"iPhone13,3",iPhone 12 Pro,"China mainland, Hong Kong, Macao",apple_all_en
A2407,mob,apple,Apple,D53pAP,"iPhone13,3",iPhone 12 Pro,Rest of the world,apple_all_en
A2342,mob,apple,Apple,D54pAP,"iPhone13,4",iPhone 12 Pro Max,United States,apple_all_en
A2410,mob,apple,Apple,D54pAP,"iPhone13,4",iPhone 12 Pro Max,"Canada, Japan",apple_all_en
A2412,mob,apple,Apple,D54pAP,"iPhone13,4",iPhone 12 Pro Max,"China mainland, Hong Kong, Macao",apple_all_en
A2411,mob,apple,Apple,D54pAP,"iPhone13,4",iPhone 12 Pro Max,Rest of the world,apple_all_en
A2481,mob,apple,Apple,D16AP,"iPhone14,4",iPhone 13 mini,United States,apple_all_en
A2626,mob,apple,Apple,D16AP,"iPhone14,4",iPhone 13 mini,"Canada, Japan, Mexico, Saudi Arabia",apple_all_en
A2629,mob,apple,Apple,D16AP,"iPhone14,4",iPhone 13 mini,China mainland,apple_all_en
A2630,mob,apple,Apple,D16AP,"iPhone14,4",iPhone 13 mini,"Armenia, Belarus, Kazakhstan, Kyrgyzstan, Russia",apple_all_en
A2628,mob,apple,Apple,D16AP,"iPhone14,4",iPhone 13 mini,Rest of the world,apple_all_en
A2482,mob,apple,Apple,D17AP,"iPhone14,5",iPhone 13,United States,apple_all_en
A2631,mob,apple,Apple,D17AP,"iPhone14,5",iPhone 13,"Canada, Japan, Mexico, Saudi Arabia",apple_all_en
A2634,mob,apple,Apple,D17AP,"iPhone14,5",iPhone 13,"China mainland, Hong Kong, Macao",apple_all_en
A2635,mob,apple,Apple,D17AP,"iPhone14,5",iPhone 13,"Armenia, Belarus, Kazakhstan, Kyrgyzstan, Russia",apple_all_en
A2633,mob,apple,Apple,D17AP,"iPhone14,5",iPhone 13,Rest of the world,apple_all_en
A2483,mob,apple,Apple,D63AP,"iPhone14,2",iPhone 13 Pro,United States,apple_all_en
A2636,mob,apple,Apple,D63AP,"iPhone14,2",iPhone 13 Pro,"Canada, Japan, Mexico, Saudi Arabia",apple_all_en
A2639,mob,apple,Apple,D63AP,"iPhone14,2",iPhone 13 Pro,"China mainland, Hong Kong, Macao",apple_all_en
A2640,mob,apple,Apple,D63AP,"iPhone14,2",iPhone 13 Pro,"Armenia, Belarus, Kazakhstan, Kyrgyzstan, Russia",apple_all_en
A2638,mob,apple,Apple,D63AP,"iPhone14,2",iPhone 13 Pro,Rest of the world,apple_all_en
A2484,mob,apple,Apple,D64AP,"iPhone14,3",iPhone 13 Pro Max,United States,apple_all_en
A2641,mob,apple,Apple,D64AP,"iPhone14,3",iPhone 13 Pro Max,"Canada, Japan, Mexico, Saudi Arabia",apple_all_en
A2644,mob,apple,Apple,D64AP,"iPhone14,3",iPhone 13 Pro Max,"China mainland, Hong Kong, Macao",apple_all_en
A2645,mob,apple,Apple,D64AP,"iPhone14,3",iPhone 13 Pro Max,"Armenia, Belarus, Kazakhstan, Kyrgyzstan, Russia",apple_all_en
A2643,mob,apple,Apple,D64AP,"iPhone14,3",iPhone 13 Pro Max,Rest of the world,apple_all_en
A2595,mob,apple,Apple,D49AP,"iPhone14,6",iPhone SE (3rd generation),North America,apple_all_en
A2782,mob,apple,Apple,D49AP,"iPhone14,6",iPhone SE (3rd generation),Japan,apple_all_en
A2784,mob,apple,Apple,D49AP,"iPhone14,6",iPhone SE (3rd generation),"Armenia, Belarus, Kazakhstan, Kyrgyzstan, Russia",apple_all_en
A2785,mob,apple,Apple,D49AP,"iPhone14,6",iPhone SE (3rd generation),China mainland,apple_all_en
A2783,mob,apple,Apple,D49AP,"iPhone14,6",iPhone SE (3rd generation),Rest of the world,apple_all_en
A2649,mob,apple,Apple,D27AP,"iPhone14,7",iPhone 14,United States,apple_all_en
A2881,mob,apple,Apple,D27AP,"iPhone14,7",iPhone 14,"Canada, Japan, Mexico, Saudi Arabia",apple_all_en
A2883,mob,apple,Apple,D27AP,"iPhone14,7",iPhone 14,"Armenia, Belarus, Kazakhstan, Kyrgyzstan, Russia",apple_all_en
A2884,mob,apple,Apple,D27AP,"iPhone14,7",iPhone 14,"China mainland, Hong Kong, Macao",apple_all_en
A2882,mob,apple,Apple,D27AP,"iPhone14,7",iPhone 14,Rest of the world,apple_all_en
A2632,mob,apple,Apple,D28AP,"iPhone14,8",iPhone 14 Plus,United States,apple_all_en
A2885,mob,apple,Apple,D28AP,"iPhone14,8",iPhone 14 Plus,"Canada, Japan, Mexico, Saudi Arabia",apple_all_en
A2887,mob,apple,Apple,D28AP,"iPhone14,8",iPhone 14 Plus,"Armenia, Belarus, Kazakhstan, Kyrgyzstan, Russia",apple_all_en
A2888,mob,apple,Apple,D28AP,"iPhone14,8",iPhone 14 Plus,"China mainland, Hong Kong, Macao",apple_all_en
A2886,mob,apple,Apple,D28AP,"iPhone14,8",iPhone 14 Plus,Rest of the world,apple_all_en
A2650,mob,apple,Apple,D73AP,"iPhone15,2",iPhone 14 Pro,United States,apple_all_en
A2889,mob,apple,Apple,D73AP,"iPhone15,2",iPhone 14 Pro,"Canada, Japan, Mexico, Saudi Arabia",apple_all_en
A2891,mob,apple,Apple,D73AP,"iPhone15,2",iPhone 14 Pro,"Armenia, Belarus, Kazakhstan, Kyrgyzstan, Russia",apple_all_en
A2892,mob,apple,Apple,D73AP,"iPhone15,2",iPhone 14 Pro,"China mainland, Hong Kong, Macao",apple_all_en
A2890,mob,apple,Apple,D73AP,"iPhone15,2",iPhone 14 Pro,Rest of the world,apple_all_en
A2651,mob,apple,Apple,D74AP,"iPhone15,3",iPhone 14 Pro Max,United States,apple_all_en
A2893,mob,apple,Apple,D74AP,"iPhone15,3",iPhone 14 Pro Max,"Canada, Japan, Mexico, Saudi Arabia",apple_all_en
A2895,mob,apple,Apple,D74AP,"iPhone15,3",iPhone 14 Pro Max,"Armenia, Belarus, Kazakhstan, Kyrgyzstan, Russia",apple_all_en
A2896,mob,apple,Apple,D74AP,"iPhone15,3",iPhone 14 Pro Max,"China mainland, Hong Kong, Macao",apple_all_en
A2894,mob,apple,Apple,D74AP,"iPhone15,3",iPhone 14 Pro Max,Rest of the world,apple_all_en
A2846,mob,apple,Apple,D37AP,"iPhone15,4",iPhone 15,United States,apple_all_en
A3089,mob,apple,Apple,D37AP,"iPhone15,4",iPhone 15,"Canada, Japan, Mexico, Saudi Arabia",apple_all_en
A3092,mob,apple,Apple,D37AP,"iPhone15,4",iPhone 15,"China mainland, Hong Kong, Macao",apple_all_en
A3090,mob,apple,Apple,D37AP,"iPhone15,4",iPhone 15,Rest of the world,apple_all_en
A2847,mob,apple,Apple,D38AP,"iPhone15,5",iPhone 15 Plus,United States,apple_all_en
A3093,mob,apple,Apple,D38AP,"iPhone15,5",iPhone 15 Plus,"Canada, Japan, Mexico, Saudi Arabia",apple_all_en
A3096,mob,apple,Apple,D38AP,"iPhone15,5",iPhone 15 Plus,"China mainland, Hong Kong, Macao",apple_all_en
A3094,mob,apple,Apple,D38AP,"iPhone15,5",iPhone 15 Plus,Rest of the world,apple_all_en
A2848,mob,apple,Apple,D83AP,"iPhone16,1",iPhone 15 Pro,United States,apple_all_en
A3101,mob,apple,Apple,D83AP,"iPhone16,1",iPhone 15 Pro,"Canada, Japan, Mexico, Saudi Arabia",apple_all_en
A3104,mob,apple,Apple,D83AP,"iPhone16,1",iPhone 15 Pro,"China mainland, Hong Kong, Macao",apple_all_en
A3102,mob,apple,Apple,D83AP,"iPhone16,1",iPhone 15 Pro,Rest of the world,apple_all_en
A2849,mob,apple,Apple,D84AP,"iPhone16,2",iPhone 15 Pro Max,United States,apple_all_en
A3105,mob,apple,Apple,D84AP,"iPhone16,2",iPhone 15 Pro Max,"Canada, Japan, Mexico, Saudi Arabia",apple_all_en
A3108,mob,apple,Apple,D84AP,"iPhone16,2",iPhone 15 Pro Max,"China mainland, Hong Kong, Macao",apple_all_en
A3106,mob,apple,Apple,D84AP,"iPhone16,2",iPhone 15 Pro Max,Rest of the world,apple_all_en
A3081,mob,apple,Apple,D47AP,"iPhone17,3",iPhone 16,United States,apple_all_en
A3286,mob,apple,Apple,D47AP,"iPhone17,3",iPhone 16,"Bahrain, Canada, Iraq, Guam, Japan, Jordan, Kuwait, Mexico, Oman, Qatar, Saudi Arabia, United Arab Emirates, U.S. Virgin Islands",apple_all_en
A3288,mob,apple,Apple,D47AP,"iPhone17,3",iPhone 16,"China mainland, Hong Kong, Macao",apple_all_en
A3287,mob,apple,Apple,D47AP,"iPhone17,3",iPhone 16,Rest of the world,apple_all_en
A3082,mob,apple,Apple,D48AP,"iPhone17,4",iPhone 16 Plus,United States,apple_all_en
A3289,mob,apple,Apple,D48AP,"iPhone17,4",iPhone 16 Plus,"Bahrain, Canada, Iraq, Guam, Japan, Jordan, Kuwait, Mexico, Oman, Qatar, Saudi Arabia, United Arab Emirates, U.S. Virgin Islands",apple_all_en
A3291,mob,apple,Apple,D48AP,"iPhone17,4",iPhone 16 Plus,"China mainland, Hong Kong, Macao",apple_all_en
A3290,mob,apple,Apple,D48AP,"iPhone17,4",iPhone 16 Plus,Rest of the world,apple_all_en
A3083,mob,apple,Apple,D93AP,"iPhone17,1",iPhone 16 Pro,United States,apple_all_en
A3292,mob,apple,Apple,D93AP,"iPhone17,1",iPhone 16 Pro,"Bahrain, Canada, Iraq, Guam, Japan, Jordan, Kuwait, Mexico, Oman, Qatar, Saudi Arabia, United Arab Emirates, U.S. Virgin Islands",apple_all_en
A3294,mob,apple,Apple,D93AP,"iPhone17,1",iPhone 16 Pro,"China mainland, Hong Kong, Macao",apple_all_en
A3293,mob,apple,Apple,D93AP,"iPhone17,1",iPhone 16 Pro,Rest of the world,apple_all_en
A3084,mob,apple,Apple,D94AP,"iPhone17,2",iPhone 16 Pro Max,United States,apple_all_en
A3295,mob,apple,Apple,D94AP,"iPhone17,2",iPhone 16 Pro Max,"Bahrain, Canada, Iraq, Guam, Japan, Jordan, Kuwait, Mexico, Oman, Qatar, Saudi Arabia, United Arab Emirates, U.S. Virgin Islands",apple_all_en
A3297,mob,apple,Apple,D94AP,"iPhone17,2",iPhone 16 Pro Max,"China mainland, Hong Kong, Macao",apple_all_en
A3296,mob,apple,Apple,D94AP,"iPhone17,2",iPhone 16 Pro Max,Rest of the world,apple_all_en
A3212,mob,apple,Apple,V59AP,"iPhone17,5",iPhone 16e,United States,apple_all_en
A3408,mob,apple,Apple,V59AP,"iPhone17,5",iPhone 16e,"Bahrain, Canada, Iraq, Guam, Jordan, Kuwait, Mexico, Oman, Qatar, Saudi Arabia, United Arab Emirates, U.S. Virgin Islands",apple_all_en
A3410,mob,apple,Apple,V59AP,"iPhone17,5",iPhone 16e,China mainland,apple_all_en
A3409,mob,apple,Apple,V59AP,"iPhone17,5",iPhone 16e,Rest of the world,apple_all_en
A3258,mob,apple,Apple,V57AP,"iPhone18,3",iPhone 17,United States,apple_all_en
A3519,mob,apple,Apple,V57AP,"iPhone18,3",iPhone 17,"Bahrain, Canada, Guam, Japan, Kuwait, Mexico, Oman, Qatar, Saudi Arabia, United Arab Emirates, U.S. Virgin Islands",apple_all_en
A3521,mob,apple,Apple,V57AP,"iPhone18,3",iPhone 17,China mainland,apple_all_en
A3520,mob,apple,Apple,V57AP,"iPhone18,3",iPhone 17,Rest of the world,apple_all_en
A3260,mob,apple,Apple,D23AP,"iPhone18,4",iPhone Air,"United States, Bahrain, Canada, Guam, Kuwait, Mexico, Oman, Qatar, Saudi Arabia, United Arab Emirates, U.S. Virgin Islands",apple_all_en
A3518,mob,apple,Apple,D23AP,"iPhone18,4",iPhone Air,China mainland,apple_all_en
A3516,mob,apple,Apple,D23AP,"iPhone18,4",iPhone Air,Japan,apple_all_en
A3517,mob,apple,Apple,D23AP,"iPhone18,4",iPhone Air,Rest of the world,apple_all_en
A3256,mob,apple,Apple,V53AP,"iPhone18,1",iPhone 17 Pro,United States,apple_all_en
A3522,mob,apple,Apple,V53AP,"iPhone18,1",iPhone 17 Pro,"Bahrain, Canada, Guam, Japan, Kuwait, Mexico, Oman, Qatar, Saudi Arabia, United Arab Emirates, U.S. Virgin Islands",apple_all_en
A3524,mob,apple,Apple,V53AP,"iPhone18,1",iPhone 17 Pro,China mainland,apple_all_en
A3523,mob,apple,Apple,V53AP,"iPhone18,1",iPhone 17 Pro,Rest of the world,apple_all_en
A3257,mob,apple,Apple,V54AP,"iPhone18,2",iPhone 17 Pro Max,United States,apple_all_en
A3525,mob,apple,Apple,V54AP,"iPhone18,2",iPhone 17 Pro Max,"Bahrain, Canada, Guam, Japan, Kuwait, Mexico, Oman, Qatar, Saudi Arabia, United Arab Emirates, U.S. Virgin Islands",apple_all_en
A3527,mob,apple,Apple,V54AP,"iPhone18,2",iPhone 17 Pro Max,China mainland,apple_all_en
A3526,mob,apple,Apple,V54AP,"iPhone18,2",iPhone 17 Pro Max,Rest of the world,apple_all_en
A3575,mob,apple,Apple,V159AP,"iPhone18,5",iPhone 17e,"United States, Bahrain, Canada, Guam, Japan, Kuwait, Mexico, Oman, Qatar, Saudi Arabia, United Arab Emirates, U.S. Virgin Islands",apple_all_en
A3635,mob,apple,Apple,V159AP,"iPhone18,5",iPhone 17e,China mainland,apple_all_en
A3634,mob,apple,Apple,V159AP,"iPhone18,5",iPhone 17e,Rest of the world,apple_all_en
A1219,pad,apple,Apple,K48AP,"iPad1,1",iPad,Wi-Fi,apple_all_en
A1337,pad,apple,Apple,K48AP,"iPad1,1",iPad,Wi-Fi + 3G,apple_all_en
A1395,pad,apple,Apple,K93AP,"iPad2,1",iPad 2,Wi-Fi,apple_all_en
A1396,pad,apple,Apple,K94AP,"iPad2,2",iPad 2,Wi-Fi + 3G (GSM),apple_all_en
A1397,pad,apple,Apple,K95AP,"iPad2,3",iPad 2,Wi-Fi + 3G (CDMA),apple_all_en
A1395,pad,apple,Apple,K93AAP,"iPad2,4",iPad 2,Wi-Fi (2012),apple_all_en
A1416,pad,apple,Apple,J1AP,"iPad3,1",iPad (3rd generation),Wi-Fi,apple_all_en
A1403,pad,apple,Apple,J2AP,"iPad3,2",iPad (3rd generation),Wi-Fi + Cellular (VZ),apple_all_en
A1430,pad,apple,Apple,J2AAP,"iPad3,3",iPad (3rd generation),Wi-Fi + Cellular,apple_all_en
A1458,pad,apple,Apple,P101AP,"iPad3,4",iPad (4th generation),Wi-Fi,apple_all_en
A1459,pad,apple,Apple,P102AP,"iPad3,5",iPad (4th generation),Wi-Fi + Cellular,apple_all_en
A1460,pad,apple,Apple,P103AP,"iPad3,6",iPad (4th generation),Wi-Fi + Cellular (China mainland),apple_all_en
A1822,pad,apple,Apple,J71sAP,"iPad6,11",iPad (5th generation),Wi-Fi,apple_all_en
A1823,pad,apple,Apple,J72sAP,"iPad6,12",iPad (5th generation),Wi-Fi + Cellular,apple_all_en
A1893,pad,apple,Apple,J71bAP,"iPad7,5",iPad (6th generation),Wi-Fi,apple_all_en
A1954,pad,apple,Apple,J72bAP,"iPad7,6",iPad (6th generation),Wi-Fi + Cellular,apple_all_en
A2197,pad,apple,Apple,J171AP,"iPad7,11",iPad (7th generation),Wi-Fi,apple_all_en
A2198,pad,apple,Apple,J172AP,"iPad7,12",iPad (7th generation),Wi-Fi + Cellular,apple_all_en
A2200,pad,apple,Apple,J172AP,"iPad7,12",iPad (7th generation),Wi-Fi + Cellular,apple_all_en
A2199,pad,apple,Apple,J172AP,"iPad7,12",iPad (7th generation),Wi-Fi + Cellular (China mainland),apple_all_en
A2270,pad,apple,Apple,J171aAP,"iPad11,6",iPad (8th generation),Wi-Fi,apple_all_en
A2428,pad,apple,Apple,J172aAP,"iPad11,7",iPad (8th generation),Wi-Fi + Cellular,apple_all_en
A2429,pad,apple,Apple,J172aAP,"iPad11,7",iPad (8th generation),Wi-Fi + Cellular,apple_all_en
A2430,pad,apple,Apple,J172aAP,"iPad11,7",iPad (8th generation),Wi-Fi + Cellular (China mainland),apple_all_en
A2602,pad,apple,Apple,J181AP,"iPad12,1",iPad (9th generation),Wi-Fi,apple_all_en
A2603,pad,apple,Apple,J182AP,"iPad12,2",iPad (9th generation),Wi-Fi + Cellular,apple_all_en
A2604,pad,apple,Apple,J182AP,"iPad12,2",iPad (9th generation),Wi-Fi + Cellular,apple_all_en
A2605,pad,apple,Apple,J182AP,"iPad12,2",iPad (9th generation),Wi-Fi + Cellular (China mainland),apple_all_en
A2696,pad,apple,Apple,J271AP,"iPad13,18",iPad (10th generation),Wi-Fi,apple_all_en
A2757,pad,apple,Apple,J272AP,"iPad13,19",iPad (10th generation),Wi-Fi + Cellular,apple_all_en
A2777,pad,apple,Apple,J272AP,"iPad13,19",iPad (10th generation),Wi-Fi + Cellular (China mainland),apple_all_en
A3162,pad,apple,Apple,J272AP,"iPad13,19",iPad (10th generation),"Wi-Fi + Cellular (eSIM, China mainland)",apple_all_en
A3354,pad,apple,Apple,J481AP,"iPad15,7",iPad (A16),Wi-Fi,apple_all_en
A3355,pad,apple,Apple,J482AP,"iPad15,8",iPad (A16),Wi-Fi + Cellular,apple_all_en
A3356,pad,apple,Apple,J482AP,"iPad15,8",iPad (A16),Wi-Fi + Cellular (China mainland),apple_all_en
A1474,pad,apple,Apple,J71AP,"iPad4,1",iPad Air,Wi-Fi,apple_all_en
A1475,pad,apple,Apple,J72AP,"iPad4,2",iPad Air,Wi-Fi + Cellular,apple_all_en
A1476,pad,apple,Apple,J73AP,"iPad4,3",iPad Air,Wi-Fi + Cellular (TD-LTE),apple_all_en
A1566,pad,apple,Apple,J81AP,"iPad5,3",iPad Air 2,Wi-Fi,apple_all_en
A1567,pad,apple,Apple,J82AP,"iPad5,4",iPad Air 2,Wi-Fi + Cellular,apple_all_en
A2152,pad,apple,Apple,J217AP,"iPad11,3",iPad Air (3rd generation),Wi-Fi,apple_all_en
A2123,pad,apple,Apple,J218AP,"iPad11,4",iPad Air (3rd generation),Wi-Fi + Cellular,apple_all_en
A2153,pad,apple,Apple,J218AP,"iPad11,4",iPad Air (3rd generation),Wi-Fi + Cellular,apple_all_en
A2154,pad,apple,Apple,J218AP,"iPad11,4",iPad Air (3rd generation),Wi-Fi + Cellular (China mainland),apple_all_en
A2316,pad,apple,Apple,J307AP,"iPad13,1",iPad Air (4th generation),Wi-Fi,apple_all_en
A2072,pad,apple,Apple,J308AP,"iPad13,2",iPad Air (4th generation),Wi-Fi + Cellular,apple_all_en
A2324,pad,apple,Apple,J308AP,"iPad13,2",iPad Air (4th generation),Wi-Fi + Cellular,apple_all_en
A2325,pad,apple,Apple,J308AP,"iPad13,2",iPad Air (4th generation),Wi-Fi + Cellular (China mainland),apple_all_en
A2588,pad,apple,Apple,J407AP,"iPad13,16",iPad Air (5th generation),Wi-Fi,apple_all_en
A2589,pad,apple,Apple,J408AP,"iPad13,17",iPad Air (5th generation),Wi-Fi + Cellular,apple_all_en
A2591,pad,apple,Apple,J408AP,"iPad13,17",iPad Air (5th generation),Wi-Fi + Cellular (China mainland),apple_all_en
A2902,pad,apple,Apple,J507AP,"iPad14,8","iPad Air (11-inch, M2)",Wi-Fi,apple_all_en
A2903,pad,apple,Apple,J508AP,"iPad14,9","iPad Air (11-inch, M2)",Wi-Fi + Cellular,apple_all_en
A2904,pad,apple,Apple,J508AP,"iPad14,9","iPad Air (11-inch, M2)",Wi-Fi + Cellular (China mainland),apple_all_en
A2898,pad,apple,Apple,J537AP,"iPad14,10","iPad Air (13-inch, M2)",Wi-Fi,apple_all_en
A2899,pad,apple,Apple,J538AP,"iPad14,11","iPad Air (13-inch, M2)",Wi-Fi + Cellular,apple_all_en
A2900,pad,apple,Apple,J538AP,"iPad14,11","iPad Air (13-inch, M2)",Wi-Fi + Cellular (China mainland),apple_all_en
A3266,pad,apple,Apple,J607AP,"iPad15,3","iPad Air (11-inch, M3)",Wi-Fi,apple_all_en
A3267,pad,apple,Apple,J608AP,"iPad15,4","iPad Air (11-inch, M3)",Wi-Fi + Cellular,apple_all_en
A3270,pad,apple,Apple,J608AP,"iPad15,4","iPad Air (11-inch, M3)",Wi-Fi + Cellular (China mainland),apple_all_en
A3268,pad,apple,Apple,J637AP,"iPad15,5","iPad Air (13-inch, M3)",Wi-Fi,apple_all_en
A3269,pad,apple,Apple,J638AP,"iPad15,6","iPad Air (13-inch, M3)",Wi-Fi + Cellular,apple_all_en
A3271,pad,apple,Apple,J638AP,"iPad15,6","iPad Air (13-inch, M3)",Wi-Fi + Cellular (China mainland),apple_all_en
A3459,pad,apple,Apple,J707AP,"iPad16,8","iPad Air (11-inch, M4)",Wi-Fi,apple_all_en
A3460,pad,apple,Apple,J708AP,"iPad16,9","iPad Air (11-inch, M4)",Wi-Fi + Cellular,apple_all_en
A3463,pad,apple,Apple,J708AP,"iPad16,9","iPad Air (11-inch, M4)",Wi-Fi + Cellular (China mainland),apple_all_en
A3461,pad,apple,Apple,J737AP,"iPad16,10","iPad Air (13-inch, M4)",Wi-Fi,apple_all_en
A3462,pad,apple,Apple,J738AP,"iPad16,11","iPad Air (13-inch, M4)",Wi-Fi + Cellular,apple_all_en
A3464,pad,apple,Apple,J738AP,"iPad16,11","iPad Air (13-inch, M4)",Wi-Fi + Cellular (China mainland),apple_all_en
A1584,pad,apple,Apple,J98aAP,"iPad6,7",iPad Pro (12.9-inch),Wi-Fi,apple_all_en
A1652,pad,apple,Apple,J99aAP,"iPad6,8",iPad Pro (12.9-inch),Wi-Fi + Cellular,apple_all_en
A1673,pad,apple,Apple,J127AP,"iPad6,3",iPad Pro (9.7-inch),Wi-Fi,apple_all_en
A1674,pad,apple,Apple,J128AP,"iPad6,4",iPad Pro (9.7-inch),Wi-Fi + Cellular,apple_all_en
A1675,pad,apple,Apple,J128AP,"iPad6,4",iPad Pro (9.7-inch),Wi-Fi + Cellular (China mainland),apple_all_en
A1670,pad,apple,Apple,J120AP,"iPad7,1","iPad Pro (12.9-inch, 2nd generation)",Wi-Fi,apple_all_en
A1671,pad,apple,Apple,J121AP,"iPad7,2","iPad Pro (12.9-inch, 2nd generation)",Wi-Fi + Cellular,apple_all_en
A1821,pad,apple,Apple,J121AP,"iPad7,2","iPad Pro (12.9-inch, 2nd generation)",Wi-Fi + Cellular (China mainland),apple_all_en
A1701,pad,apple,Apple,J207AP,"iPad7,3",iPad Pro (10.5-inch),Wi-Fi,apple_all_en
A1709,pad,apple,Apple,J208AP,"iPad7,4",iPad Pro (10.5-inch),Wi-Fi + Cellular,apple_all_en
A1852,pad,apple,Apple,J208AP,"iPad7,4",iPad Pro (10.5-inch),Wi-Fi + Cellular (China mainland),apple_all_en
A1980,pad,apple,Apple,J317AP,"iPad8,1",iPad Pro (11-inch),Wi-Fi,apple_all_en
A1980,pad,apple,Apple,J317xAP,"iPad8,2",iPad Pro (11-inch),Wi-Fi (1TB),apple_all_en
A1934,pad,apple,Apple,J318AP,"iPad8,3",iPad Pro (11-inch),Wi-Fi + Cellular,apple_all_en
A2013,pad,apple,Apple,J318AP,"iPad8,3",iPad Pro (11-inch),Wi-Fi + Cellular,apple_all_en
A1979,pad,apple,Apple,J318AP,"iPad8,3",iPad Pro (11-inch),Wi-Fi + Cellular (China mainland),apple_all_en
A1934,pad,apple,Apple,J318xAP,"iPad8,4",iPad Pro (11-inch),Wi-Fi + Cellular (1TB),apple_all_en
A2013,pad,apple,Apple,J318xAP,"iPad8,4",iPad Pro (11-inch),Wi-Fi + Cellular (1TB),apple_all_en
A1979,pad,apple,Apple,J318xAP,"iPad8,4",iPad Pro (11-inch),Wi-Fi + Cellular (1TB) (China mainland),apple_all_en
A1876,pad,apple,Apple,J320AP,"iPad8,5","iPad Pro (12.9-inch, 3rd generation)",Wi-Fi,apple_all_en
A1876,pad,apple,Apple,J320xAP,"iPad8,6","iPad Pro (12.9-inch, 3rd generation)",Wi-Fi (1TB),apple_all_en
A1895,pad,apple,Apple,J321AP,"iPad8,7","iPad Pro (12.9-inch, 3rd generation)",Wi-Fi + Cellular,apple_all_en
A2014,pad,apple,Apple,J321AP,"iPad8,7","iPad Pro (12.9-inch, 3rd generation)",Wi-Fi + Cellular,apple_all_en
A1983,pad,apple,Apple,J321AP,"iPad8,7","iPad Pro (12.9-inch, 3rd generation)",Wi-Fi + Cellular (China mainland),apple_all_en
A1895,pad,apple,Apple,J321xAP,"iPad8,8","iPad Pro (12.9-inch, 3rd generation)",Wi-Fi + Cellular (1TB),apple_all_en
A2014,pad,apple,Apple,J321xAP,"iPad8,8","iPad Pro (12.9-inch, 3rd generation)",Wi-Fi + Cellular (1TB),apple_all_en
A1983,pad,apple,Apple,J321xAP,"iPad8,8","iPad Pro (12.9-inch, 3rd generation)",Wi-Fi + Cellular (1TB) (China mainland),apple_all_en
A2228,pad,apple,Apple,J417AP,"iPad8,9","iPad Pro (11-inch, 2nd generation)",Wi-Fi,apple_all_en
A2068,pad,apple,Apple,J418AP,"iPad8,10","iPad Pro (11-inch, 2nd generation)",Wi-Fi + Cellular,apple_all_en
A2230,pad,apple,Apple,J418AP,"iPad8,10","iPad Pro (11-inch, 2nd generation)",Wi-Fi + Cellular,apple_all_en
A2231,pad,apple,Apple,J418AP,"iPad8,10","iPad Pro (11-inch, 2nd generation)",Wi-Fi + Cellular (China mainland),apple_all_en
A2229,pad,apple,Apple,J420AP,"iPad8,11","iPad Pro (12.9-inch, 4th generation)",Wi-Fi,apple_all_en
A2069,pad,apple,Apple,J421AP,"iPad8,12","iPad Pro (12.9-inch, 4th generation)",Wi-Fi + Cellular,apple_all_en
A2232,pad,apple,Apple,J421AP,"iPad8,12","iPad Pro (12.9-inch, 4th generation)",Wi-Fi + Cellular,apple_all_en
A2233,pad,apple,Apple,J421AP,"iPad8,12","iPad Pro (12.9-inch, 4th generation)",Wi-Fi + Cellular (China mainland),apple_all_en
A2377,pad,apple,Apple,J517AP,"iPad13,4","iPad Pro (11-inch, 3rd generation)",Wi-Fi (8GB RAM),apple_all_en
A2377,pad,apple,Apple,J517xAP,"iPad13,5","iPad Pro (11-inch, 3rd generation)",Wi-Fi (16GB RAM),apple_all_en
A2459,pad,apple,Apple,J518AP,"iPad13,6","iPad Pro (11-inch, 3rd generation)",Wi-Fi + Cellular (8GB RAM),apple_all_en
A2301,pad,apple,Apple,J518AP,"iPad13,6","iPad Pro (11-inch, 3rd generation)","Wi-Fi + Cellular (8GB RAM, mmWave)",apple_all_en
A2460,pad,apple,Apple,J518AP,"iPad13,6","iPad Pro (11-inch, 3rd generation)","Wi-Fi + Cellular (8GB RAM, China mainland)",apple_all_en
A2459,pad,apple,Apple,J518xAP,"iPad13,7","iPad Pro (11-inch, 3rd generation)",Wi-Fi + Cellular (16GB RAM),apple_all_en
A2301,pad,apple,Apple,J518xAP,"iPad13,7","iPad Pro (11-inch, 3rd generation)","Wi-Fi + Cellular (16GB RAM, mmWave)",apple_all_en
A2460,pad,apple,Apple,J518xAP,"iPad13,7","iPad Pro (11-inch, 3rd generation)","Wi-Fi + Cellular (16GB RAM, China mainland)",apple_all_en
A2378,pad,apple,Apple,J522AP,"iPad13,8","iPad Pro (12.9-inch, 5th generation)",Wi-Fi (8GB RAM),apple_all_en
A2378,pad,apple,Apple,J522xAP,"iPad13,9","iPad Pro (12.9-inch, 5th generation)",Wi-Fi (16GB RAM),apple_all_en
A2461,pad,apple,Apple,J523AP,"iPad13,10","iPad Pro (12.9-inch, 5th generation)",Wi-Fi + Cellular (8GB RAM),apple_all_en
A2379,pad,apple,Apple,J523AP,"iPad13,10","iPad Pro (12.9-inch, 5th generation)","Wi-Fi + Cellular (8GB RAM, mmWave)",apple_all_en
A2462,pad,apple,Apple,J523AP,"iPad13,10","iPad Pro (12.9-inch, 5th generation)","Wi-Fi + Cellular (8GB RAM, China mainland)",apple_all_en
A2461,pad,apple,Apple,J523xAP,"iPad13,11","iPad Pro (12.9-inch, 5th generation)",Wi-Fi + Cellular (16GB RAM),apple_all_en
A2379,pad,apple,Apple,J523xAP,"iPad13,11","iPad Pro (12.9-inch, 5th generation)","Wi-Fi + Cellular (16GB RAM, mmWave)",apple_all_en
A2462,pad,apple,Apple,J523xAP,"iPad13,11","iPad Pro (12.9-inch, 5th generation)","Wi-Fi + Cellular (16GB RAM, China mainland)",apple_all_en
A2759,pad,apple,Apple,J617AP,"iPad14,3","iPad Pro (11-inch, 4th generation)",Wi-Fi,apple_all_en
A2761,pad,apple,Apple,J618AP,"iPad14,4","iPad Pro (11-inch, 4th generation)",Wi-Fi + Cellular,apple_all_en
A2435,pad,apple,Apple,J618AP,"iPad14,4","iPad Pro (11-inch, 4th generation)",Wi-Fi + Cellular (mmWave),apple_all_en
A2762,pad,apple,Apple,J618AP,"iPad14,4","iPad Pro (11-inch, 4th generation)",Wi-Fi + Cellular (China mainland),apple_all_en
A2436,pad,apple,Apple,J620AP,"iPad14,5","iPad Pro (12.9-inch, 6th generation)",Wi-Fi,apple_all_en
A2437,pad,apple,Apple,J621AP,"iPad14,6","iPad Pro (12.9-inch, 6th generation)",Wi-Fi + Cellular,apple_all_en
A2764,pad,apple,Apple,J621AP,"iPad14,6","iPad Pro (12.9-inch, 6th generation)",Wi-Fi + Cellular (mmWave),apple_all_en
A2766,pad,apple,Apple,J621AP,"iPad14,6","iPad Pro (12.9-inch, 6th generation)",Wi-Fi + Cellular (China mainland),apple_all_en
A2836,pad,apple,Apple,J717AP,"iPad16,3","iPad Pro (11-inch, M4)",Wi-Fi,apple_all_en
A2837,pad,apple,Apple,J718AP,"iPad16,4","iPad Pro (11-inch, M4)",Wi-Fi + Cellular,apple_all_en
A3006,pad,apple,Apple,J718AP,"iPad16,4","iPad Pro (11-inch, M4)",Wi-Fi + Cellular (China mainland),apple_all_en
A2925,pad,apple,Apple,J720AP,"iPad16,5","iPad Pro (13-inch, M4)",Wi-Fi,apple_all_en
A2926,pad,apple,Apple,J721AP,"iPad16,6","iPad Pro (13-inch, M4)",Wi-Fi + Cellular,apple_all_en
A3007,pad,apple,Apple,J721AP,"iPad16,6","iPad Pro (13-inch, M4)",Wi-Fi + Cellular (China mainland),apple_all_en
A3357,pad,apple,Apple,J817AP,"iPad17,1","iPad Pro (11-inch, M5)",Wi-Fi,apple_all_en
A3358,pad,apple,Apple,J818AP,"iPad17,2","iPad Pro (11-inch, M5)",Wi-Fi + Cellular,apple_all_en
A3359,pad,apple,Apple,J818AP,"iPad17,2","iPad Pro (11-inch, M5)",Wi-Fi + Cellular (China mainland),apple_all_en
A3360,pad,apple,Apple,J820AP,"iPad18,1","iPad Pro (13-inch, M5)",Wi-Fi,apple_all_en
A3361,pad,apple,Apple,J821AP,"iPad18,2","iPad Pro (13-inch, M5)",Wi-Fi + Cellular,apple_all_en
A3362,pad,apple,Apple,J821AP,"iPad18,2","iPad Pro (13-inch, M5)",Wi-Fi + Cellular (China mainland),apple_all_en
A1432,pad,apple,Apple,P105AP,"iPad2,5",iPad mini,Wi-Fi,apple_all_en
A1454,pad,apple,Apple,P106AP,"iPad2,6",iPad mini,Wi-Fi + Cellular,apple_all_en
A1455,pad,apple,Apple,P107AP,"iPad2,7",iPad mini,Wi-Fi + Cellular (China mainland),apple_all_en
A1489,pad,apple,Apple,J85AP,"iPad4,4",iPad mini 2,Wi-Fi,apple_all_en
A1490,pad,apple,Apple,J86AP,"iPad4,5",iPad mini 2,Wi-Fi + Cellular,apple_all_en
A1491,pad,apple,Apple,J87AP,"iPad4,6",iPad mini 2,Wi-Fi + Cellular (TD-LTE),apple_all_en
A1599,pad,apple,Apple,J85mAP,"iPad4,7",iPad mini 3,Wi-Fi,apple_all_en
A1600,pad,apple,Apple,J86mAP,"iPad4,8",iPad mini 3,Wi-Fi + Cellular,apple_all_en
A1601,pad,apple,Apple,J87mAP,"iPad4,9",iPad mini 3,Wi-Fi + Cellular (TD-LTE),apple_all_en
A1538,pad,apple,Apple,J96AP,"iPad5,1",iPad mini 4,Wi-Fi,apple_all_en
A1550,pad,apple,Apple,J97AP,"iPad5,2",iPad mini 4,Wi-Fi + Cellular,apple_all_en
A2133,pad,apple,Apple,J210AP,"iPad11,1",iPad mini (5th generation),Wi-Fi,apple_all_en
A2124,pad,apple,Apple,J211AP,"iPad11,2",iPad mini (5th generation),Wi-Fi + Cellular,apple_all_en
A2126,pad,apple,Apple,J211AP,"iPad11,2",iPad mini (5th generation),Wi-Fi + Cellular,apple_all_en
A2125,pad,apple,Apple,J211AP,"iPad11,2",iPad mini (5th generation),Wi-Fi + Cellular (China mainland),apple_all_en
A2567,pad,apple,Apple,J310AP,"iPad14,1",iPad mini (6th generation),Wi-Fi,apple_all_en
A2568,pad,apple,Apple,J311AP,"iPad14,2",iPad mini (6th generation),Wi-Fi + Cellular,apple_all_en
A2569,pad,apple,Apple,J311AP,"iPad14,2",iPad mini (6th generation),Wi-Fi + Cellular (China mainland),apple_all_en
A2993,pad,apple,Apple,J410AP,"iPad16,1",iPad mini (A17 Pro),Wi-Fi,apple_all_en
A2995,pad,apple,Apple,J411AP,"iPad16,2",iPad mini (A17 Pro),Wi-Fi + Cellular,apple_all_en
A2996,pad,apple,Apple,J411AP,"iPad16,2",iPad mini (A17 Pro),Wi-Fi + Cellular (China mainland),apple_all_en
A1553,watch,apple,Apple,N27aAP,"Watch1,1",Apple Watch (1st generation),38mm case,apple_all_en
A1554,watch,apple,Apple,N28aAP,"Watch1,2",Apple Watch (1st generation),42mm case,apple_all_en
A1802,watch,apple,Apple,N27dAP,"Watch2,6",Apple Watch Series 1,38mm case,apple_all_en
A1803,watch,apple,Apple,N28dAP,"Watch2,7",Apple Watch Series 1,42mm case,apple_all_en
A1757,watch,apple,Apple,N74AP,"Watch2,3",Apple Watch Series 2,38mm case,apple_all_en
A1816,watch,apple,Apple,N74AP,"Watch2,3",Apple Watch Series 2,Edition (38mm case),apple_all_en
A1758,watch,apple,Apple,N75AP,"Watch2,4",Apple Watch Series 2,42mm case,apple_all_en
A1817,watch,apple,Apple,N75AP,"Watch2,4",Apple Watch Series 2,Edition (42mm case),apple_all_en
A1860,watch,apple,Apple,N111sAP,"Watch3,1",Apple Watch Series 3,(GPS + Cellular) (38mm case) (North America),apple_all_en
A1889,watch,apple,Apple,N111sAP,"Watch3,1",Apple Watch Series 3,(GPS + Cellular) (38mm case) (Europe and Asia Pacific),apple_all_en
A1890,watch,apple,Apple,N111sAP,"Watch3,1",Apple Watch Series 3,(GPS + Cellular) (38mm case) (China mainland),apple_all_en
A1861,watch,apple,Apple,N111bAP,"Watch3,2",Apple Watch Series 3,(GPS + Cellular) (42mm case) (North America),apple_all_en
A1891,watch,apple,Apple,N111bAP,"Watch3,2",Apple Watch Series 3,(GPS + Cellular) (42mm case) (Europe and Asia Pacific),apple_all_en
A1892,watch,apple,Apple,N111bAP,"Watch3,2",Apple Watch Series 3,(GPS + Cellular) (42mm case) (China mainland),apple_all_en
A1858,watch,apple,Apple,N121sAP,"Watch3,3",Apple Watch Series 3,(GPS) (38mm case),apple_all_en
A1859,watch,apple,Apple,N121bAP,"Watch3,4",Apple Watch Series 3,(GPS) (42mm case),apple_all_en
A1977,watch,apple,Apple,N131sAP,"Watch4,1",Apple Watch Series 4,(GPS) (40mm case),apple_all_en
A1978,watch,apple,Apple,N131bAP,"Watch4,2",Apple Watch Series 4,(GPS) (44mm case),apple_all_en
A1975,watch,apple,Apple,N141sAP,"Watch4,3",Apple Watch Series 4,(GPS + Cellular) (40mm case) (North America),apple_all_en
A2007,watch,apple,Apple,N141sAP,"Watch4,3",Apple Watch Series 4,"(GPS + Cellular) (40mm case) (Europe, Asia Pacific, and China)",apple_all_en
A1976,watch,apple,Apple,N141bAP,"Watch4,4",Apple Watch Series 4,(GPS + Cellular) (44mm case) (North America),apple_all_en
A2008,watch,apple,Apple,N141bAP,"Watch4,4",Apple Watch Series 4,"(GPS + Cellular) (44mm case) (Europe, Asia Pacific, and China)",apple_all_en
A2092,watch,apple,Apple,N144sAP,"Watch5,1",Apple Watch Series 5,(GPS) (40mm case),apple_all_en
A2093,watch,apple,Apple,N144bAP,"Watch5,2",Apple Watch Series 5,(GPS) (44mm case),apple_all_en
A2094,watch,apple,Apple,N146sAP,"Watch5,3",Apple Watch Series 5,(GPS + Cellular) (40mm case) (North America),apple_all_en
A2156,watch,apple,Apple,N146sAP,"Watch5,3",Apple Watch Series 5,"(GPS + Cellular) (40mm case) (Europe, Asia Pacific, and China)",apple_all_en
A2095,watch,apple,Apple,N146bAP,"Watch5,4",Apple Watch Series 5,(GPS + Cellular) (44mm case) (North America),apple_all_en
A2157,watch,apple,Apple,N146bAP,"Watch5,4",Apple Watch Series 5,"(GPS + Cellular) (44mm case) (Europe, Asia Pacific, and China)",apple_all_en
A2291,watch,apple,Apple,N157sAP,"Watch6,1",Apple Watch Series 6,(GPS) (40mm case),apple_all_en
A2292,watch,apple,Apple,N157bAP,"Watch6,2",Apple Watch Series 6,(GPS) (44mm case),apple_all_en
A2293,watch,apple,Apple,N158sAP,"Watch6,3",Apple Watch Series 6,(GPS + Cellular) (40mm case) (North America),apple_all_en
A2375,watch,apple,Apple,N158sAP,"Watch6,3",Apple Watch Series 6,"(GPS + Cellular) (40mm case) (Europe, Asia Pacific, and China)",apple_all_en
A2294,watch,apple,Apple,N158bAP,"Watch6,4",Apple Watch Series 6,(GPS + Cellular) (44mm case) (North America),apple_all_en
A2376,watch,apple,Apple,N158bAP,"Watch6,4",Apple Watch Series 6,"(GPS + Cellular) (44mm case) (Europe, Asia Pacific, and China)",apple_all_en
A2473,watch,apple,Apple,N187sAP,"Watch6,6",Apple Watch Series 7,(GPS) (41mm case),apple_all_en
A2474,watch,apple,Apple,N187bAP,"Watch6,7",Apple Watch Series 7,(GPS) (45mm case),apple_all_en
A2475,watch,apple,Apple,N188sAP,"Watch6,8",Apple Watch Series 7,(GPS + Cellular) (41mm case) (North America),apple_all_en
A2476,watch,apple,Apple,N188sAP,"Watch6,8",Apple Watch Series 7,"(GPS + Cellular) (41mm case) (Europe, Asia Pacific, and China)",apple_all_en
A2477,watch,apple,Apple,N188bAP,"Watch6,9",Apple Watch Series 7,(GPS + Cellular) (45mm case) (North America),apple_all_en
A2478,watch,apple,Apple,N188bAP,"Watch6,9",Apple Watch Series 7,"(GPS + Cellular) (45mm case) (Europe, Asia Pacific, and China)",apple_all_en
A2770,watch,apple,Apple,N197sAP,"Watch6,14",Apple Watch Series 8,(GPS) (41mm case),apple_all_en
A2771,watch,apple,Apple,N197bAP,"Watch6,15",Apple Watch Series 8,(GPS) (45mm case),apple_all_en
A2772,watch,apple,Apple,N198sAP,"Watch6,16",Apple Watch Series 8,(GPS + Cellular) (41mm case) (North America),apple_all_en
A2857,watch,apple,Apple,N198sAP,"Watch6,16",Apple Watch Series 8,"(GPS + Cellular) (41mm case) (China mainland, Hong Kong, Macao)",apple_all_en
A2773,watch,apple,Apple,N198sAP,"Watch6,16",Apple Watch Series 8,(GPS + Cellular) (41mm case) (Rest of the world),apple_all_en
A2774,watch,apple,Apple,N198bAP,"Watch6,17",Apple Watch Series 8,(GPS + Cellular) (45mm case) (North America),apple_all_en
A2858,watch,apple,Apple,N198bAP,"Watch6,17",Apple Watch Series 8,"(GPS + Cellular) (45mm case) (China mainland, Hong Kong, Macao)",apple_all_en
A2775,watch,apple,Apple,N198bAP,"Watch6,17",Apple Watch Series 8,(GPS + Cellular) (45mm case) (Rest of the world),apple_all_en
A2978,watch,apple,Apple,N207sAP,"Watch7,1",Apple Watch Series 9,(GPS) (41mm case),apple_all_en
A2980,watch,apple,Apple,N207bAP,"Watch7,2",Apple Watch Series 9,(GPS) (45mm case),apple_all_en
A2982,watch,apple,Apple,N208sAP,"Watch7,3",Apple Watch Series 9,(GPS + Cellular) (41mm case) (Global),apple_all_en
A2983,watch,apple,Apple,N208sAP,"Watch7,3",Apple Watch Series 9,"(GPS + Cellular) (41mm case) (China mainland, Hong Kong, Macao)",apple_all_en
A2984,watch,apple,Apple,N208bAP,"Watch7,4",Apple Watch Series 9,(GPS + Cellular) (45mm case) (Global),apple_all_en
A2985,watch,apple,Apple,N208bAP,"Watch7,4",Apple Watch Series 9,"(GPS + Cellular) (45mm case) (China mainland, Hong Kong, Macao)",apple_all_en
A2997,watch,apple,Apple,N217sAP,"Watch7,8",Apple Watch Series 10,(GPS) (42mm case) (Global),apple_all_en
A2998,watch,apple,Apple,N217sAP,"Watch7,8",Apple Watch Series 10,"(GPS) (42mm case) (China mainland, Indonesia)",apple_all_en
A2999,watch,apple,Apple,N217bAP,"Watch7,9",Apple Watch Series 10,(GPS) (46mm case) (Global),apple_all_en
A3000,watch,apple,Apple,N217bAP,"Watch7,9",Apple Watch Series 10,"(GPS) (46mm case) (China mainland, Indonesia)",apple_all_en
A3001,watch,apple,Apple,N218sAP,"Watch7,10",Apple Watch Series 10,(GPS + Cellular) (42mm case) (Global),apple_all_en
A3002,watch,apple,Apple,N218sAP,"Watch7,10",Apple Watch Series 10,(GPS + Cellular) (42mm case) (China mainland),apple_all_en
A3003,watch,apple,Apple,N218bAP,"Watch7,11",Apple Watch Series 10,(GPS + Cellular) (46mm case) (Global),apple_all_en
A3206,watch,apple,Apple,N218bAP,"Watch7,11",Apple Watch Series 10,(GPS + Cellular) (46mm case) (China mainland),apple_all_en
A3331,watch,apple,Apple,N227sAP,"Watch7,17",Apple Watch Series 11,(GPS) (42mm case) (Global),apple_all_en
A3450,watch,apple,Apple,N227sAP,"Watch7,17",Apple Watch Series 11,(GPS) (42mm case) (China mainland),apple_all_en
A3333,watch,apple,Apple,N227bAP,"Watch7,18",Apple Watch Series 11,(GPS) (46mm case) (Global),apple_all_en
A3451,watch,apple,Apple,N227bAP,"Watch7,18",Apple Watch Series 11,(GPS) (46mm case) (China mainland),apple_all_en
A3335,watch,apple,Apple,N228sAP,"Watch7,19",Apple Watch Series 11,(GPS + Cellular) (42mm case) (Global),apple_all_en
A3452,watch,apple,Apple,N228sAP,"Watch7,19",Apple Watch Series 11,(GPS + Cellular) (42mm case) (China mainland),apple_all_en
A3337,watch,apple,Apple,N228bAP,"Watch7,20",Apple Watch Series 11,(GPS + Cellular) (46mm case) (Global),apple_all_en
A3453,watch,apple,Apple,N228bAP,"Watch7,20",Apple Watch Series 11,(GPS + Cellular) (46mm case) (China mainland),apple_all_en
A2351,watch,apple,Apple,N140sAP,"Watch5,9",Apple Watch SE,(GPS) (40mm case),apple_all_en
A2352,watch,apple,Apple,N140bAP,"Watch5,10",Apple Watch SE,(GPS) (44mm case),apple_all_en
A2353,watch,apple,Apple,N142sAP,"Watch5,11",Apple Watch SE,(GPS + Cellular) (40mm case) (North America),apple_all_en
A2355,watch,apple,Apple,N142sAP,"Watch5,11",Apple Watch SE,"(GPS + Cellular) (40mm case) (Europe, Asia Pacific, and China)",apple_all_en
A2354,watch,apple,Apple,N142bAP,"Watch5,12",Apple Watch SE,(GPS + Cellular) (44mm case) (North America),apple_all_en
A2356,watch,apple,Apple,N142bAP,"Watch5,12",Apple Watch SE,"(GPS + Cellular) (44mm case) (Europe, Asia Pacific, and China)",apple_all_en
A2722,watch,apple,Apple,N143sAP,"Watch6,10",Apple Watch SE 2,(GPS) (40mm case),apple_all_en
A2723,watch,apple,Apple,N143bAP,"Watch6,11",Apple Watch SE 2,(GPS) (44mm case),apple_all_en
A2726,watch,apple,Apple,N149sAP,"Watch6,12",Apple Watch SE 2,(GPS + Cellular) (40mm case) (North America),apple_all_en
A2855,watch,apple,Apple,N149sAP,"Watch6,12",Apple Watch SE 2,"(GPS + Cellular) (40mm case) (China mainland, Hong Kong, Macao)",apple_all_en
A2725,watch,apple,Apple,N149sAP,"Watch6,12",Apple Watch SE 2,(GPS + Cellular) (40mm case) (Rest of the world),apple_all_en
A2727,watch,apple,Apple,N149bAP,"Watch6,13",Apple Watch SE 2,(GPS + Cellular) (44mm case) (North America),apple_all_en
A2856,watch,apple,Apple,N149bAP,"Watch6,13",Apple Watch SE 2,"(GPS + Cellular) (44mm case) (China mainland, Hong Kong, Macao)",apple_all_en
A2724,watch,apple,Apple,N149bAP,"Watch6,13",Apple Watch SE 2,(GPS + Cellular) (44mm case) (Rest of the world),apple_all_en
A3324,watch,apple,Apple,N243sAP,"Watch7,13",Apple Watch SE 3,(GPS) (40mm case) (Global),apple_all_en
A3391,watch,apple,Apple,N243sAP,"Watch7,13",Apple Watch SE 3,(GPS) (40mm case) (China mainland),apple_all_en
A3325,watch,apple,Apple,N243bAP,"Watch7,14",Apple Watch SE 3,(GPS) (44mm case) (Global),apple_all_en
A3392,watch,apple,Apple,N243bAP,"Watch7,14",Apple Watch SE 3,(GPS) (44mm case) (China mainland),apple_all_en
A3326,watch,apple,Apple,N244sAP,"Watch7,15",Apple Watch SE 3,(GPS + Cellular) (40mm case) (Global),apple_all_en
A3327,watch,apple,Apple,N244sAP,"Watch7,15",Apple Watch SE 3,(GPS + Cellular) (44mm case) (China mainland),apple_all_en
A3328,watch,apple,Apple,N244bAP,"Watch7,16",Apple Watch SE 3,(GPS + Cellular) (44mm case) (Global),apple_all_en
A3329,watch,apple,Apple,N244bAP,"Watch7,16",Apple Watch SE 3,(GPS + Cellular) (44mm case) (China mainland),apple_all_en
A2622,watch,apple,Apple,N199AP,"Watch6,18",Apple Watch Ultra,North America,apple_all_en
A2859,watch,apple,Apple,N199AP,"Watch6,18",Apple Watch Ultra,"China mainland, Hong Kong, Macao",apple_all_en
A2684,watch,apple,Apple,N199AP,"Watch6,18",Apple Watch Ultra,Rest of the world,apple_all_en
A2986,watch,apple,Apple,N210AP,"Watch7,5",Apple Watch Ultra 2,Global,apple_all_en
A2987,watch,apple,Apple,N210AP,"Watch7,5",Apple Watch Ultra 2,"China mainland, Hong Kong, Macao",apple_all_en
A3281,watch,apple,Apple,N230AP,"Watch7,12",Apple Watch Ultra 3,Global,apple_all_en
A3282,watch,apple,Apple,N230AP,"Watch7,12",Apple Watch Ultra 3,China mainland,apple_all_en
A1218,tv_hub,apple,Apple,Mac-F4228DC8,"AppleTV1,1",Apple TV (1st generation),,apple_all_en
A1378,tv_hub,apple,Apple,K66AP,"AppleTV2,1",Apple TV (2nd generation),,apple_all_en
A1427,tv_hub,apple,Apple,J33AP,"AppleTV3,1",Apple TV (3rd generation),,apple_all_en
A1469,tv_hub,apple,Apple,J33IAP,"AppleTV3,2",Apple TV (3rd generation),Rev A,apple_all_en
A1625,tv_hub,apple,Apple,J42dAP,"AppleTV5,3",Apple TV HD,,apple_all_en
A1842,tv_hub,apple,Apple,J105aAP,"AppleTV6,2",Apple TV 4K,,apple_all_en
A2169,tv_hub,apple,Apple,J305AP,"AppleTV11,1",Apple TV 4K (2nd generation),,apple_all_en
A2737,tv_hub,apple,Apple,J255AP,"AppleTV14,1",Apple TV 4K (3rd generation),Wi-Fi,apple_all_en
A2843,tv_hub,apple,Apple,J255AP,"AppleTV14,1",Apple TV 4K (3rd generation),Wi-Fi + Ethernet,apple_all_en
A2117,glass,apple,Apple,N301AP,"RealityDevice14,1",Apple Vision Pro,,apple_all_en
A3416,glass,apple,Apple,N301aAP,"RealityDevice17,1,1",Apple Vision Pro (M5),,apple_all_en
A1213,pod,apple,Apple,N45AP,"iPod1,1",iPod touch (1st generation),,apple_all_en
A1288,pod,apple,Apple,N72AP,"iPod2,1",iPod touch (2nd generation),,apple_all_en
A1319,pod,apple,Apple,N72AP,"iPod2,1",iPod touch (2nd generation),China mainland,apple_all_en
A1318,pod,apple,Apple,N18AP,"iPod3,1",iPod touch (3rd generation),,apple_all_en
A1367,pod,apple,Apple,N81AP,"iPod4,1",iPod touch (4th generation),,apple_all_en
A1421,pod,apple,Apple,N78AP,"iPod5,1",iPod touch (5th generation),,apple_all_en
A1509,pod,apple,Apple,N78AP,"iPod5,1",iPod touch (5th generation),16GB,apple_all_en
A1574,pod,apple,Apple,N102AP,"iPod7,1",iPod touch (6th generation),,apple_all_en
A2178,pod,apple,Apple,N112AP,"iPod9,1",iPod touch (7th generation),,apple_all_en
A1324,mob,apple,Apple,N82AP,"iPhone1,2",iPhone 3G,,apple_cn
A1303,mob,apple,Apple,N88AP,"iPhone2,1",iPhone 3GS,,apple_cn
A1325,mob,apple,Apple,N88AP,"iPhone2,1",iPhone 3GS,无 WLAN 功能,apple_cn
A1332,mob,apple,Apple,N90AP,"iPhone3,1",iPhone 4,,apple_cn
A1332,mob,apple,Apple,N90BAP,"iPhone3,2",iPhone 4,2011,apple_cn
A1431,mob,apple,Apple,N94AP,"iPhone4,1",iPhone 4S,中国联通,apple_cn
A1387,mob,apple,Apple,N94AP,"iPhone4,1",iPhone 4S,中国电信,apple_cn
A1429,mob,apple,Apple,N42AP,"iPhone5,2",iPhone 5,中国联通,apple_cn
A1442,mob,apple,Apple,N42AP,"iPhone5,2",iPhone 5,中国电信,apple_cn
A1533,mob,apple,Apple,N51AP,"iPhone6,1",iPhone 5s,中国电信,apple_cn
A1518,mob,apple,Apple,N53AP,"iPhone6,2",iPhone 5s,中国移动,apple_cn
A1528,mob,apple,Apple,N53AP,"iPhone6,2",iPhone 5s,中国联通,apple_cn
A1530,mob,apple,Apple,N53AP,"iPhone6,2",iPhone 5s,LTE,apple_cn
A1532,mob,apple,Apple,N48AP,"iPhone5,3",iPhone 5c,中国电信,apple_cn
A1516,mob,apple,Apple,N49AP,"iPhone5,4",iPhone 5c,中国移动,apple_cn
A1526,mob,apple,Apple,N49AP,"iPhone5,4",iPhone 5c,中国联通,apple_cn
A1529,mob,apple,Apple,N49AP,"iPhone5,4",iPhone 5c,LTE,apple_cn
A1586,mob,apple,Apple,N61AP,"iPhone7,2",iPhone 6,,apple_cn
A1589,mob,apple,Apple,N61AP,"iPhone7,2",iPhone 6,中国移动,apple_cn
A1524,mob,apple,Apple,N56AP,"iPhone7,1",iPhone 6 Plus,,apple_cn
A1593,mob,apple,Apple,N56AP,"iPhone7,1",iPhone 6 Plus,中国移动,apple_cn
A1700,mob,apple,Apple,N71AP,"iPhone8,1",iPhone 6s,,apple_cn
A1691,mob,apple,Apple,N71AP,"iPhone8,1",iPhone 6s,中国移动,apple_cn
A1699,mob,apple,Apple,N66AP,"iPhone8,2",iPhone 6s Plus,,apple_cn
A1690,mob,apple,Apple,N66AP,"iPhone8,2",iPhone 6s Plus,中国移动,apple_cn
A1723,mob,apple,Apple,N69AP,"iPhone8,4",iPhone SE,,apple_cn
A1724,mob,apple,Apple,N69AP,"iPhone8,4",iPhone SE,中国移动,apple_cn
A1660,mob,apple,Apple,D10AP,"iPhone9,1",iPhone 7,,apple_cn
A1780,mob,apple,Apple,D10AP,"iPhone9,1",iPhone 7,中国移动,apple_cn
A1661,mob,apple,Apple,D11AP,"iPhone9,2",iPhone 7 Plus,,apple_cn
A1786,mob,apple,Apple,D11AP,"iPhone9,2",iPhone 7 Plus,中国移动,apple_cn
A1863,mob,apple,Apple,D20AP,"iPhone10,1",iPhone 8,,apple_cn
A1907,mob,apple,Apple,D20AP,"iPhone10,1",iPhone 8,中国移动,apple_cn
A1864,mob,apple,Apple,D21AP,"iPhone10,2",iPhone 8 Plus,,apple_cn
A1899,mob,apple,Apple,D21AP,"iPhone10,2",iPhone 8 Plus,中国移动,apple_cn
A1865,mob,apple,Apple,D22AP,"iPhone10,3",iPhone X,,apple_cn
A1903,mob,apple,Apple,D22AP,"iPhone10,3",iPhone X,中国移动,apple_cn
A2100,mob,apple,Apple,D321AP,"iPhone11,2",iPhone XS,,apple_cn
A2099,mob,apple,Apple,D321AP,"iPhone11,2",iPhone XS,中国移动,apple_cn
A2104,mob,apple,Apple,D331pAP,"iPhone11,6",iPhone XS Max,,apple_cn
A2103,mob,apple,Apple,D331AP,"iPhone11,4",iPhone XS Max,中国移动,apple_cn
A2108,mob,apple,Apple,N841AP,"iPhone11,8",iPhone XR,,apple_cn
A2107,mob,apple,Apple,N841AP,"iPhone11,8",iPhone XR,中国移动,apple_cn
A2223,mob,apple,Apple,N104AP,"iPhone12,1",iPhone 11,,apple_cn
A2217,mob,apple,Apple,D421AP,"iPhone12,3",iPhone 11 Pro,,apple_cn
A2220,mob,apple,Apple,D431AP,"iPhone12,5",iPhone 11 Pro Max,,apple_cn
A2298,mob,apple,Apple,D79AP,"iPhone12,8",iPhone SE (第 2 代),,apple_cn
A2400,mob,apple,Apple,D52gAP,"iPhone13,1",iPhone 12 mini,,apple_cn
A2404,mob,apple,Apple,D53gAP,"iPhone13,2",iPhone 12,,apple_cn
A2408,mob,apple,Apple,D53pAP,"iPhone13,3",iPhone 12 Pro,,apple_cn
A2412,mob,apple,Apple,D54pAP,"iPhone13,4",iPhone 12 Pro Max,,apple_cn
A2629,mob,apple,Apple,D16AP,"iPhone14,4",iPhone 13 mini,,apple_cn
A2634,mob,apple,Apple,D17AP,"iPhone14,5",iPhone 13,,apple_cn
A2639,mob,apple,Apple,D63AP,"iPhone14,2",iPhone 13 Pro,,apple_cn
A2644,mob,apple,Apple,D64AP,"iPhone14,3",iPhone 13 Pro Max,,apple_cn
A2785,mob,apple,Apple,D49AP,"iPhone14,6",iPhone SE (第 3 代),,apple_cn
A2884,mob,apple,Apple,D27AP,"iPhone14,7",iPhone 14,,apple_cn
A2888,mob,apple,Apple,D28AP,"iPhone14,8",iPhone 14 Plus,,apple_cn
A2892,mob,apple,Apple,D73AP,"iPhone15,2",iPhone 14 Pro,,apple_cn
A2896,mob,apple,Apple,D74AP,"iPhone15,3",iPhone 14 Pro Max,,apple_cn
A3092,mob,apple,Apple,D37AP,"iPhone15,4",iPhone 15,,apple_cn
A3096,mob,apple,Apple,D38AP,"iPhone15,5",iPhone 15 Plus,,apple_cn
A3104,mob,apple,Apple,D83AP,"iPhone16,1",iPhone 15 Pro,,apple_cn
A3108,mob,apple,Apple,D84AP,"iPhone16,2",iPhone 15 Pro Max,,apple_cn
A3288,mob,apple,Apple,D47AP,"iPhone17,3",iPhone 16,,apple_cn
A3291,mob,apple,Apple,D48AP,"iPhone17,4",iPhone 16 Plus,,apple_cn
A3294,mob,apple,Apple,D93AP,"iPhone17,1",iPhone 16 Pro,,apple_cn
A3297,mob,apple,Apple,D94AP,"iPhone17,2",iPhone 16 Pro Max,,apple_cn
A3410,mob,apple,Apple,V59AP,"iPhone17,5",iPhone 16e,,apple_cn
A3521,mob,apple,Apple,V57AP,"iPhone18,3",iPhone 17,,apple_cn
A3518,mob,apple,Apple,D23AP,"iPhone18,4",iPhone Air,,apple_cn
A3524,mob,apple,Apple,V53AP,"iPhone18,1",iPhone 17 Pro,,apple_cn
A3527,mob,apple,Apple,V54AP,"iPhone18,2",iPhone 17 Pro Max,,apple_cn
A3635,mob,apple,Apple,V159AP,"iPhone18,5",iPhone 17e,,apple_cn
A1219,pad,apple,Apple,K48AP,"iPad1,1",iPad,无线局域网,apple_cn
A1337,pad,apple,Apple,K48AP,"iPad1,1",iPad,无线局域网 + 3G,apple_cn
A1395,pad,apple,Apple,K93AP,"iPad2,1",iPad 2,无线局域网,apple_cn
A1396,pad,apple,Apple,K94AP,"iPad2,2",iPad 2,(无线局域网 + 3G) (GSM),apple_cn
A1397,pad,apple,Apple,K95AP,"iPad2,3",iPad 2,(无线局域网 + 3G) (CDMA),apple_cn
A1395,pad,apple,Apple,K93AAP,"iPad2,4",iPad 2,"无线局域网, 2012",apple_cn
A1416,pad,apple,Apple,J1AP,"iPad3,1",iPad (第 3 代),无线局域网,apple_cn
A1430,pad,apple,Apple,J2AAP,"iPad3,3",iPad (第 3 代),无线局域网 + 蜂窝网络,apple_cn
A1458,pad,apple,Apple,P101AP,"iPad3,4",iPad (第 4 代),无线局域网,apple_cn
A1460,pad,apple,Apple,P103AP,"iPad3,6",iPad (第 4 代),无线局域网 + 蜂窝网络,apple_cn
A1822,pad,apple,Apple,J71sAP,"iPad6,11",iPad (第 5 代),无线局域网,apple_cn
A1823,pad,apple,Apple,J72sAP,"iPad6,12",iPad (第 5 代),无线局域网 + 蜂窝网络,apple_cn
A1893,pad,apple,Apple,J71bAP,"iPad7,5",iPad (第 6 代),无线局域网,apple_cn
A1954,pad,apple,Apple,J72bAP,"iPad7,6",iPad (第 6 代),无线局域网 + 蜂窝网络,apple_cn
A2197,pad,apple,Apple,J171AP,"iPad7,11",iPad (第 7 代),无线局域网,apple_cn
A2199,pad,apple,Apple,J172AP,"iPad7,12",iPad (第 7 代),无线局域网 + 蜂窝网络,apple_cn
A2270,pad,apple,Apple,J171aAP,"iPad11,6",iPad (第 8 代),无线局域网,apple_cn
A2430,pad,apple,Apple,J172aAP,"iPad11,7",iPad (第 8 代),无线局域网 + 蜂窝网络,apple_cn
A2602,pad,apple,Apple,J181AP,"iPad12,1",iPad (第 9 代),无线局域网,apple_cn
A2605,pad,apple,Apple,J182AP,"iPad12,2",iPad (第 9 代),无线局域网 + 蜂窝网络,apple_cn
A2696,pad,apple,Apple,J271AP,"iPad13,18",iPad (第 10 代),无线局域网,apple_cn
A2777,pad,apple,Apple,J272AP,"iPad13,19",iPad (第 10 代),无线局域网 + 蜂窝网络,apple_cn
A3162,pad,apple,Apple,J272AP,"iPad13,19",iPad (第 10 代),(无线局域网 + 蜂窝网络) (eSIM),apple_cn
A3354,pad,apple,Apple,J481AP,"iPad15,7",iPad (A16),无线局域网,apple_cn
A3356,pad,apple,Apple,J482AP,"iPad15,8",iPad (A16),无线局域网 + 蜂窝网络,apple_cn
A1474,pad,apple,Apple,J71AP,"iPad4,1",iPad Air,无线局域网,apple_cn
A1475,pad,apple,Apple,J72AP,"iPad4,2",iPad Air,无线局域网 + 蜂窝网络,apple_cn
A1476,pad,apple,Apple,J73AP,"iPad4,3",iPad Air,(无线局域网 + 蜂窝网络) (TD-LTE),apple_cn
A1566,pad,apple,Apple,J81AP,"iPad5,3",iPad Air 2,无线局域网,apple_cn
A1567,pad,apple,Apple,J82AP,"iPad5,4",iPad Air 2,无线局域网 + 蜂窝网络,apple_cn
A2152,pad,apple,Apple,J217AP,"iPad11,3",iPad Air (第 3 代),无线局域网,apple_cn
A2154,pad,apple,Apple,J218AP,"iPad11,4",iPad Air (第 3 代),无线局域网 + 蜂窝网络,apple_cn
A2316,pad,apple,Apple,J307AP,"iPad13,1",iPad Air (第 4 代),无线局域网,apple_cn
A2325,pad,apple,Apple,J308AP,"iPad13,2",iPad Air (第 4 代),无线局域网 + 蜂窝网络,apple_cn
A2588,pad,apple,Apple,J407AP,"iPad13,16",iPad Air (第 5 代),无线局域网,apple_cn
A2591,pad,apple,Apple,J408AP,"iPad13,17",iPad Air (第 5 代),无线局域网 + 蜂窝网络,apple_cn
A2902,pad,apple,Apple,J507AP,"iPad14,8","iPad Air (11 英寸, M2)",无线局域网,apple_cn
A2904,pad,apple,Apple,J508AP,"iPad14,9","iPad Air (11 英寸, M2)",无线局域网 + 蜂窝网络,apple_cn
A2898,pad,apple,Apple,J537AP,"iPad14,10","iPad Air (13 英寸, M2)",无线局域网,apple_cn
A2900,pad,apple,Apple,J538AP,"iPad14,11","iPad Air (13 英寸, M2)",无线局域网 + 蜂窝网络,apple_cn
A3266,pad,apple,Apple,J607AP,"iPad15,3","iPad Air (11 英寸, M3)",无线局域网,apple_cn
A3270,pad,apple,Apple,J608AP,"iPad15,4","iPad Air (11 英寸, M3)",无线局域网 + 蜂窝网络,apple_cn
A3268,pad,apple,Apple,J637AP,"iPad15,5","iPad Air (13 英寸, M3)",无线局域网,apple_cn
A3271,pad,apple,Apple,J638AP,"iPad15,6","iPad Air (13 英寸, M3)",无线局域网 + 蜂窝网络,apple_cn
A3459,pad,apple,Apple,J707AP,"iPad16,8","iPad Air (11 英寸, M4)",无线局域网,apple_cn
A3463,pad,apple,Apple,J708AP,"iPad16,9","iPad Air (11 英寸, M4)",无线局域网 + 蜂窝网络,apple_cn
A3461,pad,apple,Apple,J737AP,"iPad16,10","iPad Air (13 英寸, M4)",无线局域网,apple_cn
A3464,pad,apple,Apple,J738AP,"iPad16,11","iPad Air (13 英寸, M4)",无线局域网 + 蜂窝网络,apple_cn
A1584,pad,apple,Apple,J98aAP,"iPad6,7",iPad Pro (12.9 英寸),无线局域网,apple_cn
A1652,pad,apple,Apple,J99aAP,"iPad6,8",iPad Pro (12.9 英寸),无线局域网 + 蜂窝网络,apple_cn
A1673,pad,apple,Apple,J127AP,"iPad6,3",iPad Pro (9.7 英寸),无线局域网,apple_cn
A1675,pad,apple,Apple,J128AP,"iPad6,4",iPad Pro (9.7 英寸),无线局域网 + 蜂窝网络,apple_cn
A1670,pad,apple,Apple,J120AP,"iPad7,1","iPad Pro (12.9 英寸, 第 2 代)",无线局域网,apple_cn
A1821,pad,apple,Apple,J121AP,"iPad7,2","iPad Pro (12.9 英寸, 第 2 代)",无线局域网 + 蜂窝网络,apple_cn
A1701,pad,apple,Apple,J207AP,"iPad7,3",iPad Pro (10.5 英寸),无线局域网,apple_cn
A1852,pad,apple,Apple,J208AP,"iPad7,4",iPad Pro (10.5 英寸),无线局域网 + 蜂窝网络,apple_cn
A1980,pad,apple,Apple,J317AP,"iPad8,1",iPad Pro (11 英寸),无线局域网,apple_cn
A1980,pad,apple,Apple,J317xAP,"iPad8,2",iPad Pro (11 英寸),"无线局域网, 1TB",apple_cn
A1979,pad,apple,Apple,J318AP,"iPad8,3",iPad Pro (11 英寸),无线局域网 + 蜂窝网络,apple_cn
A1979,pad,apple,Apple,J318xAP,"iPad8,4",iPad Pro (11 英寸),"无线局域网 + 蜂窝网络, 1TB",apple_cn
A1876,pad,apple,Apple,J320AP,"iPad8,5","iPad Pro (12.9 英寸, 第 3 代)",无线局域网,apple_cn
A1876,pad,apple,Apple,J320xAP,"iPad8,6","iPad Pro (12.9 英寸, 第 3 代)","无线局域网, 1TB",apple_cn
A1983,pad,apple,Apple,J321AP,"iPad8,7","iPad Pro (12.9 英寸, 第 3 代)",无线局域网 + 蜂窝网络,apple_cn
A1983,pad,apple,Apple,J321xAP,"iPad8,8","iPad Pro (12.9 英寸, 第 3 代)","无线局域网 + 蜂窝网络, 1TB",apple_cn
A2228,pad,apple,Apple,J417AP,"iPad8,9","iPad Pro (11 英寸, 第 2 代)",无线局域网,apple_cn
A2231,pad,apple,Apple,J418AP,"iPad8,10","iPad Pro (11 英寸, 第 2 代)",无线局域网 + 蜂窝网络,apple_cn
A2229,pad,apple,Apple,J420AP,"iPad8,11","iPad Pro (12.9 英寸, 第 4 代)",无线局域网,apple_cn
A2233,pad,apple,Apple,J421AP,"iPad8,12","iPad Pro (12.9 英寸, 第 4 代)",无线局域网 + 蜂窝网络,apple_cn
A2377,pad,apple,Apple,J517AP,"iPad13,4","iPad Pro (11 英寸, 第 3 代)","无线局域网, 8GB RAM",apple_cn
A2377,pad,apple,Apple,J517xAP,"iPad13,5","iPad Pro (11 英寸, 第 3 代)","无线局域网, 16GB RAM",apple_cn
A2460,pad,apple,Apple,J518AP,"iPad13,6","iPad Pro (11 英寸, 第 3 代)","无线局域网 + 蜂窝网络, 8GB RAM",apple_cn
A2460,pad,apple,Apple,J518xAP,"iPad13,7","iPad Pro (11 英寸, 第 3 代)","无线局域网 + 蜂窝网络, 16GB RAM",apple_cn
A2378,pad,apple,Apple,J522AP,"iPad13,8","iPad Pro (12.9 英寸, 第 5 代)","无线局域网, 8GB RAM",apple_cn
A2378,pad,apple,Apple,J522xAP,"iPad13,9","iPad Pro (12.9 英寸, 第 5 代)","无线局域网, 16GB RAM",apple_cn
A2462,pad,apple,Apple,J523AP,"iPad13,10","iPad Pro (12.9 英寸, 第 5 代)","无线局域网 + 蜂窝网络, 8GB RAM",apple_cn
A2462,pad,apple,Apple,J523xAP,"iPad13,11","iPad Pro (12.9 英寸, 第 5 代)","无线局域网 + 蜂窝网络, 16GB RAM",apple_cn
A2759,pad,apple,Apple,J617AP,"iPad14,3","iPad Pro (11 英寸, 第 4 代)",无线局域网,apple_cn
A2762,pad,apple,Apple,J618AP,"iPad14,4","iPad Pro (11 英寸, 第 4 代)",无线局域网 + 蜂窝网络,apple_cn
A2436,pad,apple,Apple,J620AP,"iPad14,5","iPad Pro (12.9 英寸, 第 6 代)",无线局域网,apple_cn
A2766,pad,apple,Apple,J621AP,"iPad14,6","iPad Pro (12.9 英寸, 第 6 代)",无线局域网 + 蜂窝网络,apple_cn
A2836,pad,apple,Apple,J717AP,"iPad16,3","iPad Pro (11 英寸, M4)",无线局域网,apple_cn
A3006,pad,apple,Apple,J718AP,"iPad16,4","iPad Pro (11 英寸, M4)",无线局域网 + 蜂窝网络,apple_cn
A2925,pad,apple,Apple,J720AP,"iPad16,5","iPad Pro (13 英寸, M4)",无线局域网,apple_cn
A3007,pad,apple,Apple,J721AP,"iPad16,6","iPad Pro (13 英寸, M4)",无线局域网 + 蜂窝网络,apple_cn
A3357,pad,apple,Apple,J817AP,"iPad17,1","iPad Pro (11 英寸, M5)",无线局域网,apple_cn
A3359,pad,apple,Apple,J818AP,"iPad17,2","iPad Pro (11 英寸, M5)",无线局域网 + 蜂窝网络,apple_cn
A3360,pad,apple,Apple,J820AP,"iPad18,1","iPad Pro (13 英寸, M5)",无线局域网,apple_cn
A3362,pad,apple,Apple,J821AP,"iPad18,2","iPad Pro (13 英寸, M5)",无线局域网 + 蜂窝网络,apple_cn
A1432,pad,apple,Apple,P105AP,"iPad2,5",iPad mini,无线局域网,apple_cn
A1455,pad,apple,Apple,P107AP,"iPad2,7",iPad mini,无线局域网 + 蜂窝网络,apple_cn
A1489,pad,apple,Apple,J85AP,"iPad4,4",iPad mini 2,无线局域网,apple_cn
A1490,pad,apple,Apple,J86AP,"iPad4,5",iPad mini 2,无线局域网 + 蜂窝网络,apple_cn
A1491,pad,apple,Apple,J87AP,"iPad4,6",iPad mini 2,(无线局域网 + 蜂窝网络) (TD-LTE),apple_cn
A1599,pad,apple,Apple,J85mAP,"iPad4,7",iPad mini 3,无线局域网,apple_cn
A1600,pad,apple,Apple,J86mAP,"iPad4,8",iPad mini 3,无线局域网 + 蜂窝网络,apple_cn
A1601,pad,apple,Apple,J87mAP,"iPad4,9",iPad mini 3,(无线局域网 + 蜂窝网络) (TD-LTE),apple_cn
A1538,pad,apple,Apple,J96AP,"iPad5,1",iPad mini 4,无线局域网,apple_cn
A1550,pad,apple,Apple,J97AP,"iPad5,2",iPad mini 4,无线局域网 + 蜂窝网络,apple_cn
A2133,pad,apple,Apple,J210AP,"iPad11,1",iPad mini (第 5 代),无线局域网,apple_cn
A2125,pad,apple,Apple,J211AP,"iPad11,2",iPad mini (第 5 代),无线局域网 + 蜂窝网络,apple_cn
A2567,pad,apple,Apple,J310AP,"iPad14,1",iPad mini (第 6 代),无线局域网,apple_cn
A2569,pad,apple,Apple,J311AP,"iPad14,2",iPad mini (第 6 代),无线局域网 + 蜂窝网络,apple_cn
A2993,pad,apple,Apple,J410AP,"iPad16,1",iPad mini (A17 Pro),无线局域网,apple_cn
A2996,pad,apple,Apple,J411AP,"iPad16,2",iPad mini (A17 Pro),无线局域网 + 蜂窝网络,apple_cn
A1553,watch,apple,Apple,N27aAP,"Watch1,1",Apple Watch (第 1 代),38 毫米表壳,apple_cn
A1554,watch,apple,Apple,N28aAP,"Watch1,2",Apple Watch (第 1 代),42 毫米表壳,apple_cn
A1802,watch,apple,Apple,N27dAP,"Watch2,6",Apple Watch Series 1,38 毫米表壳,apple_cn
A1803,watch,apple,Apple,N28dAP,"Watch2,7",Apple Watch Series 1,42 毫米表壳,apple_cn
A1757,watch,apple,Apple,N74AP,"Watch2,3",Apple Watch Series 2,38 毫米表壳,apple_cn
A1816,watch,apple,Apple,N74AP,"Watch2,3",Apple Watch Series 2,Edition (38 毫米表壳),apple_cn
A1758,watch,apple,Apple,N75AP,"Watch2,4",Apple Watch Series 2,42 毫米表壳,apple_cn
A1817,watch,apple,Apple,N75AP,"Watch2,4",Apple Watch Series 2,Edition (42 毫米表壳),apple_cn
A1890,watch,apple,Apple,N111sAP,"Watch3,1",Apple Watch Series 3,(GPS + 蜂窝网络) (38 毫米表壳),apple_cn
A1892,watch,apple,Apple,N111bAP,"Watch3,2",Apple Watch Series 3,(GPS + 蜂窝网络) (42 毫米表壳),apple_cn
A1858,watch,apple,Apple,N121sAP,"Watch3,3",Apple Watch Series 3,(GPS) (38 毫米表壳),apple_cn
A1859,watch,apple,Apple,N121bAP,"Watch3,4",Apple Watch Series 3,(GPS) (42 毫米表壳),apple_cn
A1977,watch,apple,Apple,N131sAP,"Watch4,1",Apple Watch Series 4,(GPS) (40 毫米表壳),apple_cn
A1978,watch,apple,Apple,N131bAP,"Watch4,2",Apple Watch Series 4,(GPS) (44 毫米表壳),apple_cn
A2007,watch,apple,Apple,N141sAP,"Watch4,3",Apple Watch Series 4,(GPS + 蜂窝网络) (40 毫米表壳),apple_cn
A2008,watch,apple,Apple,N141bAP,"Watch4,4",Apple Watch Series 4,(GPS + 蜂窝网络) (44 毫米表壳),apple_cn
A2092,watch,apple,Apple,N144sAP,"Watch5,1",Apple Watch Series 5,(GPS) (40 毫米表壳),apple_cn
A2093,watch,apple,Apple,N144bAP,"Watch5,2",Apple Watch Series 5,(GPS) (44 毫米表壳),apple_cn
A2156,watch,apple,Apple,N146sAP,"Watch5,3",Apple Watch Series 5,(GPS + 蜂窝网络) (40 毫米表壳),apple_cn
A2157,watch,apple,Apple,N146bAP,"Watch5,4",Apple Watch Series 5,(GPS + 蜂窝网络) (44 毫米表壳),apple_cn
A2291,watch,apple,Apple,N157sAP,"Watch6,1",Apple Watch Series 6,(GPS) (40 毫米表壳),apple_cn
A2292,watch,apple,Apple,N157bAP,"Watch6,2",Apple Watch Series 6,(GPS) (44 毫米表壳),apple_cn
A2375,watch,apple,Apple,N158sAP,"Watch6,3",Apple Watch Series 6,(GPS + 蜂窝网络) (40 毫米表壳),apple_cn
A2376,watch,apple,Apple,N158bAP,"Watch6,4",Apple Watch Series 6,(GPS + 蜂窝网络) (44 毫米表壳),apple_cn
A2473,watch,apple,Apple,N187sAP,"Watch6,6",Apple Watch Series 7,(GPS) (41 毫米表壳),apple_cn
A2474,watch,apple,Apple,N187bAP,"Watch6,7",Apple Watch Series 7,(GPS) (45 毫米表壳),apple_cn
A2476,watch,apple,Apple,N188sAP,"Watch6,8",Apple Watch Series 7,(GPS + 蜂窝网络) (41 毫米表壳),apple_cn
A2478,watch,apple,Apple,N188bAP,"Watch6,9",Apple Watch Series 7,(GPS + 蜂窝网络) (45 毫米表壳),apple_cn
A2770,watch,apple,Apple,N197sAP,"Watch6,14",Apple Watch Series 8,(GPS) (41 毫米表壳),apple_cn
A2771,watch,apple,Apple,N197bAP,"Watch6,15",Apple Watch Series 8,(GPS) (45 毫米表壳),apple_cn
A2857,watch,apple,Apple,N198sAP,"Watch6,16",Apple Watch Series 8,(GPS + 蜂窝网络) (41 毫米表壳),apple_cn
A2858,watch,apple,Apple,N198bAP,"Watch6,17",Apple Watch Series 8,(GPS + 蜂窝网络) (45 毫米表壳),apple_cn
A2978,watch,apple,Apple,N207sAP,"Watch7,1",Apple Watch Series 9,(GPS) (41 毫米表壳),apple_cn
A2980,watch,apple,Apple,N207bAP,"Watch7,2",Apple Watch Series 9,(GPS) (45 毫米表壳),apple_cn
A2983,watch,apple,Apple,N208sAP,"Watch7,3",Apple Watch Series 9,(GPS + 蜂窝网络) (41 毫米表壳),apple_cn
A2985,watch,apple,Apple,N208bAP,"Watch7,4",Apple Watch Series 9,(GPS + 蜂窝网络) (45 毫米表壳),apple_cn
A2998,watch,apple,Apple,N217sAP,"Watch7,8",Apple Watch Series 10,(GPS) (42 毫米表壳),apple_cn
A3000,watch,apple,Apple,N217bAP,"Watch7,9",Apple Watch Series 10,(GPS) (46 毫米表壳),apple_cn
A3002,watch,apple,Apple,N218sAP,"Watch7,10",Apple Watch Series 10,(GPS + 蜂窝网络) (42 毫米表壳),apple_cn
A3206,watch,apple,Apple,N218bAP,"Watch7,11",Apple Watch Series 10,(GPS + 蜂窝网络) (46 毫米表壳),apple_cn
A3450,watch,apple,Apple,N227sAP,"Watch7,17",Apple Watch Series 11,(GPS) (42 毫米表壳),apple_cn
A3451,watch,apple,Apple,N227bAP,"Watch7,18",Apple Watch Series 11,(GPS) (46 毫米表壳),apple_cn
A3452,watch,apple,Apple,N228sAP,"Watch7,19",Apple Watch Series 11,(GPS + 蜂窝网络) (42 毫米表壳),apple_cn
A3453,watch,apple,Apple,N228bAP,"Watch7,20",Apple Watch Series 11,(GPS + 蜂窝网络) (46 毫米表壳),apple_cn
A2351,watch,apple,Apple,N140sAP,"Watch5,9",Apple Watch SE,(GPS) (40 毫米表壳),apple_cn
A2352,watch,apple,Apple,N140bAP,"Watch5,10",Apple Watch SE,(GPS) (44 毫米表壳),apple_cn
A2355,watch,apple,Apple,N142sAP,"Watch5,11",Apple Watch SE,(GPS + 蜂窝网络) (40 毫米表壳),apple_cn
A2356,watch,apple,Apple,N142bAP,"Watch5,12",Apple Watch SE,(GPS + 蜂窝网络) (44 毫米表壳),apple_cn
A2722,watch,apple,Apple,N143sAP,"Watch6,10",Apple Watch SE 2,(GPS) (40 毫米表壳),apple_cn
A2723,watch,apple,Apple,N143bAP,"Watch6,11",Apple Watch SE 2,(GPS) (44 毫米表壳),apple_cn
A2855,watch,apple,Apple,N149sAP,"Watch6,12",Apple Watch SE 2,(GPS + 蜂窝网络) (40 毫米表壳),apple_cn
A2856,watch,apple,Apple,N149bAP,"Watch6,13",Apple Watch SE 2,(GPS + 蜂窝网络) (44 毫米表壳),apple_cn
A3391,watch,apple,Apple,N243sAP,"Watch7,13",Apple Watch SE 3,(GPS) (40 毫米表壳),apple_cn
A3392,watch,apple,Apple,N243bAP,"Watch7,14",Apple Watch SE 3,(GPS) (44 毫米表壳),apple_cn
A3327,watch,apple,Apple,N244sAP,"Watch7,15",Apple Watch SE 3,(GPS + 蜂窝网络) (44 毫米表壳),apple_cn
A3329,watch,apple,Apple,N244bAP,"Watch7,16",Apple Watch SE 3,(GPS + 蜂窝网络) (44 毫米表壳),apple_cn
A2859,watch,apple,Apple,N199AP,"Watch6,18",Apple Watch Ultra,,apple_cn
A2987,watch,apple,Apple,N210AP,"Watch7,5",Apple Watch Ultra 2,,apple_cn
A3282,watch,apple,Apple,N230AP,"Watch7,12",Apple Watch Ultra 3,,apple_cn
A2117,glass,apple,Apple,N301AP,"RealityDevice14,1",Apple Vision Pro,,apple_cn
A3416,glass,apple,Apple,N301aAP,"RealityDevice17,1,1",Apple Vision Pro (M5),,apple_cn
A1213,pod,apple,Apple,N45AP,"iPod1,1",iPod touch,,apple_cn
A1319,pod,apple,Apple,N72AP,"iPod2,1",iPod touch (第 2 代),,apple_cn
A1318,pod,apple,Apple,N18AP,"iPod3,1",iPod touch (第 3 代),,apple_cn
A1367,pod,apple,Apple,N81AP,"iPod4,1",iPod touch (第 4 代),,apple_cn
A1421,pod,apple,Apple,N78AP,"iPod5,1",iPod touch (第 5 代),,apple_cn
A1509,pod,apple,Apple,N78AP,"iPod5,1",iPod touch (第 5 代),16GB,apple_cn
A1574,pod,apple,Apple,N102AP,"iPod7,1",iPod touch (第 6 代),,apple_cn
A2178,pod,apple,Apple,N112AP,"iPod9,1",iPod touch (第 7 代),,apple_cn
ASUS_Z01QD,mob,asus,华硕,,ZS600KL,ROG 游戏手机,,asus_cn
ASUS_I001DA,mob,asus,华硕,,ZS660KL,ROG 游戏手机 2,,asus_cn
ASUS_I001DB,mob,asus,华硕,,ZS660KL,ROG 游戏手机 2,,asus_cn
ASUS_I003DD,mob,asus,华硕,,ZS661KS,ROG 游戏手机 3,,asus_cn
ASUS_I005DA,mob,asus,华硕,,ZS673KS,腾讯 ROG 游戏手机 5,,asus_cn
ASUS_I005DB,mob,asus,华硕,,ZS673KS,腾讯 ROG 游戏手机 5,Pro,asus_cn
ASUS_I005DA,mob,asus,华硕,,ZS676KS,腾讯 ROG 游戏手机 5s,,asus_cn
ASUS_I005DB,mob,asus,华硕,,ZS676KS,腾讯 ROG 游戏手机 5s,Pro,asus_cn
ASUS_AI2201_A,mob,asus,华硕,,AI2201,腾讯 ROG 游戏手机 6,,asus_cn
ASUS_AI2201_B,mob,asus,华硕,,AI2201,腾讯 ROG 游戏手机 6,Pro,asus_cn
ASUS_AI2203_A,mob,asus,华硕,,AI2203,腾讯 ROG 游戏手机 6 天玑版,,asus_cn
ASUS_AI2203_B,mob,asus,华硕,,AI2203,腾讯 ROG 游戏手机 6 天玑版,至尊版,asus_cn
ASUS_AI2205_A,mob,asus,华硕,,AI2205,腾讯 ROG 游戏手机 7,,asus_cn
ASUS_AI2205_B,mob,asus,华硕,,AI2205,腾讯 ROG 游戏手机 7,Pro,asus_cn
ASUS_AI2401_A,mob,asus,华硕,,AI2401,ROG 游戏手机 8,,asus_cn
ASUS_AI2401_A,mob,asus,华硕,,AI2401,ROG 游戏手机 8,Pro,asus_cn
ASUSAI2501A,mob,asus,华硕,,AI2501,ROG 游戏手机 9,,asus_cn
ASUSAI2501A,mob,asus,华硕,,AI2501,ROG 游戏手机 9,Pro,asus_cn
ASUS_I007D,mob,asus,华硕,,,Smartphone for Snapdragon Insiders,,asus_cn
ASUS_T00I,mob,asus,Asus,,A400CG,Asus Zenfone 4,A400CG,asus_en
ASUS_T00Q,mob,asus,Asus,,A450CG,Asus Zenfone 4,A450CG,asus_en
ASUS_T00F,mob,asus,Asus,,A500CG,Asus Zenfone 5,A500CG,asus_en
ASUS_T00J,mob,asus,Asus,,A501CG,Asus Zenfone 5,A501CG,asus_en
ASUS_T00K,mob,asus,Asus,,A502CG,Asus Zenfone 5,A502CG,asus_en
ASUS_T00P,mob,asus,Asus,,A500KL,Asus Zenfone 5,A500KL,asus_en
ASUS_T00G,mob,asus,Asus,,A600CG,Asus Zenfone 6,A600CG,asus_en
ASUS_T002,mob,asus,Asus,,A601CG,Asus Zenfone 6,A601CG,asus_en
ASUS_Z007,mob,asus,Asus,,ZC451CG,Asus Zenfone C,ZC451CG,asus_en
ASUS_Z00D,mob,asus,Asus,,ZE500CL,Asus Zenfone 2,ZE500CL,asus_en
ASUS_Z008(D),mob,asus,Asus,,ZE550ML,Asus Zenfone 2,ZE550ML,asus_en
ASUS_Z00A,mob,asus,Asus,,ZE551ML,Asus Zenfone 2,ZE551ML,asus_en
ASUS_Z00AD,mob,asus,Asus,,ZE551ML,Asus ZenFone 2 Deluxe,ZE551ML,asus_en
ASUS_Z00VD,mob,asus,Asus,,ZC500TG,Asus Zenfone Go,ZC500TG,asus_en
ASUS_Z00E(D),mob,asus,Asus,,ZE500KL,Asus Zenfone 2 Laser,ZE500KL,asus_en
ASUS_Z00L(D),mob,asus,Asus,,ZE550KL,Asus Zenfone 2 Laser,ZE550KL,asus_en
ASUS_Z011(D),mob,asus,Asus,,ZE601KL,Asus Zenfone 2 Laser,ZE601KL,asus_en
ASUS_Z00M(D),mob,asus,Asus,,ZE600KL,Asus Zenfone 2 Laser,ZE600KL,asus_en
ASUS_Z00U(D),mob,asus,Asus,,ZD551KL,Asus Zenfone Selfie,ZD551KL,asus_en
ASUS_Z00XS,mob,asus,Asus,,ZX551ML,Asus Zenfone Zoom,ZX551ML,asus_en
ASUS_Z017(D),mob,asus,Asus,,ZE520KL,Asus Zenfone 3,ZE520KL,asus_en
ASUS_Z012(D),mob,asus,Asus,,ZE552KL,Asus Zenfone 3,ZE552KL,asus_en
ASUS_Z016(D),mob,asus,Asus,,ZS570KL,Asus Zenfone 3 Deluxe,ZS570KL,asus_en
ASUS_Z01FD,mob,asus,Asus,,ZS550KL,Asus Zenfone 3 Deluxe 5.5,ZS550KL,asus_en
ASUS_Z01B(D),mob,asus,Asus,,ZC551KL,Asus Zenfone 3 Laser,ZC551KL,asus_en
ASUS_X008(D),mob,asus,Asus,,ZC520TL,Asus Zenfone 3 Max,ZC520TL,asus_en
ASUS_X00DD,mob,asus,Asus,,ZC553KL,Asus Zenfone 3 Max,ZC553KL,asus_en
ASUS_A001,mob,asus,Asus,,ZU680KL,Asus Zenfone 3 Ultra,ZU680KL,asus_en
ASUS_Z01HDA,mob,asus,Asus,,ZE553KL,Asus Zenfone 3 Zoom,ZE553KL,asus_en
ASUS_X00GD,mob,asus,Asus,,ZC521TL,Asus Zenfone 3s Max,ZC521TL,asus_en
ASUS_X009D,mob,asus,Asus,,ZB450KL,Asus Zenfone Go,ZB450KL,asus_en
ASUS_X00AD,mob,asus,Asus,,ZB500KL,Asus Zenfone Go,ZB500KL,asus_en
ASUS_X007D,mob,asus,Asus,,ZB552KL,Asus Zenfone Go,ZB552KL,asus_en
ASUS_X00BD,mob,asus,Asus,,ZB500KG,Asus Zenfone Go,ZB500KG,asus_en
ASUS_L001,mob,asus,Asus,,ZB690KG,Asus Zenfone Go 6.9,ZB690KG,asus_en
ASUS_A007,mob,asus,Asus,,ZB501KL,Asus Zenfone Live,ZB501KL,asus_en
ASUS_A002,mob,asus,Asus,,ZS571KL,Asus Zenfone AR,ZS571KL,asus_en
ASUS_Z01KD,mob,asus,Asus,,ZE554KL,Asus Zenfone 4,ZE554KL,asus_en
ASUS_Z01GD,mob,asus,Asus,,ZS551KL,Asus Zenfone 4 Pro,ZS551KL,asus_en
ASUS_X00LD,mob,asus,Asus,,ZD553KL,Asus Zenfone 4 Selfie,ZD553KL,asus_en
ASUS_Z01MD,mob,asus,Asus,,ZD552KL,Asus Zenfone 4 Selfie Pro,ZD552KL,asus_en
ASUS_X00ID,mob,asus,Asus,,ZC554KL,Asus Zenfone 4 Max,ZC554KL,asus_en
ASUS_X00HD,mob,asus,Asus,,ZC520KL,Asus Zenfone 4 Max,ZC520KL,asus_en
ASUS_X018D,mob,asus,Asus,,ZB570TL,Asus Zenfone Max Plus (M1),ZB570TL,asus_en
ASUS_X00TD,mob,asus,Asus,,ZB60*KL,Asus Zenfone Max Pro (M1),ZB601KL,asus_en
ASUS_X00TD,mob,asus,Asus,,ZB60*KL,Asus Zenfone Max Pro (M1),ZB602KL,asus_en
ASUS_X00PD,mob,asus,Asus,,ZB55*KL,Asus Zenfone Max (M1),ZB555KL,asus_en
ASUS_X00PD,mob,asus,Asus,,ZB55*KL,Asus Zenfone Max (M1),ZB556KL,asus_en
ASUS_X00RD,mob,asus,Asus,,ZA550KL,Asus Zenfone Live L1,ZA550KL,asus_en
ASUS_X017DA,mob,asus,Asus,,ZC600KL,Asus Zenfone 5Q,ZC600KL,asus_en
ASUS_X00QD,mob,asus,Asus,,ZE620KL,Asus Zenfone 5,ZE620KL,asus_en
ASUS_Z01RD,mob,asus,Asus,,ZS620KL,Asus Zenfone 5Z,ZS620KL,asus_en
ASUS_X01AD,mob,asus,Asus,,ZB633KL,Asus Zenfone Max (M2),ZB633KL,asus_en
ASUS_X01BDA,mob,asus,Asus,,ZB631KL,Asus Zenfone Max Pro (M2),ZB631KL,asus_en
ASUS_I01WD,mob,asus,Asus,,ZS630KL,Asus Zenfone 6,,asus_en
ASUS_I002D,mob,asus,Asus,,ZS670KS,Asus Zenfone 7,,asus_en
ASUS_I002D,mob,asus,Asus,,ZS671KS,Asus Zenfone 7 Pro,,asus_en
ASUS_I006D,mob,asus,Asus,,ZS590KS,Asus Zenfone 8,,asus_en
ASUS_I004D,mob,asus,Asus,,ZS672KS,Asus Zenfone 8 Flip,,asus_en
ASUS_AI2202,mob,asus,Asus,,AI2202,Asus Zenfone 9,,asus_en
ASUS_AI2302,mob,asus,Asus,,AI2302,Asus Zenfone 10,,asus_en
JP_AI2302,mob,asus,Asus,,AI2302,Asus Zenfone 10,Japan,asus_en
EU_AI2302,mob,asus,Asus,,AI2302,Asus Zenfone 10,Europe,asus_en
WW_AI2302,mob,asus,Asus,,AI2302,Asus Zenfone 10,Worldwide,asus_en
ASUS_AI2401_H,mob,asus,Asus,,AI2401,Asus Zenfone 11 Ultra,,asus_en
ASUSAI2501H,mob,asus,Asus,,AI2501_H,Asus Zenfone 12 Ultra,,asus_en
ASUS_Z01QD,mob,asus,Asus,,ZS600KL,ROG Phone,,asus_en
ASUS_I001DA,mob,asus,Asus,,ZS660KL,ROG Phone II,2,asus_en
ASUS_I001DB,mob,asus,Asus,,ZS660KL,ROG Phone II,2,asus_en
ASUS_I003DD,mob,asus,Asus,,ZS661KS,ROG Phone 3,,asus_en
ASUS_I005DA,mob,asus,Asus,,ZS673KS,ROG Phone 5,,asus_en
ASUS_I005DB,mob,asus,Asus,,ZS673KS,ROG Phone 5,Pro,asus_en
ASUS_I005DA,mob,asus,Asus,,ZS676KS,ROG Phone 5s,,asus_en
ASUS_I005DB,mob,asus,Asus,,ZS676KS,ROG Phone 5s,Pro,asus_en
ASUS_AI2201_C,mob,asus,Asus,,AI2201,ROG Phone 6,,asus_en
ASUS_AI2201_D,mob,asus,Asus,,AI2201,ROG Phone 6,Pro,asus_en
ASUS_AI2201_E,mob,asus,Asus,,AI2201,ROG Phone 6,,asus_en
ASUS_AI2201_F,mob,asus,Asus,,AI2201,ROG Phone 6,,asus_en
ASUS_AI2203_C,mob,asus,Asus,,AI2203,ROG Phone 6D,,asus_en
ASUS_AI2203_D,mob,asus,Asus,,AI2203,ROG Phone 6D,Ultimate,asus_en
ASUS_AI2205_C,mob,asus,Asus,,AI2205,ROG Phone 7,,asus_en
ASUS_AI2205_D,mob,asus,Asus,,AI2205,ROG Phone 7,Ultimate,asus_en
ASUS_AI2401_A,mob,asus,Asus,,AI2401,ROG Phone 8,,asus_en
ASUS_AI2401_A,mob,asus,Asus,,AI2401,ROG Phone 8,Pro (CN),asus_en
ASUS_AI2401_C,mob,asus,Asus,,AI2401,ROG Phone 8,Worldwide,asus_en
ASUS_AI2401_D,mob,asus,Asus,,AI2401,ROG Phone 8,Pro (Worldwide),asus_en
ASUS_AI2401_E,mob,asus,Asus,,AI2401,ROG Phone 8,,asus_en
ASUS_AI2401_E,mob,asus,Asus,,AI2401,ROG Phone 8,Pro (US),asus_en
ASUSAI2501A,mob,asus,Asus,,AI2501,ROG Phone 9,,asus_en
ASUSAI2501A,mob,asus,Asus,,AI2501,ROG Phone 9,Pro (CN),asus_en
ASUSAI2501B,mob,asus,Asus,,AI2501,ROG Phone 9,,asus_en
ASUSAI2501B,mob,asus,Asus,,AI2501,ROG Phone 9,Pro (Worldwide),asus_en
ASUSAI2501C,mob,asus,Asus,,AI2501,ROG Phone 9,,asus_en
ASUSAI2501C,mob,asus,Asus,,AI2501,ROG Phone 9,Pro (Worldwide),asus_en
ASUSAI2501D,mob,asus,Asus,,AI2501,ROG Phone 9,,asus_en
ASUSAI2501D,mob,asus,Asus,,AI2501,ROG Phone 9,Pro (US),asus_en
ASUS_AI2401_N,mob,asus,Asus,,AI2401,ROG Phone 9 FE,,asus_en
ASUS_I007D,mob,asus,Asus,,,Smartphone for Snapdragon Insiders,,asus_en
SKR-A0,mob,blackshark,黑鲨,,shark,黑鲨游戏手机,全网通版,blackshark
SKR-H0,mob,blackshark,黑鲨,,shark,黑鲨游戏手机,国际版,blackshark
AWM-A0,mob,blackshark,黑鲨,,bullhead,黑鲨游戏手机 Helo,,blackshark
SKW-A0,mob,blackshark,黑鲨,,skywalker,黑鲨游戏手机 2,全网通版,blackshark
SKW-H0,mob,blackshark,黑鲨,,skywalker,黑鲨游戏手机 2,国际版,blackshark
DLT-A0,mob,blackshark,黑鲨,,darklighter,黑鲨游戏手机 2 Pro,全网通版,blackshark
DLT-H0,mob,blackshark,黑鲨,,darklighter,黑鲨游戏手机 2 Pro,国际版,blackshark
SHARK KLE-A0,mob,blackshark,黑鲨,,klein,腾讯黑鲨游戏手机 3,全网通版,blackshark
SHARK KLE-H0,mob,blackshark,黑鲨,,klein,腾讯黑鲨游戏手机 3,黑鲨游戏手机 3 国际版,blackshark
SHARK MBU-A0,mob,blackshark,黑鲨,,mobius,腾讯黑鲨游戏手机 3 Pro,全网通版,blackshark
SHARK MBU-H0,mob,blackshark,黑鲨,,mobius,腾讯黑鲨游戏手机 3 Pro,黑鲨游戏手机 3 Pro 国际版,blackshark
SHARK KLE-A0,mob,blackshark,黑鲨,,klein,腾讯黑鲨游戏手机 3S,全网通版,blackshark
SHARK PRS-A0,mob,blackshark,黑鲨,,penrose,黑鲨 4,全网通版,blackshark
SHARK PRS-H0,mob,blackshark,黑鲨,,penrose,黑鲨 4,国际版,blackshark
SHARK KSR-A0,mob,blackshark,黑鲨,,kaiser,黑鲨 4 Pro,全网通版,blackshark
SHARK KSR-H0,mob,blackshark,黑鲨,,kaiser,黑鲨 4 Pro,国际版,blackshark
SHARK PRS-A0,mob,blackshark,黑鲨,,penrose,黑鲨 4S,全网通版,blackshark
SHARK KSR-A0,mob,blackshark,黑鲨,,kaiser,黑鲨 4S Pro,全网通版,blackshark
SHARK PAR-A0,mob,blackshark,黑鲨,,patriot,黑鲨 5,全网通版,blackshark
SHARK PAR-A0,mob,blackshark,黑鲨,,patriot,黑鲨 5,高能版,blackshark
SHARK PAR-H0,mob,blackshark,黑鲨,,patriot,黑鲨 5,国际版,blackshark
SHARK KSR-A0,mob,blackshark,黑鲨,,kaiser,黑鲨 5 RS,全网通版,blackshark
SHARK KTUS-A0,mob,blackshark,黑鲨,,katyusha,黑鲨 5 Pro,全网通版,blackshark
SHARK KTUS-H0,mob,blackshark,黑鲨,,katyusha,黑鲨 5 Pro,国际版,blackshark
SKR-H0,mob,blackshark,BlackShark,,shark,Black Shark,Global,blackshark_en
SKR-A0,mob,blackshark,BlackShark,,shark,Black Shark,China,blackshark_en
AWM-A0,mob,blackshark,BlackShark,,bullhead,Black Shark Helo,China,blackshark_en
SKW-H0,mob,blackshark,BlackShark,,skywalker,Black Shark 2,Global,blackshark_en
SKW-A0,mob,blackshark,BlackShark,,skywalker,Black Shark 2,China,blackshark_en
DLT-H0,mob,blackshark,BlackShark,,darklighter,Black Shark 2 Pro,Global,blackshark_en
DLT-A0,mob,blackshark,BlackShark,,darklighter,Black Shark 2 Pro,China,blackshark_en
SHARK KLE-H0,mob,blackshark,BlackShark,,klein,Black Shark 3,Global,blackshark_en
SHARK KLE-A0,mob,blackshark,BlackShark,,klein,Black Shark 3,China,blackshark_en
SHARK MBU-H0,mob,blackshark,BlackShark,,mobius,Black Shark 3 Pro,Global,blackshark_en
SHARK MBU-A0,mob,blackshark,BlackShark,,mobius,Black Shark 3 Pro,China,blackshark_en
SHARK KLE-A0,mob,blackshark,BlackShark,,klein,Black Shark 3S,China,blackshark_en
SHARK PRS-H0,mob,blackshark,BlackShark,,penrose,Black Shark 4,Global,blackshark_en
SHARK PRS-A0,mob,blackshark,BlackShark,,penrose,Black Shark 4,China,blackshark_en
SHARK KSR-H0,mob,blackshark,BlackShark,,kaiser,Black Shark 4 Pro,Global,blackshark_en
SHARK KSR-A0,mob,blackshark,BlackShark,,kaiser,Black Shark 4 Pro,China,blackshark_en
SHARK PRS-A0,mob,blackshark,BlackShark,,penrose,Black Shark 4S,China,blackshark_en
SHARK KSR-A0,mob,blackshark,BlackShark,,kaiser,Black Shark 4S Pro,China,blackshark_en
SHARK PAR-H0,mob,blackshark,BlackShark,,patriot,Black Shark 5,Global,blackshark_en
SHARK PAR-A0,mob,blackshark,BlackShark,,patriot,Black Shark 5,China,blackshark_en
SHARK KSR-A0,mob,blackshark,BlackShark,,kaiser,Black Shark 5 RS,China,blackshark_en
SHARK KTUS-H0,mob,blackshark,BlackShark,,katyusha,Black Shark 5 Pro,Global,blackshark_en
SHARK KTUS-A0,mob,blackshark,BlackShark,,katyusha,Black Shark 5 Pro,China,blackshark_en
8297,mob,coolpad,酷派,,,酷派大神 F1,移动 3G 版,coolpad
8297W,mob,coolpad,酷派,,,酷派大神 F1,联通 3G 版,coolpad
8297D,mob,coolpad,酷派,,,酷派大神 F1,青春版,coolpad
8297-C00,mob,coolpad,酷派,,,酷派大神 F1,电信 4G 版,coolpad
8297-W01,mob,coolpad,酷派,,,酷派大神 F1,Plus 联通 4G 版,coolpad
8297-T01,mob,coolpad,酷派,,,酷派大神 F1,Plus 移动 4G 版 & 酷派大神 F1 极速版,coolpad
8675-HD,mob,coolpad,酷派,,,酷派大神 F2,移动版,coolpad
8675-W00,mob,coolpad,酷派,,,酷派大神 F2,联通版,coolpad
8675A,mob,coolpad,酷派,,,酷派大神 F2,全网通版,coolpad
8675-FHD,mob,coolpad,酷派,,,酷派大神 F2,全高清版,coolpad
8675-F01,mob,coolpad,酷派,,,酷派大神 F2,全高清移动版,coolpad
8690,mob,coolpad,酷派,,,酷派大神 X7,双网通版,coolpad
8690-T00,mob,coolpad,酷派,,,酷派大神 X7,移动版,coolpad
8691,mob,coolpad,酷派,,,酷派大神 X7,全网通版,coolpad
8670,mob,coolpad,酷派,,,酷派大神 Note,,coolpad
C105,mob,coolpad,酷派,,,酷派 COOL Changer S1,,coolpad
C105-6,mob,coolpad,酷派,,,酷派 COOL Changer S1,,coolpad
C105-8,mob,coolpad,酷派,,,酷派 COOL Changer S1,,coolpad
C106,mob,coolpad,酷派,,,酷派 COOL 1 dual,,coolpad
C106-6,mob,coolpad,酷派,,,酷派 COOL 1 dual,,coolpad
C106-7,mob,coolpad,酷派,,,酷派 COOL 1 dual,,coolpad
C106-8,mob,coolpad,酷派,,,酷派 COOL 1 dual,,coolpad
C106-9,mob,coolpad,酷派,,,酷派 COOL 1 dual,,coolpad
C107,mob,coolpad,酷派,,,酷派 COOL 1C,,coolpad
C107-9,mob,coolpad,酷派,,,酷派 COOL 1C,,coolpad
POL-A0,mob,coolpad,酷派,,,酷派 COOL M7,全网通版,coolpad
POL-T0,mob,coolpad,酷派,,,酷派 COOL M7,移动版,coolpad
VCR-A0,mob,coolpad,酷派,,,酷派酷玩 6,,coolpad
GRA-A0,mob,coolpad,酷派,,,酷派酷玩 6C,,coolpad
GRA-M0,mob,coolpad,酷派,,,酷派酷玩 6C,,coolpad
1871-A0,mob,coolpad,酷派,,,酷派 COOL 2,,coolpad
MTS-T0,mob,coolpad,酷派,,,酷派锋尚 N2M,,coolpad
ART-T0,mob,coolpad,酷派,,,酷派锋尚 N2D,,coolpad
1802-T0,mob,coolpad,酷派,,,酷派锋尚 K2,,coolpad
1812-A0,mob,coolpad,酷派,,,酷派锋尚 K2 Max,,coolpad
1841-C0,mob,coolpad,酷派,,,酷派锋尚 N3,,coolpad
1801-T0,mob,coolpad,酷派,,,酷派锋尚 N3M,,coolpad
1822-C0,mob,coolpad,酷派,,,酷派锋尚 N3C,,coolpad
1821-T0,mob,coolpad,酷派,,,酷派锋尚 N3D,,coolpad
1872-A0,mob,coolpad,酷派,,,酷派酷玩 7,,coolpad
1831-A0,mob,coolpad,酷派,,,酷派酷玩 7C,,coolpad
1873-A0,mob,coolpad,酷派,,,酷派酷玩 8,,coolpad
1832-A0,mob,coolpad,酷派,,,酷派酷玩 8 Lite,,coolpad
ORL-C0,mob,coolpad,酷派,,,酷派 COOL 9,,coolpad
ORL-C0,mob,coolpad,酷派,,,酷派 COOL 9s,,coolpad
ORL-T0,mob,coolpad,酷派,,,酷派 COOL 9A,,coolpad
SAC-A0,mob,coolpad,酷派,,,Coolpad 26,,coolpad
CHA-A0,mob,coolpad,酷派,,,酷派酷玩 10,,coolpad
SEA-A0,mob,coolpad,酷派,,,酷派 COOL 10,,coolpad
SEA-A0,mob,coolpad,酷派,,,酷派锋尚 N5,,coolpad
DET-A0,mob,coolpad,酷派,,,酷派 COOL 10C,,coolpad
BOS-A0,mob,coolpad,酷派,,,酷派 COOL 10 青春版,,coolpad
HOU-5GA,mob,coolpad,酷派,,,酷派 X10,5G,coolpad
PHO-5GT,mob,coolpad,酷派,,,酷派锋尚 A11,5G,coolpad
CP03,mob,coolpad,酷派,,,酷派 COOL 20,,coolpad
CP03,mob,coolpad,酷派,,,酷派 COOL 20+,,coolpad
CP03,mob,coolpad,酷派,,,酷派锋尚 40,,coolpad
CP05,mob,coolpad,酷派,,,酷派大观 40 Pro,5G,coolpad
CP05,mob,coolpad,酷派,,,酷派大观 3 Plus,5G,coolpad
CP05,mob,coolpad,酷派,,,酷派 COOL 20 Pro,5G,coolpad
CP07,mob,coolpad,酷派,,,酷派 COOL 20s,5G,coolpad
CP13,mob,coolpad,酷派,,,酷派 COOL 30,,coolpad
CP13,mob,coolpad,酷派,,,酷派 COOL 30+,,coolpad
CP15,mob,coolpad,酷派,,,酷派 COOL 30 Pro,5G,coolpad
CPDM1Y,mob,coolpad,酷派,,,酷派 COOL 50,,coolpad
CP3NV2,mob,coolpad,酷派,,,酷派 COOL 60,5G,coolpad
CP16t,mob,coolpad,酷派,,,酷派大观 40s,5G,coolpad
CP17,mob,coolpad,酷派,,,酷派大观 50s,5G,coolpad
CP27,mob,coolpad,酷派,,,酷派大观 Y60,5G,coolpad
CP3AT2,mob,coolpad,酷派,,,酷派大观 Y60 Lite,5G,coolpad
CP3CT1,mob,coolpad,酷派,,,酷派大观 Y60s,5G,coolpad
CP3AT5,mob,coolpad,酷派,,,酷派大观 C60,5G,coolpad
CP3NV1,mob,coolpad,酷派,,,酷派大观 3,5G,coolpad
CPDAY3,mob,coolpad,酷派,,,酷派锋尚 50 Lite,60 Lite,coolpad
CP2FM1,mob,coolpad,酷派,,,酷派 Y70 Lite,5G,coolpad
CP23NV3,mob,coolpad,酷派,,,酷派金世纪 Y60,5G,coolpad
CP2FM2,mob,coolpad,酷派,,,酷派 Y77,5G,coolpad
CPDAY6,mob,coolpad,酷派,,,酷派锋尚 60 Pro,,coolpad
CPDAY6,mob,coolpad,酷派,,,酷派炫影 30 Pro,,coolpad
G-2PW4100,mob,google,Google,,sailfish,Pixel,North America,google
G-2PW4200,mob,google,Google,,sailfish,Pixel,Rest of the world,google
G-2PW2100,mob,google,Google,,marlin,Pixel XL,North America,google
G-2PW2200,mob,google,Google,,marlin,Pixel XL,Rest of the world,google
G011A,mob,google,Google,,walleye,Pixel 2,,google
G011C,mob,google,Google,,taimen,Pixel 2 XL,,google
G013A,mob,google,Google,,blueline,Pixel 3,,google
G013B,mob,google,Google,,blueline,Pixel 3,Japan,google
G013C,mob,google,Google,,crosshatch,Pixel 3 XL,,google
G013D,mob,google,Google,,crosshatch,Pixel 3 XL,Japan,google
G020E,mob,google,Google,,sargo,Pixel 3a,Verizon,google
G020F,mob,google,Google,,sargo,Pixel 3a,"UK, Europe, and APAC",google
G020G,mob,google,Google,,sargo,Pixel 3a,North America,google
G020H,mob,google,Google,,sargo,Pixel 3a,Japan,google
G020A,mob,google,Google,,bonito,Pixel 3a XL,Verizon,google
G020B,mob,google,Google,,bonito,Pixel 3a XL,"UK, Europe, and APAC",google
G020C,mob,google,Google,,bonito,Pixel 3a XL,North America,google
G020D,mob,google,Google,,bonito,Pixel 3a XL,Japan,google
G020I,mob,google,Google,,flame,Pixel 4,"North America, TW",google
G020M,mob,google,Google,,flame,Pixel 4,Rest of the world,google
G020N,mob,google,Google,,flame,Pixel 4,Japan,google
G020J,mob,google,Google,,coral,Pixel 4 XL,"North America, TW",google
G020P,mob,google,Google,,coral,Pixel 4 XL,Rest of the world,google
G020Q,mob,google,Google,,coral,Pixel 4 XL,Japan,google
G025J,mob,google,Google,,sunfish,Pixel 4a,"North America, TW",google
G025N,mob,google,Google,,sunfish,Pixel 4a,Rest of the world,google
G025M,mob,google,Google,,sunfish,Pixel 4a,Japan,google
G025E,mob,google,Google,,bramble,Pixel 4a 5G,"North America, TW",google
G6QU3,mob,google,Google,,bramble,Pixel 4a 5G,Verizon,google
G025I,mob,google,Google,,bramble,Pixel 4a 5G,Rest of the world,google
G025H,mob,google,Google,,bramble,Pixel 4a 5G,Japan,google
GD1YQ,mob,google,Google,,redfin,Pixel 5,US,google
GTT9Q,mob,google,Google,,redfin,Pixel 5,Rest of the world,google
G5NZ6,mob,google,Google,,redfin,Pixel 5,Japan,google
G1F8F,mob,google,Google,,barbet,Pixel 5a 5G,US,google
G4S1M,mob,google,Google,,barbet,Pixel 5a 5G,Japan,google
G9S9B,mob,google,Google,,oriole,Pixel 6,"US, mmWave",google
GB7N6,mob,google,Google,,oriole,Pixel 6,Rest of the world,google
GR1YH,mob,google,Google,,oriole,Pixel 6,Japan,google
G8VOU,mob,google,Google,,raven,Pixel 6 Pro,"(US, AU) (mmWave)",google
GLUOG,mob,google,Google,,raven,Pixel 6 Pro,Rest of the world,google
GF5KQ,mob,google,Google,,raven,Pixel 6 Pro,Japan,google
GB62Z,mob,google,Google,,bluejay,Pixel 6a,"US, mmWave",google
GX7AS,mob,google,Google,,bluejay,Pixel 6a,"North America, TW",google
G1AZG,mob,google,Google,,bluejay,Pixel 6a,Rest of the world,google
GB17L,mob,google,Google,,bluejay,Pixel 6a,Japan,google
GQML3,mob,google,Google,,panther,Pixel 7,"US, mmWave",google
GVU6C,mob,google,Google,,panther,Pixel 7,Rest of the world,google
G03Z5,mob,google,Google,,panther,Pixel 7,Japan,google
GE2AE,mob,google,Google,,cheetah,Pixel 7 Pro,"(US, AU) (mmWave)",google
GP4BC,mob,google,Google,,cheetah,Pixel 7 Pro,Rest of the world,google
GFE4J,mob,google,Google,,cheetah,Pixel 7 Pro,Japan,google
G0DZQ,mob,google,Google,,lynx,Pixel 7a,mmWave,google
GWKK3,mob,google,Google,,lynx,Pixel 7a,"North America, EU",google
GHL1X,mob,google,Google,,lynx,Pixel 7a,Global,google
G82U8,mob,google,Google,,lynx,Pixel 7a,Japan,google
GKWS6,mob,google,Google,,shiba,Pixel 8,mmWave,google
G9BQD,mob,google,Google,,shiba,Pixel 8,"US, Sub 6GHz",google
GPJ41,mob,google,Google,,shiba,Pixel 8,Global,google
GZPFO,mob,google,Google,,shiba,Pixel 8,Japan,google
G1MNW,mob,google,Google,,husky,Pixel 8 Pro,mmWave,google
GC3VE,mob,google,Google,,husky,Pixel 8 Pro,Global,google
GE9DP,mob,google,Google,,husky,Pixel 8 Pro,Japan,google
G8HNN,mob,google,Google,,akita,Pixel 8a,mmWave,google
GKV4X,mob,google,Google,,akita,Pixel 8a,"North America, Sub 6GHz",google
G6GPR,mob,google,Google,,akita,Pixel 8a,Global,google
G576D,mob,google,Google,,akita,Pixel 8a,Japan,google
G9FPL,mob,google,Google,,felix,Pixel Fold,"US, EU",google
G0B96,mob,google,Google,,felix,Pixel Fold,Japan,google
G2YBB,mob,google,Google,,tokay,Pixel 9,"US, mmWave",google
GUR25,mob,google,Google,,tokay,Pixel 9,Global,google
G1B60,mob,google,Google,,tokay,Pixel 9,Japan,google
GR83Y,mob,google,Google,,caiman,Pixel 9 Pro,"US, mmWave",google
GEC77,mob,google,Google,,caiman,Pixel 9 Pro,Global,google
GWVK6,mob,google,Google,,caiman,Pixel 9 Pro,Japan,google
GGX8B,mob,google,Google,,komodo,Pixel 9 Pro XL,"US, mmWave",google
GZC4K,mob,google,Google,,komodo,Pixel 9 Pro XL,Global,google
GQ57S,mob,google,Google,,komodo,Pixel 9 Pro XL,Japan,google
GGH2X,mob,google,Google,,comet,Pixel 9 Pro Fold,Global,google
GC15S,mob,google,Google,,comet,Pixel 9 Pro Fold,Japan,google
GXQ96,mob,google,Google,,tegu,Pixel 9a,US,google
GTF7P,mob,google,Google,,tegu,Pixel 9a,Global,google
G3Y12,mob,google,Google,,tegu,Pixel 9a,Japan,google
GLBW0,mob,google,Google,,frankel,Pixel 10,"US, mmWave",google
GK2MP,mob,google,Google,,frankel,Pixel 10,Global,google
GL066,mob,google,Google,,frankel,Pixel 10,Japan,google
G4QUR,mob,google,Google,,blazer,Pixel 10 Pro,"US, mmWave",google
GEHN3,mob,google,Google,,blazer,Pixel 10 Pro,Global,google
GN4F5,mob,google,Google,,blazer,Pixel 10 Pro,Japan,google
GUL82,mob,google,Google,,mustang,Pixel 10 Pro XL,"US, mmWave",google
G45RY,mob,google,Google,,mustang,Pixel 10 Pro XL,Global,google
GYPW4,mob,google,Google,,mustang,Pixel 10 Pro XL,Japan,google
GU0NP,mob,google,Google,,rango,Pixel 10 Pro Fold,Global,google
GM66V,mob,google,Google,,rango,Pixel 10 Pro Fold,Japan,google
GE1GQ,mob,google,Google,,stallion,Pixel 10a,US,google
G4H7L,mob,google,Google,,stallion,Pixel 10a,Global,google
GV0BP,mob,google,Google,,stallion,Pixel 10a,Japan,google
C1502W,pad,google,Google,,dragon,Pixel C,,google
GTU8P,pad,google,Google,,tangorpro,Pixel Tablet,,google
GQF4C,watch,google,Google,,r11btwifi,Pixel Watch,Bluetooth & Wi-Fi,google
GWT9R,watch,google,Google,,r11,Pixel Watch,LTE (US),google
GBZ4S,watch,google,Google,,r11,Pixel Watch,LTE (Global),google
G4TSL,watch,google,Google,,aurora,Pixel Watch 2,Bluetooth & Wi-Fi,google
GD2WG,watch,google,Google,,eos,Pixel Watch 2,LTE (US),google
GC3G8,watch,google,Google,,eos,Pixel Watch 2,LTE (Global),google
GG3HH,watch,google,Google,,helios,Pixel Watch 3,Bluetooth & Wi-Fi (41mm),google
GBDU9,watch,google,Google,,selene,Pixel Watch 3,LTE (41mm),google
GGE4J,watch,google,Google,,sol,Pixel Watch 3,Bluetooth & Wi-Fi (45mm),google
GRY0E,watch,google,Google,,luna,Pixel Watch 3,LTE (45mm),google
GHH4K,watch,google,Google,,meridian_btwifi,Pixel Watch 4,Bluetooth & Wi-Fi (41mm),google
GWSQ2,watch,google,Google,,meridian_lte,Pixel Watch 4,LTE (41mm),google
G8AK3,watch,google,Google,,kenari_btwifi,Pixel Watch 4,Bluetooth & Wi-Fi (45mm),google
G1KAW,watch,google,Google,,kenari_lte,Pixel Watch 4,LTE (45mm),google
NTS-AL00,mob,honor,荣耀,,Natasha,荣耀 Magic,全网通版,honor_cn
TNY-AL00,mob,honor,荣耀,,Tony,荣耀 Magic2,全网通版,honor_cn
TNY-AL10,mob,honor,荣耀,,Tony,荣耀 Magic2,3D 感光版,honor_cn
TNY-TL00,mob,honor,荣耀,,Tony,荣耀 Magic2,移动 4G+ 版,honor_cn
ELZ-AN00,mob,honor,荣耀,,Elizabeth,荣耀 Magic3,,honor_cn
ELZ-AN10,mob,honor,荣耀,,Elizabeth,荣耀 Magic3 Pro,,honor_cn
ELZ-AN20,mob,honor,荣耀,,Elizabeth,荣耀 Magic3 至臻版,,honor_cn
MGI-AN00,mob,honor,荣耀,,Maggie,荣耀 Magic V,,honor_cn
LGE-AN00,mob,honor,荣耀,,Lange,荣耀 Magic4,,honor_cn
LGE-AN10,mob,honor,荣耀,,Lange,荣耀 Magic4 Pro,,honor_cn
LGE-AN20,mob,honor,荣耀,,Lange,荣耀 Magic4 至臻版,,honor_cn
FRI-AN00,mob,honor,荣耀,,Ferrari,荣耀 Magic Vs,,honor_cn
FRI-AN10,mob,honor,荣耀,,Ferrari,荣耀 Magic Vs 至臻版,,honor_cn
PGT-AN00,mob,honor,荣耀,,Piaget,荣耀 Magic5,,honor_cn
PGT-AN10,mob,honor,荣耀,,Piaget,荣耀 Magic5 Pro,,honor_cn
PGT-AN20,mob,honor,荣耀,,Piaget,荣耀 Magic5 至臻版,,honor_cn
VER-AN10,mob,honor,荣耀,,Veyron,荣耀 Magic V2,,honor_cn
VER-AN10,mob,honor,荣耀,,Veyron,荣耀 Magic V2 至臻版,,honor_cn
VER-AN10,mob,honor,荣耀,,Veyron,荣耀 Magic V2 RSR 保时捷设计,,honor_cn
VER-AN00,mob,honor,荣耀,,VeyronS,荣耀 Magic Vs2,,honor_cn
BVL-AN00,mob,honor,荣耀,,Bvlgari,荣耀 Magic6,,honor_cn
BVL-AN16,mob,honor,荣耀,,Bvlgari,荣耀 Magic6 Pro,,honor_cn
BVL-AN20,mob,honor,荣耀,,Bvlgari,荣耀 Magic6 至臻版,,honor_cn
BVL-AN20,mob,honor,荣耀,,Bvlgari,荣耀 Magic6 RSR 保时捷设计,,honor_cn
LRA-AN00,mob,honor,荣耀,,Lyra,荣耀 Magic V Flip,,honor_cn
FCP-AN10,mob,honor,荣耀,,FalconP,荣耀 Magic V3,,honor_cn
FCP-AN20,mob,honor,荣耀,,FalconP,荣耀 Magic V3,双卫星版,honor_cn
FLC-AN00,mob,honor,荣耀,,Falcon,荣耀 Magic Vs3,,honor_cn
PTP-AN00,mob,honor,荣耀,,Philippe,荣耀 Magic7,,honor_cn
PTP-AN60,mob,honor,荣耀,,Philippe,荣耀 Magic7,16GB+1TB,honor_cn
PTP-AN10,mob,honor,荣耀,,Patek,荣耀 Magic7 Pro,,honor_cn
PTP-AN70,mob,honor,荣耀,,Patek,荣耀 Magic7 Pro,卫星通信版,honor_cn
PTP-AN20,mob,honor,荣耀,,Patek,荣耀 Magic7 RSR 保时捷设计,,honor_cn
MBH-AN10,mob,honor,荣耀,,Maybach,荣耀 Magic V5,,honor_cn
CLE-AN00,mob,honor,荣耀,,Celine,荣耀 Magic V Flip2,,honor_cn
BKQ-AN00,mob,honor,荣耀,,,荣耀 Magic8,,honor_cn
BKQ-AN80,mob,honor,荣耀,,,荣耀 Magic8,16GB+1TB,honor_cn
BKQ-AN10,mob,honor,荣耀,,,荣耀 Magic8 Pro,,honor_cn
BKQ-AN90,mob,honor,荣耀,,,荣耀 Magic8 Pro,16GB+1TB,honor_cn
LDY-AN00,mob,honor,荣耀,,Lindy,荣耀 Magic8 Pro Air,,honor_cn
BKQ-AN20,mob,honor,荣耀,,,荣耀 Magic8 RSR 保时捷设计,,honor_cn
PNM-AN10,mob,honor,荣耀,,Phenom,荣耀 Magic V6,,honor_cn
PNM-AN20,mob,honor,荣耀,,Phenom,荣耀 Magic V6,16GB+1TB,honor_cn
APH-AN00,mob,honor,荣耀,,Alpha,荣耀 Robot Phone,,honor_cn
H60-L01,mob,honor,荣耀,,Mogolia,荣耀 6,移动版,honor_cn
H60-L02,mob,honor,荣耀,,Mogolia,荣耀 6,联通版,honor_cn
H60-L03,mob,honor,荣耀,,Mogolia,荣耀 6,移动定制版,honor_cn
H60-L11,mob,honor,荣耀,,Mogolia,荣耀 6,移动高配版,honor_cn
H60-L12,mob,honor,荣耀,,Mogolia,荣耀 6,联通高配版,honor_cn
H60-L21,mob,honor,荣耀,,Mogolia,荣耀 6,至尊版,honor_cn
PE-TL00M,mob,honor,荣耀,,Pine,荣耀 6 Plus,移动定制版,honor_cn
PE-TL10,mob,honor,荣耀,,Pine,荣耀 6 Plus,双 4G 高配版,honor_cn
PE-TL20,mob,honor,荣耀,,Pine,荣耀 6 Plus,移动渠道版,honor_cn
PE-UL00,mob,honor,荣耀,,Pine,荣耀 6 Plus,联通版,honor_cn
PE-CL00,mob,honor,荣耀,,Pine,荣耀 6 Plus,电信版,honor_cn
PLK-AL10,mob,honor,荣耀,,Plank,荣耀 7,全网通高配版,honor_cn
PLK-TL01H,mob,honor,荣耀,,Plank,荣耀 7,移动渠道版,honor_cn
PLK-TL00,mob,honor,荣耀,,Plank,荣耀 7,移动定制版,honor_cn
PLK-TL11H,mob,honor,荣耀,,Plank,荣耀 7,移动增强版,honor_cn
PLK-UL00,mob,honor,荣耀,,Plank,荣耀 7,双 4G 版,honor_cn
PLK-CL00,mob,honor,荣耀,,Plank,荣耀 7,电信版,honor_cn
ATH-AL00,mob,honor,荣耀,,,荣耀 7i,全网通版,honor_cn
ATH-TL00H,mob,honor,荣耀,,,荣耀 7i,移动渠道版,honor_cn
ATH-TL00,mob,honor,荣耀,,,荣耀 7i,移动定制版,honor_cn
ATH-UL00,mob,honor,荣耀,,,荣耀 7i,双 4G 版,honor_cn
ATH-CL00,mob,honor,荣耀,,,荣耀 7i,电信版,honor_cn
FRD-AL00,mob,honor,荣耀,,Faraday,荣耀 8,全网通版 (3/4GB+32GB),honor_cn
FRD-AL10,mob,honor,荣耀,,Faraday,荣耀 8,全网通版 (4GB+64GB),honor_cn
FRD-TL00,mob,honor,荣耀,,Faraday,荣耀 8,移动版,honor_cn
FRD-DL00,mob,honor,荣耀,,Faraday,荣耀 8,移动/联通版,honor_cn
PRA-AL00,mob,honor,荣耀,,Prague,荣耀 8 青春版,全网通标配版,honor_cn
PRA-AL00X,mob,honor,荣耀,,Prague,荣耀 8 青春版,全网通高配/顶配版,honor_cn
PRA-TL10,mob,honor,荣耀,,Prague,荣耀 8 青春版,移动定制版,honor_cn
STF-AL00,mob,honor,荣耀,,Stanford,荣耀 9,全网通标配版,honor_cn
STF-AL10,mob,honor,荣耀,,Stanford,荣耀 9,全网通高配/尊享版,honor_cn
STF-TL10,mob,honor,荣耀,,Stanford,荣耀 9,移动 4G+ 版,honor_cn
LLD-AL00,mob,honor,荣耀,,Leland,荣耀 9 青春版,全网通版,honor_cn
LLD-AL10,mob,honor,荣耀,,Leland,荣耀 9 青春版,全网通版,honor_cn
LLD-TL10,mob,honor,荣耀,,Leland,荣耀 9 青春版,移动 4G+ 版,honor_cn
LLD-AL20,mob,honor,荣耀,,LelandP,荣耀 9i,全网通版 (4GB+64GB),honor_cn
LLD-AL30,mob,honor,荣耀,,LelandP,荣耀 9i,全网通版,honor_cn
COL-AL00,mob,honor,荣耀,,Columbia,荣耀 10,全网通标配版,honor_cn
COL-AL10,mob,honor,荣耀,,Columbia,荣耀 10,全网通高配版,honor_cn
COL-TL00,mob,honor,荣耀,,Columbia,荣耀 10,移动 4G+ 标配版,honor_cn
COL-TL10,mob,honor,荣耀,,Columbia,荣耀 10,移动 4G+ 高配版,honor_cn
HRY-AL00,mob,honor,荣耀,,Harry,荣耀 10 青春版,全网通版,honor_cn
HRY-AL00a,mob,honor,荣耀,,Harry,荣耀 10 青春版,全网通版 (麒麟 710F),honor_cn
HRY-TL00,mob,honor,荣耀,,Harry,荣耀 10 青春版,移动 4G+ 版,honor_cn
HRY-AL00T,mob,honor,荣耀,,Harrypro,荣耀 20i,全网通版,honor_cn
HRY-AL00Ta,mob,honor,荣耀,,Harrypro,荣耀 20i,全网通版 (麒麟 710F),honor_cn
HRY-TL00T,mob,honor,荣耀,,Harrypro,荣耀 20i,移动 4G+ 版,honor_cn
YAL-AL00,mob,honor,荣耀,,Yale,荣耀 20,全网通版,honor_cn
YAL-TL00,mob,honor,荣耀,,Yale,荣耀 20,移动 4G+ 版,honor_cn
YAL-AL10,mob,honor,荣耀,,Yale,荣耀 20 PRO,全网通版,honor_cn
YAL-TL10,mob,honor,荣耀,,Yale,荣耀 20 PRO,移动 4G+ 版,honor_cn
YAL-AL50,mob,honor,荣耀,,Yalese,荣耀 20S,全网通版,honor_cn
YAL-TL50,mob,honor,荣耀,,Yalese,荣耀 20S,移动 4G+ 版,honor_cn
LRA-AL00,mob,honor,荣耀,,Laura,荣耀 20 青春版,全网通版,honor_cn
LRA-TL00,mob,honor,荣耀,,Laura,荣耀 20 青春版,移动 4G+ 版,honor_cn
BMH-AN10,mob,honor,荣耀,,Birmingham,荣耀 30,5G 全网通版,honor_cn
BMH-AN20,mob,honor,荣耀,,Birmingham,荣耀 30,5G 全网通版,honor_cn
BMH-TN10,mob,honor,荣耀,,Birmingham,荣耀 30,5G 移动定制版,honor_cn
BMH-TN20,mob,honor,荣耀,,Birmingham,荣耀 30,5G 移动定制版,honor_cn
EBG-AN00,mob,honor,荣耀,,Edinburgh,荣耀 30 Pro,5G 全网通版,honor_cn
EBG-TN00,mob,honor,荣耀,,Edinburgh,荣耀 30 Pro,5G 移动定制版,honor_cn
EBG-AN10,mob,honor,荣耀,,Edinburgh,荣耀 30 Pro+,5G,honor_cn
CDY-AN90,mob,honor,荣耀,,CindyH,荣耀 30S,5G 全网通版,honor_cn
CDY-AN95,mob,honor,荣耀,,CindyH,荣耀 30S,5G 全网通版,honor_cn
CDY-TN90,mob,honor,荣耀,,CindyH,荣耀 30S,5G 移动定制版,honor_cn
CDY-TN95,mob,honor,荣耀,,CindyH,荣耀 30S,5G 移动定制版,honor_cn
MXW-AN00,mob,honor,荣耀,,Maxwell,荣耀 30 青春版,5G 全网通版,honor_cn
MXW-TN00,mob,honor,荣耀,,Maxwell,荣耀 30 青春版,5G 移动定制版,honor_cn
NTH-AN00,mob,honor,荣耀,,Nottingham,荣耀 50,5G,honor_cn
RNA-AN00,mob,honor,荣耀,,Rena,荣耀 50 Pro,5G 全网通版,honor_cn
RNA-TN00,mob,honor,荣耀,,Rena,荣耀 50 Pro,5G 移动版,honor_cn
JLH-AN00,mob,honor,荣耀,,JuliaH,荣耀 50 SE,5G,honor_cn
LSA-AN00,mob,honor,荣耀,,Lisa,荣耀 60,5G,honor_cn
TNA-AN00,mob,honor,荣耀,,Tina,荣耀 60 Pro,5G 全网通版,honor_cn
TNA-TN00,mob,honor,荣耀,,Tina,荣耀 60 Pro,5G 移动版,honor_cn
GIA-AN00,mob,honor,荣耀,,Gina,荣耀 60 SE,5G,honor_cn
FNE-AN00,mob,honor,荣耀,,Fennie,荣耀 70,,honor_cn
SDY-AN00,mob,honor,荣耀,,Sandy,荣耀 70 Pro,,honor_cn
HPB-TN00,mob,honor,荣耀,,Hepburn,荣耀 70 Pro+,,honor_cn
ANN-AN00,mob,honor,荣耀,,Anna,荣耀 80,,honor_cn
ANP-AN00,mob,honor,荣耀,,AnnaP,荣耀 80 Pro,,honor_cn
ANB-AN00,mob,honor,荣耀,,AnnaB,荣耀 80 Pro 直屏版,,honor_cn
GIA-AN80,mob,honor,荣耀,,Gina,荣耀 80 SE,,honor_cn
AGT-AN00,mob,honor,荣耀,,AnnaGT,荣耀 80 GT,,honor_cn
REA-AN00,mob,honor,荣耀,,Rhea,荣耀 90,,honor_cn
REP-AN00,mob,honor,荣耀,,RheaP,荣耀 90 Pro,,honor_cn
MAG-AN00,mob,honor,荣耀,,MiaGT,荣耀 90 GT,,honor_cn
MAA-AN00,mob,honor,荣耀,,Mia,荣耀 100,,honor_cn
MAA-AN10,mob,honor,荣耀,,MiaP,荣耀 100 Pro,,honor_cn
ELI-AN00,mob,honor,荣耀,,Ellie,荣耀 200,,honor_cn
ELP-AN00,mob,honor,荣耀,,EllieP,荣耀 200 Pro,,honor_cn
AMM-AN00,mob,honor,荣耀,,Mina,荣耀 300,,honor_cn
AMP-AN00,mob,honor,荣耀,,MinaP,荣耀 300 Pro,,honor_cn
AMP-AN10,mob,honor,荣耀,,MinaP,荣耀 300 Ultra,,honor_cn
DNN-AN00,mob,honor,荣耀,,Danny,荣耀 400,,honor_cn
DNP-AN00,mob,honor,荣耀,,DannyP,荣耀 400 Pro,,honor_cn
MEY-AN00,mob,honor,荣耀,,Merry,荣耀 500,,honor_cn
MEP-AN00,mob,honor,荣耀,,MerryP,荣耀 500 Pro,,honor_cn
VKJ-AN00,mob,honor,荣耀,,Vicky,荣耀 600,超级版,honor_cn
VKJ-AN90,mob,honor,荣耀,,Vicky,荣耀 600,元气版,honor_cn
VKI-AN00,mob,honor,荣耀,,Vicky,荣耀 600 Pro,,honor_cn
KNT-AL10,mob,honor,荣耀,,Knight,荣耀 V8,全网通版,honor_cn
KNT-AL20,mob,honor,荣耀,,Knight,荣耀 V8,"全网通版 (麒麟 955, 2K 显示屏)",honor_cn
KNT-TL10,mob,honor,荣耀,,Knight,荣耀 V8,移动版,honor_cn
KNT-UL10,mob,honor,荣耀,,Knight,荣耀 V8,移动/联通版,honor_cn
DUK-AL20,mob,honor,荣耀,,Duke,荣耀 V9,全网通版,honor_cn
DUK-TL30,mob,honor,荣耀,,Duke,荣耀 V9,移动定制版,honor_cn
BKL-AL00,mob,honor,荣耀,,Berkeley,荣耀 V10,全网通标配版,honor_cn
BKL-AL10,mob,honor,荣耀,,Berkeley,荣耀 V10,全网通高配版,honor_cn
BKL-AL20,mob,honor,荣耀,,Berkeley,荣耀 V10,全网通尊享版,honor_cn
BKL-TL10,mob,honor,荣耀,,Berkeley,荣耀 V10,移动 4G+ 版,honor_cn
PCT-AL10,mob,honor,荣耀,,Princeton,荣耀 V20,全网通版,honor_cn
PCT-TL10,mob,honor,荣耀,,Princeton,荣耀 V20,移动 4G+ 版,honor_cn
OXF-AN00,mob,honor,荣耀,,OxfordS,荣耀 V30,5G,honor_cn
OXF-AN10,mob,honor,荣耀,,OxfordP,荣耀 V30 PRO,5G,honor_cn
YOK-AN10,mob,honor,荣耀,,York,荣耀 V40,5G,honor_cn
ALA-AN70,mob,honor,荣耀,,,荣耀 V40 轻奢版,5G,honor_cn
VCA-AN00,mob,honor,荣耀,,Victoria,荣耀 V Purse,,honor_cn
AMG-AN00,mob,honor,荣耀,,MinaGT,荣耀 GT,,honor_cn
PPG-AN00,mob,honor,荣耀,,PhilippeGT,荣耀 GT Pro,,honor_cn
AAP-AN00,mob,honor,荣耀,,,荣耀 WIN,,honor_cn
AAK-AN00,mob,honor,荣耀,,,荣耀 WIN RT,,honor_cn
SER-AN00,mob,honor,荣耀,,Saber,荣耀 WIN Turbo,,honor_cn
G750-T00,mob,honor,荣耀,,,荣耀 3X,双 3G 版,honor_cn
G750-U00,mob,honor,荣耀,,,荣耀 3X,联通版,honor_cn
G750-T20,mob,honor,荣耀,,,荣耀 3X,Pro,honor_cn
G750-T01,mob,honor,荣耀,,,荣耀真八核畅玩版,,honor_cn
Che1-CL20,mob,honor,荣耀,,Cherry,荣耀畅玩 4X,全网通版,honor_cn
Che1-CL10,mob,honor,荣耀,,Cherry,荣耀畅玩 4X,电信版,honor_cn
Che2-TL00,mob,honor,荣耀,,Cherryplus,荣耀畅玩 4X,移动渠道版 (2014),honor_cn
Che2-TL00H,mob,honor,荣耀,,Cherryplus,荣耀畅玩 4X,移动渠道版 (2014),honor_cn
Che2-TL00M,mob,honor,荣耀,,Cherryplus,荣耀畅玩 4X,移动定制版 (2014),honor_cn
CHE-TL00H,mob,honor,荣耀,,Cherryplus,荣耀畅玩 4X,移动渠道版 (2015),honor_cn
CHE-TL00,mob,honor,荣耀,,Cherryplus,荣耀畅玩 4X,移动定制版 (2015),honor_cn
Che2-UL00,mob,honor,荣耀,,Cherryplus,荣耀畅玩 4X,联通版,honor_cn
KIW-AL10,mob,honor,荣耀,,Kiwi,荣耀畅玩 5X,全网通版,honor_cn
KIW-TL00H,mob,honor,荣耀,,Kiwi,荣耀畅玩 5X,移动公开版,honor_cn
KIW-TL00,mob,honor,荣耀,,Kiwi,荣耀畅玩 5X,移动定制版,honor_cn
KIW-UL00,mob,honor,荣耀,,Kiwi,荣耀畅玩 5X,双 4G 版,honor_cn
KIW-CL00,mob,honor,荣耀,,Kiwi,荣耀畅玩 5X,电信版,honor_cn
BLN-AL10,mob,honor,荣耀,,Berlin,荣耀畅玩 6X,全网通版,honor_cn
BLN-AL20,mob,honor,荣耀,,Berlin,荣耀畅玩 6X,全网通版,honor_cn
BLN-AL30,mob,honor,荣耀,,Berlin,荣耀畅玩 6X,全网通版 (电信 800M),honor_cn
BLN-AL40,mob,honor,荣耀,,Berlin,荣耀畅玩 6X,全网通版 (电信 800M),honor_cn
BLN-TL00,mob,honor,荣耀,,Berlin,荣耀畅玩 6X,移动定制版,honor_cn
BLN-TL10,mob,honor,荣耀,,Berlin,荣耀畅玩 6X,移动定制版,honor_cn
BND-AL00,mob,honor,荣耀,,Bond,荣耀畅玩 7X,全网通版 (4GB+64GB),honor_cn
BND-AL10,mob,honor,荣耀,,Bond,荣耀畅玩 7X,全网通版,honor_cn
BND-TL10,mob,honor,荣耀,,Bond,荣耀畅玩 7X,移动 4G+ 版,honor_cn
JSN-AL00,mob,honor,荣耀,,Johnson,荣耀 8X,全网通版,honor_cn
JSN-AL00a,mob,honor,荣耀,,Johnson,荣耀 8X,全网通版 (麒麟 710F),honor_cn
JSM-TL00,mob,honor,荣耀,,Johnson,荣耀 8X,移动 4G+ 版,honor_cn
ARE-AL00,mob,honor,荣耀,,Ares,荣耀 8X Max,全网通版 (骁龙 636),honor_cn
ARE-AL10,mob,honor,荣耀,,Ares,荣耀 8X Max,全网通版 (骁龙 660),honor_cn
ARE-TL00,mob,honor,荣耀,,Ares,荣耀 8X Max,移动 4G+ 版 (骁龙 636),honor_cn
HLK-AL00,mob,honor,荣耀,,Hulk,荣耀 9X,全网通版,honor_cn
HLK-AL00a,mob,honor,荣耀,,Hulk,荣耀 9X,全网通版,honor_cn
HLK-TL00,mob,honor,荣耀,,Hulk,荣耀 9X,移动 4G+ 版,honor_cn
HLK-AL10,mob,honor,荣耀,,Hulk,荣耀 9X PRO,,honor_cn
TEL-AN00,mob,honor,荣耀,,Teller,荣耀 X10,5G 全网通版,honor_cn
TEL-AN00a,mob,honor,荣耀,,Teller,荣耀 X10,5G 全网通版,honor_cn
TEL-AN10,mob,honor,荣耀,,Teller,荣耀 X10,5G 全网通版,honor_cn
TEL-TN00,mob,honor,荣耀,,Teller,荣耀 X10,5G 移动版,honor_cn
TEL-TN10,mob,honor,荣耀,,Teller,荣耀 X10,5G 移动版,honor_cn
KKG-AN00,mob,honor,荣耀,,Kingkong,荣耀 X10 Max,5G,honor_cn
NTN-AN20,mob,honor,荣耀,,NewtonH,荣耀 X20,5G,honor_cn
CHL-AN00,mob,honor,荣耀,,Chanel,荣耀 X20 SE,5G,honor_cn
ANY-AN00,mob,honor,荣耀,,Andy,荣耀 X30,5G,honor_cn
TFY-AN00,mob,honor,荣耀,,Tiffany,荣耀 X30i,5G,honor_cn
KKG-AN70,mob,honor,荣耀,,Kingkong,荣耀 X30 Max,5G,honor_cn
RMO-AN00,mob,honor,荣耀,,Rambo,荣耀 X40,,honor_cn
DIO-AN00,mob,honor,荣耀,,Dior,荣耀 X40i,,honor_cn
ADT-AN00,mob,honor,荣耀,,AndyGT,荣耀 X40 GT,,honor_cn
ADT-AN00,mob,honor,荣耀,,AndyGT,荣耀 X40 GT 竞速版,,honor_cn
ALI-AN00,mob,honor,荣耀,,Ali,荣耀 X50,,honor_cn
ALP-AN00,mob,honor,荣耀,,AliP,荣耀 X50 Pro,,honor_cn
ALP-AN00,mob,honor,荣耀,,AliP,荣耀 X50 GT,,honor_cn
CRT-AN00,mob,honor,荣耀,,Cartier,荣耀 X50i,,honor_cn
LLY-AN00,mob,honor,荣耀,,Lily,荣耀 X50i+,,honor_cn
BRC-AN00,mob,honor,荣耀,,Bruce,荣耀 X60,,honor_cn
BRP-AN00,mob,honor,荣耀,,BruceP,荣耀 X60 Pro,,honor_cn
BRP-AN80,mob,honor,荣耀,,BruceP,荣耀 X60 Pro,卫星版,honor_cn
LYN-AN00,mob,honor,荣耀,,LilyN,荣耀 X60i,,honor_cn
AGI-AN00,mob,honor,荣耀,,MinaGTI,荣耀 X60 GT,,honor_cn
MTN-AN00,mob,honor,荣耀,,,荣耀 X70,,honor_cn
MTN-AN80,mob,honor,荣耀,,,荣耀 X70,12GB+512GB,honor_cn
MTN-AN00,mob,honor,荣耀,,,荣耀 X70 Pro Max,,honor_cn
ABR-AN00,mob,honor,荣耀,,Amber,荣耀 X70i,,honor_cn
BSN-AN00,mob,honor,荣耀,,,荣耀 X80 Pro Max,,honor_cn
LNA-AN00,mob,honor,荣耀,,Luna,荣耀 X80i,,honor_cn
JMM-AL00,mob,honor,荣耀,,Jimmy,荣耀 V9 Play,全网通标配版,honor_cn
JMM-AL10,mob,honor,荣耀,,Jimmy,荣耀 V9 Play,全网通高配版,honor_cn
JMM-TL00,mob,honor,荣耀,,Jimmy,荣耀 V9 Play,移动定制标配版,honor_cn
JMM-TL10,mob,honor,荣耀,,Jimmy,荣耀 V9 Play,移动定制高配版,honor_cn
COR-AL00,mob,honor,荣耀,,Cornell,荣耀 Play,全网通标配版,honor_cn
COR-AL10,mob,honor,荣耀,,Cornell,荣耀 Play,全网通高配版,honor_cn
COR-TL10,mob,honor,荣耀,,Cornell,荣耀 Play,移动 4G+ 高配版,honor_cn
ASK-AL00x,mob,honor,荣耀,,Asoka,荣耀 Play3,全网通版 (麒麟 710F),honor_cn
ASK-AL20,mob,honor,荣耀,,Asoka,荣耀 Play3,全网通版 (麒麟 710A),honor_cn
ASK-TL00x,mob,honor,荣耀,,Asoka,荣耀 Play3,移动 4G+ 版 (麒麟 710F),honor_cn
KSA-AL10,mob,honor,荣耀,,Katyusha,荣耀 Play3e,,honor_cn
AKA-AL10,mob,honor,荣耀,,Asoka,荣耀 Play4T,,honor_cn
AQM-AL10,mob,honor,荣耀,,Aquaman,荣耀 Play4T Pro,,honor_cn
TNNH-AN00,mob,honor,荣耀,,TianshanH,荣耀 Play4,5G,honor_cn
OXP-AN00,mob,honor,荣耀,,OxfordPL,荣耀 Play4 Pro,5G,honor_cn
HJC-AN90,mob,honor,荣耀,,JessicaH,荣耀 Play5,5G,honor_cn
NEW-AN90,mob,honor,荣耀,,NewtonH,荣耀 Play5 活力版,5G,honor_cn
KOZ-AL40,mob,honor,荣耀,,KonanZ,荣耀 Play5T,,honor_cn
NZA-AL00,mob,honor,荣耀,,Nezha,荣耀 Play5T 活力版,,honor_cn
CHL-AL00,mob,honor,荣耀,,Chanel,荣耀 Play5T Pro,,honor_cn
CMA-AN40,mob,honor,荣耀,,Carmella,荣耀 Play6T,5G,honor_cn
TFY-AN40,mob,honor,荣耀,,Tiffany,荣耀 Play6T Pro,5G,honor_cn
VNE-AN40,mob,honor,荣耀,,Vinnie,荣耀 Play6C,5G,honor_cn
RKY-AN10,mob,honor,荣耀,,Rocky,荣耀 Play7T,5G,honor_cn
DIO-AN00,mob,honor,荣耀,,Dior,荣耀 Play7T Pro,5G,honor_cn
CLK-AN00,mob,honor,荣耀,,Clark,荣耀 Play8T,5G,honor_cn
LLY-AN00,mob,honor,荣耀,,Lily,荣耀 Play8T Pro,5G,honor_cn
ALT-AN00,mob,honor,荣耀,,Alita,荣耀 Play9T,5G,honor_cn
LYN-AN00,mob,honor,荣耀,,LilyN,荣耀 Play9T Pro,5G,honor_cn
JDY-AN00,mob,honor,荣耀,,Judy,荣耀 Play9C,5G,honor_cn
LOG-AN10,mob,honor,荣耀,,Logan,荣耀 Play10,5G,honor_cn
LOG-AN10,mob,honor,荣耀,,Logan,荣耀 Play10T,5G,honor_cn
NIC-AN00,mob,honor,荣耀,,Nick,荣耀 Play10C,5G,honor_cn
NLA-AN00,mob,honor,荣耀,,Nala,荣耀 Play10A,5G,honor_cn
NLA-AN00,mob,honor,荣耀,,Nala,荣耀 Play11C,5G,honor_cn
LNA-AN00,mob,honor,荣耀,,Luna,荣耀 Play11 Plus,5G,honor_cn
LNA-AN00,mob,honor,荣耀,,Luna,荣耀 Play11 Pro,5G,honor_cn
DVD-AN00,mob,honor,荣耀,,David,荣耀 Power,,honor_cn
DVD-AN80,mob,honor,荣耀,,David,荣耀 Power,卫星版,honor_cn
SER-AN00,mob,honor,荣耀,,Saber,荣耀 Power2,,honor_cn
EDI-AL10,mob,honor,荣耀,,Edison,荣耀 Note8,全网通版,honor_cn
EDI-DL00,mob,honor,荣耀,,Edison,荣耀 Note8,移动/联通版,honor_cn
RVL-AL09,mob,honor,荣耀,,Ravel,荣耀 Note10,,honor_cn
H30-T00,mob,honor,荣耀,,,荣耀 3C,移动 3G 版 (4GB),honor_cn
H30-T10,mob,honor,荣耀,,,荣耀 3C,移动 3G 版 (8GB),honor_cn
H30-U10,mob,honor,荣耀,,,荣耀 3C,联通 3G 版,honor_cn
H30-L01,mob,honor,荣耀,,,荣耀 3C,移动 4G 版,honor_cn
H30-L01M,mob,honor,荣耀,,,荣耀 3C,移动 4G 定制版,honor_cn
H30-L02,mob,honor,荣耀,,,荣耀 3C,联通 4G 版,honor_cn
H30-C00,mob,honor,荣耀,,,荣耀 3C,电信版,honor_cn
Hol-T00,mob,honor,荣耀,,Holly,荣耀 3C 畅玩版,移动版,honor_cn
Hol-U10,mob,honor,荣耀,,Holly,荣耀 3C 畅玩版,联通版,honor_cn
CHM-TL00H,mob,honor,荣耀,,Cherrymini,荣耀畅玩 4C,移动渠道版,honor_cn
CHM-TL00,mob,honor,荣耀,,Cherrymini,荣耀畅玩 4C,移动定制版,honor_cn
CHM-UL00,mob,honor,荣耀,,Cherrymini,荣耀畅玩 4C,双 4G 版,honor_cn
CHM-CL00,mob,honor,荣耀,,Cherrymini,荣耀畅玩 4C,电信版,honor_cn
SCL-AL00,mob,honor,荣耀,,Scale,荣耀 4A,全网通版,honor_cn
SCL-TL00H,mob,honor,荣耀,,Scale,荣耀 4A,移动渠道版,honor_cn
SCL-TL00,mob,honor,荣耀,,Scale,荣耀 4A,移动定制版,honor_cn
SCL-CL00,mob,honor,荣耀,,Scale,荣耀 4A,电信版,honor_cn
G621-TL00M,mob,honor,荣耀,,,荣耀畅玩 4,移动渠道版,honor_cn
G621-TL00,mob,honor,荣耀,,,荣耀畅玩 4,移动定制版,honor_cn
G620S-UL00,mob,honor,荣耀,,,荣耀畅玩 4,联通版,honor_cn
C8817D,mob,honor,荣耀,,,荣耀畅玩 4,电信版,honor_cn
NEM-AL10,mob,honor,荣耀,,Nemo,荣耀畅玩 5C,全网通版,honor_cn
NEM-TL00H,mob,honor,荣耀,,Nemo,荣耀畅玩 5C,移动公开版,honor_cn
NEM-TL00,mob,honor,荣耀,,Nemo,荣耀畅玩 5C,移动定制版,honor_cn
NEM-UL00,mob,honor,荣耀,,Nemo,荣耀畅玩 5C,双 4G 版,honor_cn
CAM-AL00,mob,honor,荣耀,,Cambodia,荣耀畅玩 5A,全网通版,honor_cn
CAM-TL00H,mob,honor,荣耀,,Cambodia,荣耀畅玩 5A,移动渠道版,honor_cn
CAM-TL00,mob,honor,荣耀,,Cambodia,荣耀畅玩 5A,移动增强版,honor_cn
CAM-UL00,mob,honor,荣耀,,Cambodia,荣耀畅玩 5A,双 4G 版,honor_cn
CAM-CL00,mob,honor,荣耀,,Cambodia,荣耀畅玩 5A,电信版,honor_cn
CUN-AL00,mob,honor,荣耀,,Cancun,荣耀畅玩 5,全网通版,honor_cn
CUN-TL00,mob,honor,荣耀,,Cancun,荣耀畅玩 5,移动定制版,honor_cn
DLI-AL10,mob,honor,荣耀,,Delhi,荣耀畅玩 6A,全网通版,honor_cn
DLI-TL20,mob,honor,荣耀,,Delhi,荣耀畅玩 6A,移动定制版,honor_cn
MYA-AL10,mob,honor,荣耀,,Maya,荣耀畅玩 6,全网通版,honor_cn
MYA-TL10,mob,honor,荣耀,,Maya,荣耀畅玩 6,移动定制版,honor_cn
LND-AL30,mob,honor,荣耀,,London,荣耀畅玩 7C,全网通标配版,honor_cn
LND-AL40,mob,honor,荣耀,,London,荣耀畅玩 7C,全网通高配版,honor_cn
LND-TL30,mob,honor,荣耀,,London,荣耀畅玩 7C,移动 4G+ 标配版,honor_cn
LND-TL40,mob,honor,荣耀,,London,荣耀畅玩 7C,移动 4G+ 高配版,honor_cn
AUM-AL00,mob,honor,荣耀,,Atomu,荣耀畅玩 7A,全网通标配版,honor_cn
AUM-AL20,mob,honor,荣耀,,Atomu,荣耀畅玩 7A,全网通高配版,honor_cn
AUM-TL00,mob,honor,荣耀,,Atomu,荣耀畅玩 7A,移动 4G+ 标配版,honor_cn
AUM-TL20,mob,honor,荣耀,,Atomu,荣耀畅玩 7A,移动 4G+ 高配版,honor_cn
DUA-AL00,mob,honor,荣耀,,Dura,荣耀畅玩 7,全网通版,honor_cn
DUA-TL00,mob,honor,荣耀,,Dura,荣耀畅玩 7,移动 4G+ 版,honor_cn
BKK-AL00,mob,honor,荣耀,,Bangkok,荣耀畅玩 8C,全网通版 (4GB+64GB),honor_cn
BKK-AL10,mob,honor,荣耀,,Bangkok,荣耀畅玩 8C,全网通版,honor_cn
BKK-TL00,mob,honor,荣耀,,Bangkok,荣耀畅玩 8C,移动 4G+ 版,honor_cn
JAT-AL00,mob,honor,荣耀,,Jakarta,荣耀畅玩 8A,全网通版,honor_cn
JAT-TL00,mob,honor,荣耀,,Jakarta,荣耀畅玩 8A,移动 4G+ 版,honor_cn
KSA-AL00,mob,honor,荣耀,,Katyusha,荣耀畅玩 8,全网通版,honor_cn
KSA-TL00,mob,honor,荣耀,,Katyusha,荣耀畅玩 8,移动 4G+ 版,honor_cn
MOA-AL00,mob,honor,荣耀,,Moana,荣耀畅玩 9A,全网通版,honor_cn
MOA-AL20,mob,honor,荣耀,,Moana,荣耀畅玩 9A,全网通版,honor_cn
MOA-TL00,mob,honor,荣耀,,Moana,荣耀畅玩 9A,移动 4G+ 版,honor_cn
KOZ-AL00,mob,honor,荣耀,,KonanZ,荣耀畅玩 20,,honor_cn
KOZ-AL00CM,mob,honor,荣耀,,KonanZ,荣耀畅玩 20a,,honor_cn
HJC-LX9,mob,honor,荣耀,,JessicaH,荣耀畅玩 20 Pro,,honor_cn
VNE-AN00,mob,honor,荣耀,,Vinnie,荣耀畅玩 30,5G,honor_cn
VNE-AN40,mob,honor,荣耀,,Vinnie,荣耀畅玩 30M,5G,honor_cn
CMA-AN00,mob,honor,荣耀,,Carmella,荣耀畅玩 30 Plus,5G,honor_cn
WDY-AN00,mob,honor,荣耀,,Woody,荣耀畅玩 40,5G,honor_cn
WDY-AN00,mob,honor,荣耀,,Woody,荣耀畅玩 40C,5G,honor_cn
WDY-AN00,mob,honor,荣耀,,Woody,荣耀畅玩 40S,5G,honor_cn
RKY-AN00,mob,honor,荣耀,,Rocky,荣耀畅玩 40 Plus,5G,honor_cn
JDY-AN00,mob,honor,荣耀,,Judy,荣耀畅玩 50,5G,honor_cn
JDY-AN00,mob,honor,荣耀,,Judy,荣耀畅玩 50m,5G,honor_cn
CLK-AN00,mob,honor,荣耀,,Clark,荣耀畅玩 50 Plus,5G,honor_cn
NIC-AN00,mob,honor,荣耀,,Nick,荣耀畅玩 60,5G,honor_cn
NIC-AN00,mob,honor,荣耀,,Nick,荣耀畅玩 60m,5G,honor_cn
NLA-AN00,mob,honor,荣耀,,Nala,荣耀畅玩 60A,5G,honor_cn
NLA-AN00,mob,honor,荣耀,,Nala,荣耀畅玩 80,,honor_cn
ALT-AN00,mob,honor,荣耀,,Alita,荣耀畅玩 60 Plus,5G,honor_cn
LOG-AN00,mob,honor,荣耀,,Logan,荣耀畅玩 70 Plus,5G,honor_cn
LOG-AN00,mob,honor,荣耀,,Logan,荣耀畅玩 70m Plus,5G,honor_cn
NLA-AL00,mob,honor,荣耀,,Nala,荣耀畅玩 70C,,honor_cn
LAB-AN00,mob,honor,荣耀,,Labu,荣耀畅玩 80 Plus,5G,honor_cn
LOG-AN10,mob,honor,荣耀,,Logan,荣耀畅玩 80 Pro,5G,honor_cn
S8-701w,pad,honor,荣耀,,,荣耀平板,Wi-Fi 版,honor_cn
S8-701u,pad,honor,荣耀,,,荣耀平板,3G 版,honor_cn
T1-821w,pad,honor,荣耀,,,荣耀平板,优享版,honor_cn
T1-823L,pad,honor,荣耀,,,荣耀平板,LTE 版,honor_cn
JDN-W09,pad,honor,荣耀,,Jordan,荣耀平板 2,Wi-Fi 版,honor_cn
JDN-AL00,pad,honor,荣耀,,Jordan,荣耀平板 2,LTE 版,honor_cn
AGS2-W09HN,pad,honor,荣耀,,Agassi2,荣耀平板 5,10.1 英寸 Wi-Fi 版,honor_cn
AGS2-AL00HN,pad,honor,荣耀,,Agassi2,荣耀平板 5,10.1 英寸 LTE 版,honor_cn
JDN2-W09HN,pad,honor,荣耀,,Jordan2,荣耀平板 5,8 英寸 Wi-Fi 版,honor_cn
JDN2-AL00HN,pad,honor,荣耀,,Jordan2,荣耀平板 5,8 英寸 LTE 版,honor_cn
JDN-AL50HN,pad,honor,荣耀,,Jordan2,荣耀平板 5,8 英寸 LTE 版,honor_cn
AGS3-W09HN,pad,honor,荣耀,,Agassi3,荣耀平板 6,10.1 英寸 Wi-Fi 版,honor_cn
AGS3-AL09HN,pad,honor,荣耀,,Agassi3,荣耀平板 6,10.1 英寸 LTE 版,honor_cn
AGM3-W09HN,pad,honor,荣耀,,Agassi3M,荣耀平板 7,10.1 英寸 Wi-Fi 版,honor_cn
AGM3-AL09HN,pad,honor,荣耀,,Agassi3M,荣耀平板 7,10.1 英寸 LTE 版,honor_cn
HEY-W09,pad,honor,荣耀,,Hendry,荣耀平板 8,12 英寸 Wi-Fi 版,honor_cn
HEY2-W09,pad,honor,荣耀,,Hendry2,荣耀平板 9,12.1 英寸 Wi-Fi 版,honor_cn
HEY2-W19,pad,honor,荣耀,,Hendry2,荣耀平板 9,柔光版 12.1 英寸 Wi-Fi 版,honor_cn
ROD-W09,pad,honor,荣耀,,Rolland,荣耀平板 9 Pro,12.1 英寸 Wi-Fi 版,honor_cn
ROD-W19,pad,honor,荣耀,,Rolland,荣耀平板 9 Pro,柔光版 12.1 英寸 Wi-Fi 版,honor_cn
HEY3-W00,pad,honor,荣耀,,Hendry3,荣耀平板 10,12.1 英寸 Wi-Fi 版,honor_cn
HEY3-W10,pad,honor,荣耀,,Hendry3,荣耀平板 10,柔光版 12.1 英寸 Wi-Fi 版,honor_cn
ROL-W00,pad,honor,荣耀,,Rowling,荣耀平板 10 Pro,11.5 英寸 Wi-Fi 版,honor_cn
ROL-W10,pad,honor,荣耀,,Rowling,荣耀平板 10 Pro,柔光版 11.5 英寸 Wi-Fi 版,honor_cn
HEY4-W09,pad,honor,荣耀,,Hendry4,荣耀平板 20,12.1 英寸 Wi-Fi 版,honor_cn
HEY4-W19,pad,honor,荣耀,,Hendry4,荣耀平板 20,柔光版 12.1 英寸 Wi-Fi 版,honor_cn
HEY4-AN00,pad,honor,荣耀,,Hendry4,荣耀平板 20,12.1 英寸 5G 版,honor_cn
KRJ-W09,pad,honor,荣耀,,Karajan,荣耀平板 V6,10.4 英寸 Wi-Fi 版 (华为终端),honor_cn
KRJ-AN00,pad,honor,荣耀,,Karajan,荣耀平板 V6,10.4 英寸 5G 版 (华为终端),honor_cn
KJR-W09,pad,honor,荣耀,,KarajanR,荣耀平板 V6,10.4 英寸 Wi-Fi 版 (荣耀终端),honor_cn
KRJ2-W09,pad,honor,荣耀,,Karajan2,荣耀平板 V7,10.4 英寸 Wi-Fi 版,honor_cn
KRJ2-AN00,pad,honor,荣耀,,Karajan2,荣耀平板 V7,10.4 英寸 5G 版,honor_cn
BRT-W09,pad,honor,荣耀,,Britten,荣耀平板 V7 Pro,11 英寸 Wi-Fi 版,honor_cn
BRT-AN09,pad,honor,荣耀,,Britten,荣耀平板 V7 Pro,11 英寸 5G 版,honor_cn
BRT-W09,pad,honor,荣耀,,Britten,荣耀平板 V8,11 英寸 Wi-Fi 版,honor_cn
ROD-W09,pad,honor,荣耀,,Rolland,荣耀平板 V8 Pro,12.1 英寸 Wi-Fi 版,honor_cn
ROL-W00,pad,honor,荣耀,,Rowling,荣耀平板 V9,11.5 英寸 Wi-Fi 版,honor_cn
ROL-W10,pad,honor,荣耀,,Rowling,荣耀平板 V9,柔光版 11.5 英寸 Wi-Fi 版,honor_cn
GDI-W09,pad,honor,荣耀,,Gaudi,荣耀平板 MagicPad,13 英寸 Wi-Fi 版,honor_cn
ROD2-W09,pad,honor,荣耀,,Rolland2,荣耀平板 MagicPad 2,12.3 英寸 Wi-Fi 版,honor_cn
CGA-W00,pad,honor,荣耀,,Changan,荣耀平板 MagicPad 3,13.3 英寸 Wi-Fi 版,honor_cn
CGL-W00,pad,honor,荣耀,,,荣耀 MagicPad 3 12.5,英寸 Wi-Fi 版,honor_cn
YLP-W00,pad,honor,荣耀,,,荣耀 MagicPad 3 Pro 13.3,英寸 Wi-Fi 版,honor_cn
YLE-W09,pad,honor,荣耀,,Yongle,荣耀 MagicPad 3 Pro 12.3,英寸 Wi-Fi 版,honor_cn
ROL-W60,pad,honor,荣耀,,Rowling,荣耀平板 GT,11.5 英寸 Wi-Fi 版,honor_cn
ROD2-W69,pad,honor,荣耀,,Rolland2,荣耀平板 GT Pro,12.3 英寸 Wi-Fi 版,honor_cn
CHG-W60,pad,honor,荣耀,,,荣耀平板 GT2 Pro,12.5 英寸 Wi-Fi 版,honor_cn
AGR-W09HN,pad,honor,荣耀,,AgassiR,荣耀平板 X6,9.7 英寸 Wi-Fi 版,honor_cn
AGR-AL09HN,pad,honor,荣耀,,AgassiR,荣耀平板 X6,9.7 英寸 LTE 版,honor_cn
KOB2-W09HN,pad,honor,荣耀,,Kobe2,荣耀平板 X7,8 英寸 Wi-Fi 版,honor_cn
KOB2-AL00HN,pad,honor,荣耀,,Kobe2,荣耀平板 X7,8 英寸 LTE 版,honor_cn
AGM3-W09HN,pad,honor,荣耀,,Agassi3M,荣耀平板 X8,10.1 英寸 Wi-Fi 版,honor_cn
ELN-W09,pad,honor,荣耀,,Eileen,荣耀平板 X8 Pro,11.5 英寸 Wi-Fi 版,honor_cn
NDL-W09,pad,honor,荣耀,,Nadal,荣耀平板 X9,11 英寸 Wi-Fi 版,honor_cn
NDL-AL00,pad,honor,荣耀,,Nadal,荣耀平板 X9,11 英寸 LTE 版,honor_cn
ELN2-W09,pad,honor,荣耀,,Eileen2,荣耀平板 X9 Pro,11.5 英寸 Wi-Fi 版,honor_cn
NDL2-W09,pad,honor,荣耀,,Nadal2,荣耀平板 X10,11 英寸 Wi-Fi 版,honor_cn
ELE2-W00,pad,honor,荣耀,,Eileen2,荣耀平板 X10 Pro,11.5 英寸 Wi-Fi 版,honor_cn
ELE2-W19,pad,honor,荣耀,,Eileen2,荣耀平板 X10 Pro,柔光版 11.5 英寸 Wi-Fi 版,honor_cn
ELE2-W19,pad,honor,荣耀,,Eileen2,荣耀护眼学习机 火火兔版,11.5 英寸 Wi-Fi 版,honor_cn
AGM-W09HN,pad,honor,荣耀,,AgassiRM,荣耀平板 Z3,9.7 英寸 Wi-Fi 版,honor_cn
AGM-AL09HN,pad,honor,荣耀,,AgassiRM,荣耀平板 Z3,9.7 英寸 LTE 版,honor_cn
AGM3-W09HN,pad,honor,荣耀,,Agassi3M,荣耀平板 Z5,10.1 英寸 Wi-Fi 版,honor_cn
AGM3-AL09HN,pad,honor,荣耀,,Agassi3M,荣耀平板 Z5,10.1 英寸 LTE 版,honor_cn
NDL-W00,pad,honor,荣耀,,Nadal,荣耀平板 Z5a,11 英寸 Wi-Fi 版,honor_cn
ELN-W09,pad,honor,荣耀,,Eileen,荣耀平板 Z6,11.5 英寸 Wi-Fi 版,honor_cn
ELN2-W09,pad,honor,荣耀,,Eileen2,荣耀平板 Z6 第二代,11.5 英寸 Wi-Fi 版,honor_cn
HEY2-AN00,pad,honor,荣耀,,Hendry2,荣耀平板 Z7,12.1 英寸 5G 版,honor_cn
HDN-W09,pad,honor,荣耀,,Haydn,荣耀 Waterplay,10.1 英寸 Wi-Fi 版,honor_cn
HDN-L09,pad,honor,荣耀,,Haydn,荣耀 Waterplay,10.1 英寸 LTE 版,honor_cn
HDL-W09,pad,honor,荣耀,,Handel,荣耀 Waterplay,8 英寸 Wi-Fi 版,honor_cn
HDL-AL09,pad,honor,荣耀,,Handel,荣耀 Waterplay,8 英寸 LTE 版,honor_cn
7D-501u,pad,honor,荣耀,,,荣耀 X1,3G 版,honor_cn
7D-503L,pad,honor,荣耀,,,荣耀 X1,4G 版,honor_cn
7D-503LT,pad,honor,荣耀,,,荣耀 X1,移动 4G 版,honor_cn
GEM-703L,pad,honor,荣耀,,,荣耀 X2,,honor_cn
GEM-703LT,pad,honor,荣耀,,,荣耀 X2,移动版,honor_cn
T1-701u,pad,honor,荣耀,,,荣耀畅玩平板,,honor_cn
T1-701ua,pad,honor,荣耀,,,荣耀畅玩平板,优享版,honor_cn
BGO-DL09,pad,honor,荣耀,,Baggio,荣耀畅玩平板,LTE 版,honor_cn
T1-A21w,pad,honor,荣耀,,,荣耀畅玩平板 note,,honor_cn
T1-A23L,pad,honor,荣耀,,,荣耀畅玩平板 note,LTE 版,honor_cn
KOB-W09,pad,honor,荣耀,,Kobe,荣耀畅玩平板 2,8 英寸 Wi-Fi 版,honor_cn
KOB-L09,pad,honor,荣耀,,Kobe,荣耀畅玩平板 2,8 英寸 LTE 版,honor_cn
AGS-W09,pad,honor,荣耀,,Agassi,荣耀畅玩平板 2,9.6 英寸 Wi-Fi 版,honor_cn
AGS-L09,pad,honor,荣耀,,Agassi,荣耀畅玩平板 2,9.6 英寸 LTE 版,honor_cn
BG2-W09,pad,honor,荣耀,,Baggio2,荣耀畅玩平板 2,7 英寸 Wi-Fi 版,honor_cn
VLT-W50,computer,honor,荣耀,,Volta,荣耀 MagicBook,i5,honor_cn
VLT-W60,computer,honor,荣耀,,Volta,荣耀 MagicBook,i7,honor_cn
KPL-W00,computer,honor,荣耀,,,荣耀 MagicBook 锐龙版,,honor_cn
VLR-W09,computer,honor,荣耀,,VoltaR,荣耀 MagicBook 2019,i3,honor_cn
VLR-W19,computer,honor,荣耀,,VoltaR,荣耀 MagicBook 2019,i5,honor_cn
VLR-W29,computer,honor,荣耀,,VoltaR,荣耀 MagicBook 2019,i7,honor_cn
VLR-W09L,computer,honor,荣耀,,VoltaR,荣耀 MagicBook 2019,科技尝鲜版 i3,honor_cn
VLR-W19L,computer,honor,荣耀,,VoltaR,荣耀 MagicBook 2019,科技尝鲜版 i5,honor_cn
VLR-W19LP,computer,honor,荣耀,,VoltaR,荣耀 MagicBook 2019,科技尝鲜版 i5 (16GB+512GB),honor_cn
VLR-W29L,computer,honor,荣耀,,VoltaR,荣耀 MagicBook 2019,科技尝鲜版 i7,honor_cn
KPR-W19,computer,honor,荣耀,,,荣耀 MagicBook 2019 锐龙版,R5,honor_cn
KPR-W29,computer,honor,荣耀,,,荣耀 MagicBook 2019 锐龙版,R7,honor_cn
KPRC-W10L,computer,honor,荣耀,,,荣耀 MagicBook 2019 锐龙版,科技尝鲜版 R5,honor_cn
KPRC-W20L,computer,honor,荣耀,,,荣耀 MagicBook 2019 锐龙版,科技尝鲜版 R7,honor_cn
Nbl-WAH9HN,computer,honor,荣耀,,NobelB,荣耀 MagicBook 14,i5,honor_cn
Nbl-WAH9HNP,computer,honor,荣耀,,NobelB,荣耀 MagicBook 14,i5 (16GB+512GB),honor_cn
Nbl-WAE9HN,computer,honor,荣耀,,NobelB,荣耀 MagicBook 14,i7,honor_cn
Nbl-WAE9HNP,computer,honor,荣耀,,NobelB,荣耀 MagicBook 14,i7 (16GB+512GB),honor_cn
Nbl-WAQ9HNR,computer,honor,荣耀,,NobelK,荣耀 MagicBook 14,14 SE R5,honor_cn
Nbl-WAQ9HNRP,computer,honor,荣耀,,NobelK,荣耀 MagicBook 14,R5 (16GB+512GB),honor_cn
Nbl-WAP9HNR,computer,honor,荣耀,,NobelK,荣耀 MagicBook 14,R7,honor_cn
Nbl-WAQ9HNL,computer,honor,荣耀,,NobelK,荣耀 MagicBook 14,科技尝鲜版 R5,honor_cn
Nbl-WAP9HNL,computer,honor,荣耀,,NobelK,荣耀 MagicBook 14,科技尝鲜版 R7,honor_cn
NblL-WFQ9HN,computer,honor,荣耀,,NobelL,荣耀 MagicBook 14 2020,R5,honor_cn
NblL-WFP9HN,computer,honor,荣耀,,NobelL,荣耀 MagicBook 14 2020,R7,honor_cn
NbD-WFH9HN,computer,honor,荣耀,,NobelD,荣耀 MagicBook 14 2021,i5 (华为终端),honor_cn
NbD-WFE9HN,computer,honor,荣耀,,NobelD,荣耀 MagicBook 14 2021,i7 (华为终端),honor_cn
NDR-WFH9HN,computer,honor,荣耀,,NobelDR,荣耀 MagicBook 14 2021,i5 (荣耀终端),honor_cn
NDR-WFE9HN,computer,honor,荣耀,,NobelDR,荣耀 MagicBook 14 2021,i7 (荣耀终端),honor_cn
NLR-WAQ9HNR,computer,honor,荣耀,,NobelLR,荣耀 MagicBook 14 SE 2021,R5 (8GB+256GB),honor_cn
Nbl-WAQ9HNRP,computer,honor,荣耀,,NobelLR,荣耀 MagicBook 14 SE 2021,R5 (16GB+512GB),honor_cn
NIR-WAP9HNRP,computer,honor,荣耀,,NobelLR,荣耀 MagicBook 14 SE 2021,R7,honor_cn
NMH-WDQ9HN,computer,honor,荣耀,,NobelMH,荣耀 MagicBook 14 2021 锐龙版,R5 (8GB+256GB/8GB+512GB),honor_cn
NMH-WFQ9HN,computer,honor,荣耀,,NobelMH,荣耀 MagicBook 14 2021 锐龙版,R5 (16GB+512GB),honor_cn
NMH-WFP9HN,computer,honor,荣耀,,NobelMH,荣耀 MagicBook 14 2021 锐龙版,R7,honor_cn
GLO-F56,computer,honor,荣耀,,GalileoF,荣耀 MagicBook 14 2022,i5,honor_cn
GLO-F76,computer,honor,荣耀,,GalileoF,荣耀 MagicBook 14 2022,i7,honor_cn
GLO-N56,computer,honor,荣耀,,GalileoN,荣耀 MagicBook 14 2022 锐龙版,R5,honor_cn
GLO-N76,computer,honor,荣耀,,GalileoN,荣耀 MagicBook 14 2022 锐龙版,R7,honor_cn
GLO-G56,computer,honor,荣耀,,GalileoG,荣耀 MagicBook 14 2023,i5 (16GB+512GB),honor_cn
GLO-G561,computer,honor,荣耀,,GalileoG,荣耀 MagicBook 14 2023,i5 (16GB+1TB),honor_cn
GLO-G52,computer,honor,荣耀,,GalileoG,荣耀 MagicBook 14 2023,i5 (32GB+1TB),honor_cn
GLO-G561,computer,honor,荣耀,,GalileoG,荣耀 MagicBook 14 Pro 2023,i5 (16GB+1TB),honor_cn
BCC-N,computer,honor,荣耀,,,荣耀 MagicBook 14 2026,,honor_cn
Boh-WAH9HN,computer,honor,荣耀,,BohrB,荣耀 MagicBook 15,i5,honor_cn
Boh-WAH9HNP,computer,honor,荣耀,,BohrB,荣耀 MagicBook 15,i5 (16GB+512GB),honor_cn
Boh-WAE9HN,computer,honor,荣耀,,BohrB,荣耀 MagicBook 15,i7,honor_cn
Boh-WAQ9HNR,computer,honor,荣耀,,BohrK,荣耀 MagicBook 15,R5,honor_cn
Boh-WAQ9HNRP,computer,honor,荣耀,,BohrK,荣耀 MagicBook 15,R5 (16GB+512GB),honor_cn
Boh-WAP9HNR,computer,honor,荣耀,,BohrK,荣耀 MagicBook 15,R7,honor_cn
Boh-WAQ9HNL,computer,honor,荣耀,,BohrK,荣耀 MagicBook 15,科技尝鲜版 R5,honor_cn
Boh-WAP9HNL,computer,honor,荣耀,,BohrK,荣耀 MagicBook 15,科技尝鲜版 R7,honor_cn
BohL-WDQ9HN,computer,honor,荣耀,,BohrL,荣耀 MagicBook 15 2020,R5 (8GB+256GB),honor_cn
BohL-WFQ9HN,computer,honor,荣耀,,BohrL,荣耀 MagicBook 15 2020,R5 (16GB+512GB),honor_cn
BohL-WFP9HN,computer,honor,荣耀,,BohrL,荣耀 MagicBook 15 2020,R7,honor_cn
BoD-WFH9HN,computer,honor,荣耀,,BohrD,荣耀 MagicBook 15 2021,i5 (华为终端),honor_cn
BoD-WFE9HN,computer,honor,荣耀,,BohrD,荣耀 MagicBook 15 2021,i7 (华为终端),honor_cn
BDR-WFH9HN,computer,honor,荣耀,,BohrDR,荣耀 MagicBook 15 2021,i5 (荣耀终端),honor_cn
BDR-WFE9HN,computer,honor,荣耀,,BohrDR,荣耀 MagicBook 15 2021,i7 (荣耀终端),honor_cn
BMH-WDQ9HN,computer,honor,荣耀,,BohrMH,荣耀 MagicBook 15 2021 锐龙版,R5 (8GB+256GB),honor_cn
BMH-WFQ9HN,computer,honor,荣耀,,BohrMH,荣耀 MagicBook 15 2021 锐龙版,R5 (16GB+512GB),honor_cn
BMH-WFP9HN,computer,honor,荣耀,,BohrMH,荣耀 MagicBook 15 2021 锐龙版,R7,honor_cn
HYM-W56,computer,honor,荣耀,,HalleyM,荣耀 MagicBook 16 2021,R5,honor_cn
HYM-W76,computer,honor,荣耀,,HalleyM,荣耀 MagicBook 16 2021,R7,honor_cn
HYM-W76,computer,honor,荣耀,,HalleyM,荣耀 MagicBook 16 Pro 2021,R7,honor_cn
JGC-N,computer,honor,荣耀,,,荣耀 MagicBook 16 2026,,honor_cn
FMB-P,computer,honor,荣耀,,,荣耀 MagicBook Pro 14 2025,,honor_cn
FMB-PM,computer,honor,荣耀,,,荣耀 MagicBook Pro 14 2025,极客版,honor_cn
ZQC-P,computer,honor,荣耀,,,荣耀 MagicBook Pro 14 2026,,honor_cn
HBL-W19,computer,honor,荣耀,,,荣耀 MagicBook Pro,i5,honor_cn
HBL-W29,computer,honor,荣耀,,,荣耀 MagicBook Pro,i7,honor_cn
HBL-W19L,computer,honor,荣耀,,,荣耀 MagicBook Pro,科技尝鲜版 i5,honor_cn
HBL-W29L,computer,honor,荣耀,,,荣耀 MagicBook Pro,科技尝鲜版 i7,honor_cn
HLY-W19R,computer,honor,荣耀,,HalleyK,荣耀 MagicBook Pro,R5,honor_cn
HLY-W19RP,computer,honor,荣耀,,HalleyK,荣耀 MagicBook Pro,R5 (16GB+512GB),honor_cn
HLY-W29R,computer,honor,荣耀,,HalleyK,荣耀 MagicBook Pro,R7,honor_cn
HLY-W19RL,computer,honor,荣耀,,HalleyK,荣耀 MagicBook Pro,科技尝鲜版 R5,honor_cn
HLY-W19RLP,computer,honor,荣耀,,HalleyK,荣耀 MagicBook Pro,科技尝鲜版 R5 (16GB+512GB),honor_cn
HLY-W29RL,computer,honor,荣耀,,HalleyK,荣耀 MagicBook Pro,科技尝鲜版 R7,honor_cn
HBB-WAH9PHNL,computer,honor,荣耀,,,荣耀 MagicBook Pro 2020,i5,honor_cn
HBB-WAE9PHNL,computer,honor,荣耀,,,荣耀 MagicBook Pro 2020,i7,honor_cn
HLYL-WFQ9,computer,honor,荣耀,,HalleyL,荣耀 MagicBook Pro 2020,R5 (华为终端),honor_cn
HLYL-WFP9,computer,honor,荣耀,,HalleyL,荣耀 MagicBook Pro 2020,R7 (华为终端),honor_cn
HYLR-WDQ9,computer,honor,荣耀,,HalleyLR,荣耀 MagicBook Pro 2020,R5 (荣耀终端),honor_cn
HYLR-WFP9,computer,honor,荣耀,,HalleyLR,荣耀 MagicBook Pro 2020,R7 (荣耀终端),honor_cn
DRA-56,computer,honor,荣耀,,DarwinA,荣耀 MagicBook Pro 16,Ultra 5 (16GB 内存),honor_cn
DRA-54,computer,honor,荣耀,,DarwinA,荣耀 MagicBook Pro 16,Ultra 5 (24GB 内存),honor_cn
DRA-72,computer,honor,荣耀,,DarwinA,荣耀 MagicBook Pro 16,Ultra 7 (32GB 内存),honor_cn
DRB-P,computer,honor,荣耀,,DarwinB,荣耀 MagicBook Pro 16 2025,,honor_cn
XWC-P,computer,honor,荣耀,,,荣耀 MagicBook Pro 16 2026,16 2026,honor_cn
HGE-W56,computer,honor,荣耀,,HiggsE,荣耀 MagicBook V 14,i5,honor_cn
HGE-W76,computer,honor,荣耀,,HiggsE,荣耀 MagicBook V 14,i7,honor_cn
HGF-W56,computer,honor,荣耀,,HiggsF,荣耀 MagicBook V 14 2022,i5,honor_cn
HGF-W76,computer,honor,荣耀,,HiggsF,荣耀 MagicBook V 14 2022,i7,honor_cn
MRA-561,computer,honor,荣耀,,MooreA,荣耀 MagicBook Art 14,Ultra 5 (16GB+1TB),honor_cn
MRA-521,computer,honor,荣耀,,MooreA,荣耀 MagicBook Art 14,Ultra 5 (32GB+1TB),honor_cn
MRA-721,computer,honor,荣耀,,MooreA,荣耀 MagicBook Art 14,Ultra 7 (32GB+1TB),honor_cn
MRO-521,computer,honor,荣耀,,MooreO,荣耀 MagicBook Art 14,骁龙 X Elite (32GB+1TB),honor_cn
MRB-A,computer,honor,荣耀,,MooreB,荣耀 MagicBook Art 14 2025,,honor_cn
NBR-WAI9,computer,honor,荣耀,,NobelBR,荣耀 MagicBook X 14,i3,honor_cn
NBR-WAH9,computer,honor,荣耀,,NobelBR,荣耀 MagicBook X 14,i5,honor_cn
NDR-WFH,computer,honor,荣耀,,NobelDR,荣耀 MagicBook X 14 2022,i5 (11 代酷睿),honor_cn
FRI-F56,computer,honor,荣耀,,FermiF,荣耀 MagicBook X 14 2022,i5 (12 代酷睿),honor_cn
FRI-F38,computer,honor,荣耀,,FermiF,荣耀 MagicBook X 14 2023,i3 (8GB+256GB),honor_cn
FRI-F56,computer,honor,荣耀,,FermiF,荣耀 MagicBook X 14 2023,i5 (16GB+512GB),honor_cn
FRI-F561,computer,honor,荣耀,,FermiF,荣耀 MagicBook X 14 2023,i5 (16GB+1TB),honor_cn
FRI-G56,computer,honor,荣耀,,FermiG,荣耀 MagicBook X 14 Pro 2023,i5 (16GB+512GB),honor_cn
FRI-G561,computer,honor,荣耀,,FermiG,荣耀 MagicBook X 14 Pro 2023,i5 (16GB+1TB),honor_cn
FRI-H76,computer,honor,荣耀,,FermiH,荣耀 MagicBook X 14 Pro 2023,R7 (16GB+512GB),honor_cn
FRI-G56,computer,honor,荣耀,,FermiG,荣耀笔记本 X14 2024,i5 (16GB+512GB),honor_cn
FRI-G561,computer,honor,荣耀,,FermiG,荣耀笔记本 X14 2024,i5 (16GB+1TB),honor_cn
FRI-H56,computer,honor,荣耀,,FermiH,荣耀笔记本 X14 2024,R5 (16GB+512GB),honor_cn
FRG-X,computer,honor,荣耀,,FermiG,荣耀笔记本 X14 2025,,honor_cn
GDG-X,computer,honor,荣耀,,GodelG,荣耀笔记本 X14 2025 战斗版,,honor_cn
FRG-X,computer,honor,荣耀,,FermiG,荣耀笔记本 X14 2026,,honor_cn
LVD-X,computer,honor,荣耀,,,荣耀笔记本 X14 2026 战斗版,,honor_cn
LVD-X,computer,honor,荣耀,,,荣耀笔记本 X14 Plus 2026 战斗版,,honor_cn
GDH-X,computer,honor,荣耀,,GodelH,荣耀笔记本 X14 锐龙版 2026,,honor_cn
FMI-76,computer,honor,荣耀,,FermiI,荣耀笔记本 X14 Plus 2024,R7 (16GB+512GB),honor_cn
FMI-721,computer,honor,荣耀,,FermiI,荣耀笔记本 X14 Plus 2024,R7 (32GB+1TB),honor_cn
FRB-X,computer,honor,荣耀,,FermiB,荣耀笔记本 X14 Plus 2025,,honor_cn
LVC-X,computer,honor,荣耀,,,荣耀笔记本 X14 Plus 2026,,honor_cn
BBR-WAI9,computer,honor,荣耀,,BohrBR,荣耀 MagicBook X 15,i3,honor_cn
BBR-WAH9,computer,honor,荣耀,,BohrBR,荣耀 MagicBook X 15,i5,honor_cn
BDR-WDH,computer,honor,荣耀,,BohrDR,荣耀 MagicBook X 15 2022,i5 (8GB+512GB),honor_cn
BDR-WFH,computer,honor,荣耀,,BohrDR,荣耀 MagicBook X 15 2022,i5 (16GB+512GB),honor_cn
BRN-F56,computer,honor,荣耀,,BornF,荣耀 MagicBook X 16 2022,i5,honor_cn
BRN-F56,computer,honor,荣耀,,BornF,荣耀 MagicBook X 16 2023,i5 (16GB+512GB),honor_cn
BRN-F561,computer,honor,荣耀,,BornF,荣耀 MagicBook X 16 2023,i5 (16GB+1TB),honor_cn
BRN-G56,computer,honor,荣耀,,BornG,荣耀 MagicBook X 16 Pro 2023,i5 (16GB+512GB),honor_cn
BRN-G561,computer,honor,荣耀,,BornG,荣耀 MagicBook X 16 Pro 2023,i5 (16GB+1TB),honor_cn
BRN-H76,computer,honor,荣耀,,BornH,荣耀 MagicBook X 16 Pro 2023,R7 (16GB+512GB),honor_cn
BRN-G56,computer,honor,荣耀,,BornG,荣耀笔记本 X16 2024,i5 (16GB+512GB),honor_cn
BRN-G561,computer,honor,荣耀,,BornG,荣耀笔记本 X16 2024,i5 (16GB+1TB),honor_cn
BRN-H56,computer,honor,荣耀,,BornH,荣耀笔记本 X16 2024,R5 (16GB+512GB),honor_cn
BRG-585,computer,honor,荣耀,,BornG,荣耀笔记本 X16 2025,i5 (8GB+512GB),honor_cn
BRG-565,computer,honor,荣耀,,BornG,荣耀笔记本 X16 2025,i5 (16GB+512GB),honor_cn
BRG-561,computer,honor,荣耀,,BornG,荣耀笔记本 X16 2025,i5 (16GB+1TB),honor_cn
BRG-765,computer,honor,荣耀,,BornG,荣耀笔记本 X16 2025,i7 (16GB+512GB),honor_cn
BRG-761,computer,honor,荣耀,,BornG,荣耀笔记本 X16 2025,i7 (16GB+1TB),honor_cn
BRG-X,computer,honor,荣耀,,BornG,荣耀笔记本 X16 2026,,honor_cn
GOG-X,computer,honor,荣耀,,,荣耀笔记本 X16 2026 战斗版,,honor_cn
DNH-X,computer,honor,荣耀,,,荣耀笔记本 X16 锐龙版 2026,R5,honor_cn
GOH-X,computer,honor,荣耀,,,荣耀笔记本 X16 锐龙版 2026,R7,honor_cn
BRI-76,computer,honor,荣耀,,BornI,荣耀笔记本 X16 Plus 2024,R7 (16GB+512GB),honor_cn
BRI-721,computer,honor,荣耀,,BornI,荣耀笔记本 X16 Plus 2024,R7 (32GB+1TB),honor_cn
BRB-X,computer,honor,荣耀,,BornB,荣耀笔记本 X16 Plus 2025,,honor_cn
LHC-X,computer,honor,荣耀,,,荣耀笔记本 X16 Plus 2026,,honor_cn
FRI-F56Z,computer,honor,荣耀,,FermiF,荣耀 MagicBook Z3 14 2023,i5,honor_cn
FRD-WDG9,computer,honor,荣耀,,,荣耀猎人游戏本 V700,i5 (8GB+512GB) (华为终端),honor_cn
FRD-WFG9,computer,honor,荣耀,,,荣耀猎人游戏本 V700,i5 (16GB+512GB) (华为终端),honor_cn
FRD-WFD9,computer,honor,荣耀,,,荣耀猎人游戏本 V700,i7 (16GB+512GB) (华为终端),honor_cn
FRR-WFG9,computer,honor,荣耀,,,荣耀猎人游戏本 V700,i5 (16GB+512GB) (荣耀终端),honor_cn
FRR-WFD9,computer,honor,荣耀,,,荣耀猎人游戏本 V700,i7 (16GB+512GB) (荣耀终端),honor_cn
NWB-G,computer,honor,荣耀,,,荣耀 WIN 游戏本 H7,,honor_cn
NWC2-G,computer,honor,荣耀,,,荣耀 WIN 游戏本 H9,,honor_cn
OSCA-550A,tv,honor,荣耀,,Oscar,荣耀智慧屏,55 英寸 (2GB+16GB),honor_cn
OSCA-550AX,tv,honor,荣耀,,Oscar,荣耀智慧屏,55 英寸 (4GB+32GB),honor_cn
OSCA-550,tv,honor,荣耀,,Oscar,荣耀智慧屏 PRO,55 英寸 (2GB+32GB),honor_cn
OSCA-550X,tv,honor,荣耀,,Oscar,荣耀智慧屏 PRO,55 英寸 (4GB+64GB),honor_cn
HN65TAG,tv,honor,荣耀,,,荣耀智慧屏 5,65 英寸,honor_cn
HN75TAG,tv,honor,荣耀,,,荣耀智慧屏 5,75 英寸,honor_cn
LOK-330,tv,honor,荣耀,,Locke,荣耀智慧屏 X1,50 英寸,honor_cn
LOK-350,tv,honor,荣耀,,Locke,荣耀智慧屏 X1,55 英寸 (2GB+16GB),honor_cn
LOK-350C,tv,honor,荣耀,,Locke,荣耀智慧屏 X1,55 英寸 (2GB+16GB),honor_cn
LOK-350S,tv,honor,荣耀,,Locke,荣耀智慧屏 X1,55 英寸 (4GB+32GB),honor_cn
HN55LOKS,tv,honor,荣耀,,Locke,荣耀智慧屏 X1,55 英寸 2022 款 (4GB+32GB),honor_cn
LOK-360,tv,honor,荣耀,,Locke,荣耀智慧屏 X1,65 英寸 (2GB+16GB),honor_cn
LOK-360C,tv,honor,荣耀,,Locke,荣耀智慧屏 X1,65 英寸 (2GB+16GB),honor_cn
LOK-360S,tv,honor,荣耀,,Locke,荣耀智慧屏 X1,65 英寸 (4GB+32GB),honor_cn
HN65LOKS,tv,honor,荣耀,,Locke,荣耀智慧屏 X1,65 英寸 2022 款 (4GB+32GB),honor_cn
LOK-370,tv,honor,荣耀,,Locke,荣耀智慧屏 X1,75 英寸,honor_cn
HN43DNTA,tv,honor,荣耀,,,荣耀智慧屏 X2,43 英寸,honor_cn
HN55DNTA,tv,honor,荣耀,,,荣耀智慧屏 X2,55 英寸,honor_cn
HN65DNTA,tv,honor,荣耀,,,荣耀智慧屏 X2,65 英寸,honor_cn
HN55DNTS,tv,honor,荣耀,,,荣耀智慧屏 X3,55 英寸,honor_cn
HN65DNTS,tv,honor,荣耀,,,荣耀智慧屏 X3,65 英寸,honor_cn
HN55BYRA,tv,honor,荣耀,,,荣耀智慧屏 X3i,55 英寸,honor_cn
HN65BYRA,tv,honor,荣耀,,,荣耀智慧屏 X3i,65 英寸,honor_cn
HN75BYRA,tv,honor,荣耀,,,荣耀智慧屏 X3i,75 英寸,honor_cn
HN43DNTH,tv,honor,荣耀,,,荣耀智慧屏 Z3,43 英寸,honor_cn
HN55BYRA,tv,honor,荣耀,,,荣耀智慧屏 Z3,55 英寸,honor_cn
TLS-B19,watch,honor,荣耀,,,荣耀手表魔法系列,,honor_cn
HBE-B19,watch,honor,荣耀,,,HONOR MagicWatch 2,42mm (华为终端),honor_cn
HBE-B39,watch,honor,荣耀,,,HONOR MagicWatch 2,42mm (荣耀终端),honor_cn
MNS-B19,watch,honor,荣耀,,Minos,HONOR MagicWatch 2,46mm (华为终端),honor_cn
MNS-B39,watch,honor,荣耀,,Minos,HONOR MagicWatch 2,46mm (荣耀终端),honor_cn
HES-B19,watch,honor,荣耀,,,荣耀手表 ES,华为终端,honor_cn
HES-B59,watch,honor,荣耀,,,荣耀手表 ES,荣耀终端,honor_cn
KAN-B19,watch,honor,荣耀,,,荣耀手表 GS Pro,华为终端,honor_cn
KAN-B39,watch,honor,荣耀,,,荣耀手表 GS Pro,荣耀终端,honor_cn
MUS-B19,watch,honor,荣耀,,,荣耀手表 GS 3,,honor_cn
MNS-B39,watch,honor,荣耀,,,荣耀手表 GS 3i,,honor_cn
TMA-L19,watch,honor,荣耀,,,荣耀手表 4,,honor_cn
TUM-L19,watch,honor,荣耀,,,荣耀手表 4 Pro,,honor_cn
MUS-B19,watch,honor,荣耀,,,荣耀手表 GS 4,,honor_cn
STL-L19,watch,honor,荣耀,,,荣耀手表 5,,honor_cn
HAL-L19,watch,honor,荣耀,,Halo,荣耀手表 5 Pro,,honor_cn
TUR-L19,watch,honor,荣耀,,Tumir,荣耀手表 5 Ultra,,honor_cn
IVY-B39,watch,honor,荣耀,,,荣耀手表 GS 5,,honor_cn
IVY-B39,watch,honor,荣耀,,,荣耀手表 Fit,,honor_cn
LWS-WB10,watch,honor,荣耀,,,荣耀手表 X5,,honor_cn
WTS-B19,watch,honor,荣耀,,,荣耀手表 X5i,,honor_cn
ROM-B19,watch,honor,荣耀,,,荣耀手表 6 Plus,,honor_cn
NYX-B10HN,band,honor,荣耀,,,荣耀手环 3,标准版,honor_cn
NYX-B20HN,band,honor,荣耀,,,荣耀手环 3,NFC 版,honor_cn
CRS-B19,band,honor,荣耀,,Crius,荣耀手环 4,标准版,honor_cn
CRS-B29,band,honor,荣耀,,Crius,荣耀手环 4,NFC 版,honor_cn
AW70-B19HN,band,honor,荣耀,,,荣耀手环 4 Running 版,,honor_cn
CRS-B19S,band,honor,荣耀,,Crius,荣耀手环 5,标准版 (华为终端),honor_cn
CRS-B29S,band,honor,荣耀,,Crius,荣耀手环 5,NFC 版 (华为终端),honor_cn
CRS-B39,band,honor,荣耀,,Crius,荣耀手环 5,标准版 (荣耀终端),honor_cn
CRS-B59,band,honor,荣耀,,Crius,荣耀手环 5,NFC 版 (荣耀终端),honor_cn
ADS-B19,band,honor,荣耀,,,荣耀手环 5i,,honor_cn
AW70-B39HN,band,honor,荣耀,,,荣耀手环 5 篮球版,,honor_cn
ARG-B19,band,honor,荣耀,,,荣耀手环 6,标准版 (华为终端),honor_cn
ARG-B29,band,honor,荣耀,,,荣耀手环 6,NFC 版 (华为终端),honor_cn
ARG-B39,band,honor,荣耀,,,荣耀手环 6,标准版 (荣耀终端),honor_cn
ARG-B59,band,honor,荣耀,,,荣耀手环 6,NFC 版 (荣耀终端),honor_cn
FLA-B19,band,honor,荣耀,,,荣耀手环 7,标准版,honor_cn
FLA-B39,band,honor,荣耀,,,荣耀手环 7,NFC 版,honor_cn
RHE-B19,band,honor,荣耀,,,荣耀手环 9,标准版,honor_cn
RHE-B39,band,honor,荣耀,,,荣耀手环 9,NFC 版,honor_cn
VNE-B19,band,honor,荣耀,,,荣耀手环 10,标准版,honor_cn
VNE-B39,band,honor,荣耀,,,荣耀手环 10,NFC 版,honor_cn
CGN-A00,glass,honor,荣耀,,,荣耀观影眼镜,,honor_cn
HUAWEI U8860,mob,honor,荣耀,,,荣耀 Honor,联通版,honor_cn
HUAWEI C8860E,mob,honor,荣耀,,,荣耀 Honor,电信版,honor_cn
HUAWEI T8950,mob,honor,荣耀,,,荣耀 Honor+,移动版,honor_cn
HUAWEI U8950D,mob,honor,荣耀,,,荣耀 Honor+,联通版,honor_cn
HUAWEI C8950D,mob,honor,荣耀,,,荣耀 Honor+,电信版,honor_cn
HUAWEI U9508,mob,honor,荣耀,,,荣耀四核爱享版,,honor_cn
HUAWEI HN3-U01,mob,honor,荣耀,,,荣耀 3 outdoor,,honor_cn
Che1-L04,mob,honor,HONOR,,Cherry,HONOR 4X,India,honor_global_en
Che2-L03,mob,honor,HONOR,,Cherryplus,HONOR 4X,Single SIM,honor_global_en
Che2-L11,mob,honor,HONOR,,Cherryplus,HONOR 4X,Dual SIM,honor_global_en
Che2-L12,mob,honor,HONOR,,Cherryplus,HONOR 4X,Dual SIM,honor_global_en
Che2-L23,mob,honor,HONOR,,Cherryplus,HONOR 4X,Dual SIM,honor_global_en
CHM-U01,mob,honor,HONOR,,Cherrymini,HONOR 4C,,honor_global_en
KIW-L21,mob,honor,HONOR,,Kiwi,HONOR 5X,,honor_global_en
KIW-L24,mob,honor,HONOR,,Kiwi,HONOR 5X,United States,honor_global_en
NEM-L21,mob,honor,HONOR,,Nemo,HONOR 5C,,honor_global_en
NEM-L22,mob,honor,HONOR,,Nemo,HONOR 5C,,honor_global_en
NEM-L51,mob,honor,HONOR,,Nemo,HONOR 5C,,honor_global_en
H60-L04,mob,honor,HONOR,,Mogolia,HONOR 6,,honor_global_en
PE-TL10,mob,honor,HONOR,,Pine,HONOR 6 Plus,,honor_global_en
BLN-L21,mob,honor,HONOR,,Berlin,HONOR 6X,,honor_global_en
BLN-L22,mob,honor,HONOR,,Berlin,HONOR 6X,,honor_global_en
BLN-L24,mob,honor,HONOR,,Berlin,HONOR 6X,United States,honor_global_en
DIG-L22HN,mob,honor,HONOR,,Diego,HONOR 6C,,honor_global_en
JMM-L22,mob,honor,HONOR,,Jimmy,HONOR 6C Pro,,honor_global_en
DLI-L22,mob,honor,HONOR,,Delhi,HONOR 6A,,honor_global_en
DLI-L42,mob,honor,HONOR,,Delhi,HONOR 6A,,honor_global_en
DLI-TL20,mob,honor,HONOR,,Delhi,HONOR 6A,,honor_global_en
PLK-L01,mob,honor,HONOR,,Plank,HONOR 7,,honor_global_en
ATH-UL01,mob,honor,HONOR,,,ShotX,,honor_global_en
ATH-UL06,mob,honor,HONOR,,,ShotX,,honor_global_en
ATH-UL11,mob,honor,HONOR,,,ShotX,,honor_global_en
ATH-UL16,mob,honor,HONOR,,,ShotX,,honor_global_en
BND-L21,mob,honor,HONOR,,Bond,HONOR 7X,,honor_global_en
BND-L31,mob,honor,HONOR,,Bond,HONOR 7X,,honor_global_en
BND-AL10,mob,honor,HONOR,,Bond,HONOR 7X,,honor_global_en
BND-L24,mob,honor,HONOR,,Bond,HONOR 7X,United States,honor_global_en
LND-L29,mob,honor,HONOR,,London,HONOR 7C,,honor_global_en
LND-AL30,mob,honor,HONOR,,London,HONOR 7C,,honor_global_en
AUM-L29,mob,honor,HONOR,,Atomu,HONOR 7A,,honor_global_en
AUM-L33,mob,honor,HONOR,,Atomu,HONOR 7A,,honor_global_en
AUM-L41,mob,honor,HONOR,,Atomu,HONOR 7A,,honor_global_en
AUM-AL20,mob,honor,HONOR,,Atomu,HONOR 7A,,honor_global_en
DRA-LX5,mob,honor,HONOR,,Dura,HONOR 7S,,honor_global_en
DRA-AL00IA,mob,honor,HONOR,,Dura,HONOR 7S,,honor_global_en
DUA-L22,mob,honor,HONOR,,Dura,HONOR 7S,,honor_global_en
DUA-LX3,mob,honor,HONOR,,Dura,HONOR 7S,,honor_global_en
FRD-L02,mob,honor,HONOR,,Faraday,HONOR 8,Single SIM,honor_global_en
FRD-L04,mob,honor,HONOR,,Faraday,HONOR 8,Single SIM,honor_global_en
FRD-L09,mob,honor,HONOR,,Faraday,HONOR 8,Dual SIM,honor_global_en
FRD-L19,mob,honor,HONOR,,Faraday,HONOR 8,Dual SIM,honor_global_en
DUK-L09,mob,honor,HONOR,,Duke,HONOR 8 Pro,,honor_global_en
VEN-L22,mob,honor,HONOR,,,HONOR 8 Smart,,honor_global_en
JSN-L21,mob,honor,HONOR,,Johnson,HONOR 8X,,honor_global_en
JSN-L22,mob,honor,HONOR,,Johnson,HONOR 8X,,honor_global_en
JSN-L23,mob,honor,HONOR,,Johnson,HONOR 8X,,honor_global_en
JSN-L42,mob,honor,HONOR,,Johnson,HONOR 8X,,honor_global_en
BKK-L21,mob,honor,HONOR,,Bangkok,HONOR 8C,,honor_global_en
BKK-L22,mob,honor,HONOR,,Bangkok,HONOR 8C,,honor_global_en
BKK-LX2,mob,honor,HONOR,,Bangkok,HONOR 8C,,honor_global_en
JAT-L29,mob,honor,HONOR,,Jakarta,HONOR 8A,,honor_global_en
JAT-L41,mob,honor,HONOR,,Jakarta,HONOR 8A,,honor_global_en
JAT-LX1,mob,honor,HONOR,,Jakarta,HONOR 8A,,honor_global_en
JAT-LX3,mob,honor,HONOR,,Jakarta,HONOR 8A,,honor_global_en
KSA-LX2,mob,honor,HONOR,,Katyusha,HONOR 8S,,honor_global_en
KSA-LX3,mob,honor,HONOR,,Katyusha,HONOR 8S,,honor_global_en
KSA-LX9,mob,honor,HONOR,,Katyusha,HONOR 8S,,honor_global_en
STF-L09,mob,honor,HONOR,,Stanford,HONOR 9,,honor_global_en
LLD-L31,mob,honor,HONOR,,Leland,HONOR 9 Lite,,honor_global_en
LLD-AL10,mob,honor,HONOR,,Leland,HONOR 9 Lite,,honor_global_en
LLD-AL20,mob,honor,HONOR,,LelandP,HONOR 9N,,honor_global_en
STK-L22,mob,honor,HONOR,,Stark,HONOR 9X,,honor_global_en
STK-LX1,mob,honor,HONOR,,Stark,HONOR 9X,,honor_global_en
STK-LX3,mob,honor,HONOR,,Stark,HONOR 9X,,honor_global_en
HLK-L41,mob,honor,HONOR,,Hulk,HONOR 9X PRO,,honor_global_en
HLK-L42,mob,honor,HONOR,,Hulk,HONOR 9X PRO,,honor_global_en
JSN-L21,mob,honor,HONOR,,Johnson,HONOR 9X Lite,,honor_global_en
JSN-L22,mob,honor,HONOR,,Johnson,HONOR 9X Lite,,honor_global_en
JSN-L23,mob,honor,HONOR,,Johnson,HONOR 9X Lite,,honor_global_en
MOA-LX9N,mob,honor,HONOR,,Moana,HONOR 9A,,honor_global_en
AKA-L29,mob,honor,HONOR,,Asoka,HONOR 9C,,honor_global_en
COR-L29,mob,honor,HONOR,,Cornell,HONOR Play,,honor_global_en
COR-AL00,mob,honor,HONOR,,Cornell,HONOR Play,,honor_global_en
BKL-L09,mob,honor,HONOR,,Berkeley,HONOR View10,,honor_global_en
BKL-L04,mob,honor,HONOR,,Berkeley,HONOR View10,United States,honor_global_en
COL-L29,mob,honor,HONOR,,Columbia,HONOR 10,,honor_global_en
COL-L29D,mob,honor,HONOR,,Columbia,HONOR 10,,honor_global_en
COL-AL10,mob,honor,HONOR,,Columbia,HONOR 10,,honor_global_en
HRY-LX1,mob,honor,HONOR,,Harry,HONOR 10 Lite,,honor_global_en
HRY-LX1MEB,mob,honor,HONOR,,Harry,HONOR 10 Lite,,honor_global_en
HRY-LX2,mob,honor,HONOR,,Harry,HONOR 10 Lite,,honor_global_en
HRY-AL00,mob,honor,HONOR,,Harry,HONOR 10 Lite,,honor_global_en
HRY-AL00a,mob,honor,HONOR,,Harry,HONOR 10 Lite,,honor_global_en
PCT-L29,mob,honor,HONOR,,Princeton,HONOR View20,,honor_global_en
PCT-AL10,mob,honor,HONOR,,Princeton,HONOR View20,,honor_global_en
YAL-L21,mob,honor,HONOR,,Yale,HONOR 20,,honor_global_en
YAL-L41,mob,honor,HONOR,,Yale,HONOR 20 PRO,,honor_global_en
HRY-AL00Ta,mob,honor,HONOR,,Harrypro,HONOR 20i,,honor_global_en
HRY-LX1T,mob,honor,HONOR,,Harrypro,HONOR 20e,,honor_global_en
OXF-N29,mob,honor,HONOR,,Oxford,HONOR View30 PRO,5G,honor_global_en
OXF-AN10,mob,honor,HONOR,,Oxford,HONOR View30 PRO,5G,honor_global_en
NTH-NX9,mob,honor,HONOR,,Nottingham,HONOR 50,,honor_global_en
NTN-LX1,mob,honor,HONOR,,NewtonH,HONOR 50 Lite,,honor_global_en
NTN-L22,mob,honor,HONOR,,NewtonH,HONOR 50 Lite,,honor_global_en
NTN-LX3,mob,honor,HONOR,,NewtonH,HONOR 50 Lite,,honor_global_en
FNE-NX9,mob,honor,HONOR,,Fennie,HONOR 70,,honor_global_en
RBN-NX1,mob,honor,HONOR,,Robin,HONOR 70 Lite,,honor_global_en
REA-NX9,mob,honor,HONOR,,Rhea,HONOR 90,,honor_global_en
CRT-NX1,mob,honor,HONOR,,Cartier,HONOR 90 Lite,,honor_global_en
CRT-NX3,mob,honor,HONOR,,Cartier,HONOR 90 Lite,,honor_global_en
CLK-NX1,mob,honor,HONOR,,Clark,HONOR 90 Smart,,honor_global_en
CLK-NX3,mob,honor,HONOR,,Clark,HONOR 90 Smart,,honor_global_en
ELI-NX9,mob,honor,HONOR,,Ellie,HONOR 200,,honor_global_en
ELP-NX9,mob,honor,HONOR,,EllieP,HONOR 200 Pro,,honor_global_en
LLY-NX1,mob,honor,HONOR,,Lily,HONOR 200 Lite,,honor_global_en
LLY-NX3,mob,honor,HONOR,,Lily,HONOR 200 Lite,,honor_global_en
ALT-NX1,mob,honor,HONOR,,Alita,HONOR 200 Smart,,honor_global_en
ALT-NX3,mob,honor,HONOR,,Alita,HONOR 200 Smart,,honor_global_en
DNY-NX9,mob,honor,HONOR,,Danny,HONOR 400,,honor_global_en
DNP-NX9,mob,honor,HONOR,,DannyP,HONOR 400 Pro,,honor_global_en
ABR-NX1,mob,honor,HONOR,,Amber,HONOR 400 Lite,,honor_global_en
ABR-NX3,mob,honor,HONOR,,Amber,HONOR 400 Lite,,honor_global_en
LGN-NX1,mob,honor,HONOR,,Logan,HONOR 400 Smart,,honor_global_en
LGN-NX3,mob,honor,HONOR,,Logan,HONOR 400 Smart,,honor_global_en
NLA-NX1,mob,honor,HONOR,,Nala,HONOR 500 Smart,,honor_global_en
VKJ-NX9,mob,honor,HONOR,,Vicky,HONOR 600,,honor_global_en
VKP-NX9,mob,honor,HONOR,,VickyP,HONOR 600 Pro,,honor_global_en
LNA-NX1,mob,honor,HONOR,,Luna,HONOR 600 Lite,,honor_global_en
LNA-NX3,mob,honor,HONOR,,Luna,HONOR 600e,,honor_global_en
MRK-NX1,mob,honor,HONOR,,,HONOR 600 Smart,,honor_global_en
MRK-NX1,mob,honor,HONOR,,,HONOR 600 Lite s,,honor_global_en
MRK-NX3,mob,honor,HONOR,,,HONOR 600 Elite,,honor_global_en
LGE-NX9,mob,honor,HONOR,,Lange,HONOR Magic4 Pro,,honor_global_en
ANY-LX1,mob,honor,HONOR,,Andy,HONOR Magic4 Lite,,honor_global_en
ANY-LX2,mob,honor,HONOR,,Andy,HONOR Magic4 Lite,,honor_global_en
ANY-LX3,mob,honor,HONOR,,Andy,HONOR Magic4 Lite,,honor_global_en
ANY-NX1,mob,honor,HONOR,,Andy,HONOR Magic4 Lite,5G,honor_global_en
FRI-NX9,mob,honor,HONOR,,Ferrari,HONOR Magic Vs,,honor_global_en
PGT-N09,mob,honor,HONOR,,Piaget,HONOR Magic5,,honor_global_en
PGT-N19,mob,honor,HONOR,,Piaget,HONOR Magic5 Pro,,honor_global_en
RMO-NX1,mob,honor,HONOR,,Rambo,HONOR Magic5 Lite 5G,,honor_global_en
RMO-NX3,mob,honor,HONOR,,Rambo,HONOR Magic5 Lite 5G,,honor_global_en
VER-N49,mob,honor,HONOR,,Veyron,HONOR Magic V2,,honor_global_en
VER-N49DP,mob,honor,HONOR,,Veyron,PORSCHE DESIGN HONOR Magic V2 RSR,,honor_global_en
BVL-N49,mob,honor,HONOR,,Bvlgari,HONOR Magic6 Pro,,honor_global_en
BVL-N59,mob,honor,HONOR,,Bvlgari,PORSCHE DESIGN HONOR Magic6 RSR,,honor_global_en
ALI-NX1,mob,honor,HONOR,,Ali,HONOR Magic6 Lite 5G,,honor_global_en
ALI-NX3,mob,honor,HONOR,,Ali,HONOR Magic6 Lite 5G,,honor_global_en
FCP-N49,mob,honor,HONOR,,FalconP,HONOR Magic V3,,honor_global_en
PTP-N29,mob,honor,HONOR,,Philippe,HONOR Magic7,,honor_global_en
PTP-N49,mob,honor,HONOR,,Patek,HONOR Magic7 Pro,,honor_global_en
PTP-N59,mob,honor,HONOR,,Patek,PORSCHE DESIGN HONOR Magic7 RSR,,honor_global_en
BRP-NX1M,mob,honor,HONOR,,BruceP,HONOR Magic7 Lite,,honor_global_en
BRP-NX3,mob,honor,HONOR,,BruceP,HONOR Magic7 Lite,,honor_global_en
MBH-N49,mob,honor,HONOR,,Maybach,HONOR Magic V5,,honor_global_en
BKQ-N49,mob,honor,HONOR,,,HONOR Magic8 Pro,,honor_global_en
MTN-NX1M,mob,honor,HONOR,,,HONOR Magic8 Lite,,honor_global_en
MTN-NX3,mob,honor,HONOR,,,HONOR Magic8 Lite,,honor_global_en
VNA-LX2,mob,honor,HONOR,,Vanessa,HONOR X5,,honor_global_en
VNA-LX3,mob,honor,HONOR,,Vanessa,HONOR X5,,honor_global_en
WOD-LX1,mob,honor,HONOR,,Woody,HONOR X5 Plus,,honor_global_en
WOD-LX2,mob,honor,HONOR,,Woody,HONOR X5 Plus,,honor_global_en
WOD-LX3,mob,honor,HONOR,,Woody,HONOR X5 Plus,,honor_global_en
GFY-LX2,mob,honor,HONOR,,Goofy,HONOR X5b,,honor_global_en
GFY-LX3,mob,honor,HONOR,,Goofy,HONOR X5b,,honor_global_en
GFY-LX2P,mob,honor,HONOR,,Goofy,HONOR X5b,Plus,honor_global_en
NLA-LX1,mob,honor,HONOR,,Nala,HONOR X5c,,honor_global_en
NLA-LX2,mob,honor,HONOR,,Nala,HONOR X5c,,honor_global_en
NLA-LX3,mob,honor,HONOR,,Nala,HONOR X5c,,honor_global_en
NLA-LX1,mob,honor,HONOR,,Nala,HONOR X5c,Plus,honor_global_en
NLA-LX2P,mob,honor,HONOR,,Nala,HONOR X5c,Plus,honor_global_en
NAA-LX2,mob,honor,HONOR,,,HONOR X5d,,honor_global_en
NAA-LX2P,mob,honor,HONOR,,,HONOR X5d,Plus,honor_global_en
VNE-LX1,mob,honor,HONOR,,Vinnie,HONOR X6,,honor_global_en
VNE-LX2,mob,honor,HONOR,,Vinnie,HONOR X6,,honor_global_en
VNE-LX3,mob,honor,HONOR,,Vinnie,HONOR X6,,honor_global_en
VNE-LX3,mob,honor,HONOR,,Vinnie,HONOR X6s,,honor_global_en
RBN-NX1,mob,honor,HONOR,,Robin,HONOR X6 5G,,honor_global_en
WDY-LX1,mob,honor,HONOR,,Woody,HONOR X6a,,honor_global_en
WDY-LX2,mob,honor,HONOR,,Woody,HONOR X6a,,honor_global_en
WDY-LX3,mob,honor,HONOR,,Woody,HONOR X6a,,honor_global_en
WDY-LX3,mob,honor,HONOR,,Woody,HONOR X6a,Plus,honor_global_en
JDY-LX1,mob,honor,HONOR,,Judy,HONOR X6b,,honor_global_en
JDY-LX2,mob,honor,HONOR,,Judy,HONOR X6b,,honor_global_en
JDY-LX3P,mob,honor,HONOR,,Judy,HONOR X6b,,honor_global_en
JDY-LX3,mob,honor,HONOR,,Judy,HONOR X6b,Plus,honor_global_en
ALT-NX3,mob,honor,HONOR,,Alita,HONOR X6b 5G,,honor_global_en
NIC-LX1,mob,honor,HONOR,,Nick,HONOR X6c,,honor_global_en
NIC-LX2,mob,honor,HONOR,,Nick,HONOR X6c,,honor_global_en
NIC-LX3,mob,honor,HONOR,,Nick,HONOR X6c,,honor_global_en
NLA-NX1,mob,honor,HONOR,,Nala,HONOR X6d 5G,,honor_global_en
NLA-NX3,mob,honor,HONOR,,Nala,HONOR X6d 5G,,honor_global_en
CMA-LX1,mob,honor,HONOR,,Carmella,HONOR X7,,honor_global_en
CMA-LX2,mob,honor,HONOR,,Carmella,HONOR X7,,honor_global_en
CMA-LX3,mob,honor,HONOR,,Carmella,HONOR X7,,honor_global_en
RKY-LX1,mob,honor,HONOR,,Rocky,HONOR X7a,,honor_global_en
RKY-LX2,mob,honor,HONOR,,Rocky,HONOR X7a,,honor_global_en
RKY-LX3,mob,honor,HONOR,,Rocky,HONOR X7a,,honor_global_en
RKY-LX1,mob,honor,HONOR,,Rocky,HONOR X7a,Plus,honor_global_en
CLK-LX1,mob,honor,HONOR,,Clark,HONOR X7b,,honor_global_en
CLK-LX2,mob,honor,HONOR,,Clark,HONOR X7b,,honor_global_en
CLK-LX3,mob,honor,HONOR,,Clark,HONOR X7b,,honor_global_en
CLK-NX1,mob,honor,HONOR,,Clark,HONOR X7b 5G,,honor_global_en
CLK-NX2,mob,honor,HONOR,,Clark,HONOR X7b 5G,,honor_global_en
ALT-LX1,mob,honor,HONOR,,Alita,HONOR X7c,,honor_global_en
ALT-LX2,mob,honor,HONOR,,Alita,HONOR X7c,,honor_global_en
ALT-LX3,mob,honor,HONOR,,Alita,HONOR X7c,,honor_global_en
ALT-NX1,mob,honor,HONOR,,Alita,HONOR X7c 5G,,honor_global_en
LGN-LX1,mob,honor,HONOR,,Logan,HONOR X7d,,honor_global_en
LGN-LX2,mob,honor,HONOR,,Logan,HONOR X7d,,honor_global_en
LGN-LX3,mob,honor,HONOR,,Logan,HONOR X7d,,honor_global_en
LGN-NX1,mob,honor,HONOR,,Logan,HONOR X7d 5G,,honor_global_en
LAB-LX1,mob,honor,HONOR,,Labu,HONOR X7e,,honor_global_en
LAB-LX2,mob,honor,HONOR,,Labu,HONOR X7e,,honor_global_en
LAB-LX3,mob,honor,HONOR,,Labu,HONOR X7e,,honor_global_en
MRK-NX1,mob,honor,HONOR,,,HONOR X7e Plus 5G,,honor_global_en
TFY-LX1,mob,honor,HONOR,,Tiffany,HONOR X8,,honor_global_en
TFY-LX2,mob,honor,HONOR,,Tiffany,HONOR X8,,honor_global_en
TFY-LX3,mob,honor,HONOR,,Tiffany,HONOR X8,,honor_global_en
VNE-N41,mob,honor,HONOR,,Vinnie,HONOR X8 5G,,honor_global_en
CRT-LX1,mob,honor,HONOR,,Cartier,HONOR X8a,,honor_global_en
CRT-LX2,mob,honor,HONOR,,Cartier,HONOR X8a,,honor_global_en
CRT-LX3,mob,honor,HONOR,,Cartier,HONOR X8a,,honor_global_en
RBN-NX3,mob,honor,HONOR,,Robin,HONOR X8a 5G,,honor_global_en
LLY-LX1,mob,honor,HONOR,,Lily,HONOR X8b,,honor_global_en
LLY-LX2,mob,honor,HONOR,,Lily,HONOR X8b,,honor_global_en
LLY-LX3,mob,honor,HONOR,,Lily,HONOR X8b,,honor_global_en
ABR-LX1,mob,honor,HONOR,,Amber,HONOR X8c,,honor_global_en
ABR-LX2,mob,honor,HONOR,,Amber,HONOR X8c,,honor_global_en
ABR-LX3,mob,honor,HONOR,,Amber,HONOR X8c,,honor_global_en
LNA-LX2,mob,honor,HONOR,,Luna,HONOR X8d,,honor_global_en
LNA-LX3,mob,honor,HONOR,,Luna,HONOR X8d,,honor_global_en
ANY-LX1,mob,honor,HONOR,,Andy,HONOR X9,,honor_global_en
ANY-LX2,mob,honor,HONOR,,Andy,HONOR X9,,honor_global_en
ANY-LX3,mob,honor,HONOR,,Andy,HONOR X9,,honor_global_en
ANY-NX1,mob,honor,HONOR,,Andy,HONOR X9 5G,,honor_global_en
RMO-NX1,mob,honor,HONOR,,Rambo,HONOR X9a 5G,,honor_global_en
ALI-NX1,mob,honor,HONOR,,Ali,HONOR X9b 5G,,honor_global_en
ALI-NX3P,mob,honor,HONOR,,Ali,HONOR X9b 5G,,honor_global_en
BRP-NX1,mob,honor,HONOR,,BruceP,HONOR X9c,,honor_global_en
BRC-NX1,mob,honor,HONOR,,Bruce,HONOR X9c Smart,,honor_global_en
MTN-NX1,mob,honor,HONOR,,,HONOR X9d,,honor_global_en
GFY-LX3,mob,honor,HONOR,,Goofy,HONOR Play9A,,honor_global_en
NIC-LX3P,mob,honor,HONOR,,Nick,HONOR Play9C,,honor_global_en
ELA-LX2,mob,honor,HONOR,,Elsa,HONOR Play10,,honor_global_en
ELA-LX3,mob,honor,HONOR,,Elsa,HONOR Play10,,honor_global_en
HEY-W09,pad,honor,HONOR,,Hendry,HONOR Pad 8,,honor_global_en
HEY2-W09,pad,honor,HONOR,,Hendry2,HONOR Pad 9,Wi-Fi,honor_global_en
HEY2-N09,pad,honor,HONOR,,Hendry2,HONOR Pad 9,5G,honor_global_en
HEY3-W00,pad,honor,HONOR,,Hendry3,HONOR Pad 10,Wi-Fi,honor_global_en
HEY3-N09,pad,honor,HONOR,,Hendry3,HONOR Pad 10,5G,honor_global_en
HEY4-W09,pad,honor,HONOR,,Hendry4,HONOR Pad 20,Wi-Fi,honor_global_en
ROL-W00,pad,honor,HONOR,,Rowling,HONOR Pad V9,,honor_global_en
ROD2-W09,pad,honor,HONOR,,Rolland2,HONOR MagicPad2,,honor_global_en
CGA-W00,pad,honor,HONOR,,Changan,HONOR MagicPad3,,honor_global_en
YLE-W09,pad,honor,HONOR,,Yongle,HONOR MagicPad4,,honor_global_en
JMS-W09,pad,honor,HONOR,,,HONOR Pad X7,Wi-Fi,honor_global_en
JMS-L09,pad,honor,HONOR,,,HONOR Pad X7,LTE,honor_global_en
AGM3-W09HN,pad,honor,HONOR,,Agassi3M,HONOR Pad X8,Wi-Fi,honor_global_en
AGM3-AL09HN,pad,honor,HONOR,,Agassi3M,HONOR Pad X8,LTE,honor_global_en
AGM-W09HN,pad,honor,HONOR,,AgassiRM,HONOR Pad X8 Lite,,honor_global_en
NDL-W09,pad,honor,HONOR,,Nadal,HONOR Pad X8a,Wi-Fi,honor_global_en
NDL-L03,pad,honor,HONOR,,Nadal,HONOR Pad X8a,LTE,honor_global_en
NDL-L09,pad,honor,HONOR,,Nadal,HONOR Pad X8a,LTE,honor_global_en
NDL2-W09,pad,honor,HONOR,,Nadal2,HONOR Pad X8b,Wi-Fi,honor_global_en
NDL2-L03,pad,honor,HONOR,,Nadal2,HONOR Pad X8b,LTE,honor_global_en
NDL2-L09,pad,honor,HONOR,,Nadal2,HONOR Pad X8b,LTE,honor_global_en
ELN-W09,pad,honor,HONOR,,Eileen,HONOR Pad X9,Wi-Fi,honor_global_en
ELN-L03,pad,honor,HONOR,,Eileen,HONOR Pad X9,LTE,honor_global_en
ELN-L09,pad,honor,HONOR,,Eileen,HONOR Pad X9,LTE,honor_global_en
ELN2-W29,pad,honor,HONOR,,Eileen2,HONOR Pad X9a,Wi-Fi,honor_global_en
ELN2-L23,pad,honor,HONOR,,Eileen2,HONOR Pad X9a,LTE,honor_global_en
ELN2-L29,pad,honor,HONOR,,Eileen2,HONOR Pad X9a,LTE,honor_global_en
HUAWEI MT1-T00,mob,huawei,华为,,,华为 Ascend Mate,移动版,huawei_cn
HUAWEI MT1-U06,mob,huawei,华为,,,华为 Ascend Mate,联通版,huawei_cn
HUAWEI MT2-U071,mob,huawei,华为,,,华为 Ascend Mate 2,联通 3G 版,huawei_cn
HUAWEI MT2-C00,mob,huawei,华为,,,华为 Ascend Mate 2,电信 3G 版,huawei_cn
HUAWEI MT2-L02,mob,huawei,华为,,,华为 Ascend Mate 2,移动 4G 版,huawei_cn
HUAWEI MT2-L05,mob,huawei,华为,,,华为 Ascend Mate 2,联通 4G 版,huawei_cn
HUAWEI MT7-TL00,mob,huawei,华为,,Jazz,华为 Ascend Mate 7,移动版,huawei_cn
HUAWEI MT7-TL10,mob,huawei,华为,,Jazz,华为 Ascend Mate 7,双 4G 版,huawei_cn
HUAWEI MT7-UL00,mob,huawei,华为,,Jazz,华为 Ascend Mate 7,联通版,huawei_cn
HUAWEI MT7-CL00,mob,huawei,华为,,Jazz,华为 Ascend Mate 7,电信版,huawei_cn
HUAWEI CRR-TL00,mob,huawei,华为,,Carrera,HUAWEI Mate S,移动臻享版,huawei_cn
HUAWEI CRR-UL00,mob,huawei,华为,,Carrera,HUAWEI Mate S,双 4G 臻享版,huawei_cn
HUAWEI CRR-UL20,mob,huawei,华为,,Carrera,HUAWEI Mate S,双 4G 臻逸版,huawei_cn
HUAWEI CRR-CL00,mob,huawei,华为,,Carrera,HUAWEI Mate S,电信臻享版,huawei_cn
HUAWEI CRR-CL20,mob,huawei,华为,,Carrera,HUAWEI Mate S,电信臻逸版,huawei_cn
HUAWEI NXT-AL10,mob,huawei,华为,,Next,HUAWEI Mate 8,全网通版,huawei_cn
HUAWEI NXT-TL00,mob,huawei,华为,,Next,HUAWEI Mate 8,移动版,huawei_cn
HUAWEI NXT-DL00,mob,huawei,华为,,Next,HUAWEI Mate 8,双 4G 版,huawei_cn
HUAWEI NXT-CL00,mob,huawei,华为,,Next,HUAWEI Mate 8,电信版,huawei_cn
MHA-AL00,mob,huawei,华为,,Manhattan,HUAWEI Mate 9,全网通版,huawei_cn
MHA-TL00,mob,huawei,华为,,Manhattan,HUAWEI Mate 9,移动 4G+ 版,huawei_cn
LON-AL00,mob,huawei,华为,,Longland,HUAWEI Mate 9 Pro,,huawei_cn
LON-AL00,mob,huawei,华为,,Longland,HUAWEI Mate 9 保时捷设计,,huawei_cn
ALP-AL00,mob,huawei,华为,,Alps,HUAWEI Mate 10,全网通版,huawei_cn
ALP-TL00,mob,huawei,华为,,Alps,HUAWEI Mate 10,移动 4G+ 版,huawei_cn
BLA-AL00,mob,huawei,华为,,Blanc,HUAWEI Mate 10 Pro,全网通版,huawei_cn
BLA-TL00,mob,huawei,华为,,Blanc,HUAWEI Mate 10 Pro,移动 4G+ 版,huawei_cn
BLA-AL00,mob,huawei,华为,,Blanc,HUAWEI Mate 10 保时捷设计,,huawei_cn
NEO-AL00,mob,huawei,华为,,Neo,HUAWEI Mate RS 保时捷设计,,huawei_cn
HMA-AL00,mob,huawei,华为,,Hima,HUAWEI Mate 20,全网通版,huawei_cn
HMA-TL00,mob,huawei,华为,,Hima,HUAWEI Mate 20,移动 4G+ 版,huawei_cn
LYA-AL00,mob,huawei,华为,,Laya,HUAWEI Mate 20 Pro,全网通版,huawei_cn
LYA-AL10,mob,huawei,华为,,Laya,HUAWEI Mate 20 Pro,全网通版 (8GB+256GB),huawei_cn
LYA-TL00,mob,huawei,华为,,Laya,HUAWEI Mate 20 Pro,移动 4G+ 版,huawei_cn
EVR-AL00,mob,huawei,华为,,Ever,HUAWEI Mate 20 X,全网通版,huawei_cn
EVR-TL00,mob,huawei,华为,,Ever,HUAWEI Mate 20 X,移动 4G+ 版,huawei_cn
EVR-AN00,mob,huawei,华为,,Ever,HUAWEI Mate 20 X,5G,huawei_cn
LYA-AL00P,mob,huawei,华为,,Laya,HUAWEI Mate 20 RS 保时捷设计,,huawei_cn
TAS-AL00,mob,huawei,华为,,Taurus,HUAWEI Mate 30,全网通版,huawei_cn
TAS-TL00,mob,huawei,华为,,Taurus,HUAWEI Mate 30,移动 4G+ 版,huawei_cn
TAS-AN00,mob,huawei,华为,,Taurus,HUAWEI Mate 30,5G 全网通版,huawei_cn
TAS-TN00,mob,huawei,华为,,Taurus,HUAWEI Mate 30,5G 移动版,huawei_cn
LIO-AL00,mob,huawei,华为,,Lion,HUAWEI Mate 30 Pro,全网通版,huawei_cn
LIO-TL00,mob,huawei,华为,,Lion,HUAWEI Mate 30 Pro,移动 4G+ 版,huawei_cn
LIO-AN00,mob,huawei,华为,,Lion,HUAWEI Mate 30 Pro,5G 全网通版,huawei_cn
LIO-TN00,mob,huawei,华为,,Lion,HUAWEI Mate 30 Pro,5G 移动版,huawei_cn
LIO-AN00m,mob,huawei,华为,,Lion,HUAWEI Mate 30E Pro,5G,huawei_cn
LIO-AN00P,mob,huawei,华为,,Lion,HUAWEI Mate 30 RS 保时捷设计,,huawei_cn
OCE-AN10,mob,huawei,华为,,Ocean,HUAWEI Mate 40,5G,huawei_cn
OCE-AN50,mob,huawei,华为,,Ocean,HUAWEI Mate 40E,5G,huawei_cn
OCE-AL50,mob,huawei,华为,,Ocean,HUAWEI Mate 40E,4G,huawei_cn
NOH-AN00,mob,huawei,华为,,Noah,HUAWEI Mate 40 Pro,5G,huawei_cn
NOH-AN01,mob,huawei,华为,,Noah,HUAWEI Mate 40 Pro,5G,huawei_cn
NOH-AL00,mob,huawei,华为,,Noah,HUAWEI Mate 40 Pro,4G,huawei_cn
NOH-AL10,mob,huawei,华为,,Noah,HUAWEI Mate 40 Pro,4G,huawei_cn
NOH-AN50,mob,huawei,华为,,Noah,HUAWEI Mate 40E Pro,5G,huawei_cn
NOH-AN80,mob,huawei,华为,,Noah,HUAWEI Mate 40E Pro,5G,huawei_cn
NOP-AN00,mob,huawei,华为,,NoahP,HUAWEI Mate 40 Pro+,5G,huawei_cn
NOP-AN00,mob,huawei,华为,,NoahP,HUAWEI Mate 40 RS 保时捷设计,,huawei_cn
CET-AL00,mob,huawei,华为,,Cetus,HUAWEI Mate 50,,huawei_cn
CET-AL60,mob,huawei,华为,,Cetus-,HUAWEI Mate 50E,,huawei_cn
DCO-AL00,mob,huawei,华为,,Draco,HUAWEI Mate 50 Pro,,huawei_cn
DCO-AL00,mob,huawei,华为,,Draco,HUAWEI Mate 50 RS 保时捷设计,,huawei_cn
BRA-AL00,mob,huawei,华为,,Barry,HUAWEI Mate 60,,huawei_cn
ALN-AL00,mob,huawei,华为,,Allen,HUAWEI Mate 60 Pro,,huawei_cn
ALN-AL80,mob,huawei,华为,,Allen,HUAWEI Mate 60 Pro,,huawei_cn
ALN-AL10,mob,huawei,华为,,Allen,HUAWEI Mate 60 Pro+,,huawei_cn
ALN-AL10,mob,huawei,华为,,Allen,HUAWEI Mate 60 RS 非凡大师,,huawei_cn
CLS-AL00,mob,huawei,华为,,Celestial,HUAWEI Mate 70,,huawei_cn
CLS-AL30,mob,huawei,华为,,Celestial,HUAWEI Mate 70,,huawei_cn
PLR-AL00,mob,huawei,华为,,Pillar,HUAWEI Mate 70 Pro,,huawei_cn
PLR-AL30,mob,huawei,华为,,Pillar,HUAWEI Mate 70 Pro,,huawei_cn
PLR-AL50,mob,huawei,华为,,Pillar,HUAWEI Mate 70 Pro,优享版,huawei_cn
PLA-AL10,mob,huawei,华为,,Pillar+,HUAWEI Mate 70 Pro+,,huawei_cn
PLU-AL10,mob,huawei,华为,,PillarU,HUAWEI Mate 70 RS 非凡大师,,huawei_cn
SUP-AL90,mob,huawei,华为,,Superman,HUAWEI Mate 70 Air,,huawei_cn
VYG-AL00,mob,huawei,华为,,Voyager,HUAWEI Mate 80,,huawei_cn
SGT-AL50,mob,huawei,华为,,Sagittarius,HUAWEI Mate 80 Pro,麒麟 9030,huawei_cn
SGT-AL00,mob,huawei,华为,,Sagittarius,HUAWEI Mate 80 Pro,麒麟 9030 Pro,huawei_cn
SGT-AL10,mob,huawei,华为,,Sagittarius,HUAWEI Mate 80 Pro Max,,huawei_cn
SGT-AL10,mob,huawei,华为,,Sagittarius,HUAWEI Mate 80 Pro Max,风驰版,huawei_cn
SGU-AL10,mob,huawei,华为,,SagittariusU,HUAWEI Mate 80 RS 非凡大师,,huawei_cn
TAH-AN00,mob,huawei,华为,,Tahiti,HUAWEI Mate X,,huawei_cn
TAH-AN00m,mob,huawei,华为,,Tahiti,HUAWEI Mate Xs,,huawei_cn
TET-AN00,mob,huawei,华为,,Teton,HUAWEI Mate X2,5G,huawei_cn
TET-AN10,mob,huawei,华为,,Teton,HUAWEI Mate X2,5G,huawei_cn
TET-AN50,mob,huawei,华为,,Teton,HUAWEI Mate X2,典藏版 5G,huawei_cn
TET-AL00,mob,huawei,华为,,Teton,HUAWEI Mate X2,4G,huawei_cn
PAL-AL00,mob,huawei,华为,,Palau,HUAWEI Mate Xs 2,,huawei_cn
PAL-AL10,mob,huawei,华为,,Palau,HUAWEI Mate Xs 2,,huawei_cn
ALT-AL00,mob,huawei,华为,,Alta,HUAWEI Mate X3,,huawei_cn
ALT-AL10,mob,huawei,华为,,Alta,HUAWEI Mate X5,,huawei_cn
GRL-AL10,mob,huawei,华为,,Greenlan,HUAWEI Mate XT 非凡大师,,huawei_cn
ICL-AL10,mob,huawei,华为,,Icelan,HUAWEI Mate X6,,huawei_cn
ICL-AL20,mob,huawei,华为,,Icelan,HUAWEI Mate X6,典藏版,huawei_cn
GRL-AL20,mob,huawei,华为,,Greenlan,HUAWEI Mate XTs 非凡大师,,huawei_cn
DEL-AL10,mob,huawei,华为,,Delphi,HUAWEI Mate X7,,huawei_cn
DEL-AL20,mob,huawei,华为,,Delphi,HUAWEI Mate X7,典藏版,huawei_cn
HUAWEI U9200,mob,huawei,华为,,,华为 Ascend P1,,huawei_cn
HUAWEI U9200E,mob,huawei,华为,,,华为 Ascend P1,XL,huawei_cn
HUAWEI U9200S,mob,huawei,华为,,,华为 Ascend P1,S,huawei_cn
HUAWEI P2-0000,mob,huawei,华为,,,华为 Ascend P2,,huawei_cn
HUAWEI P6-T00,mob,huawei,华为,,Edge,华为 Ascend P6,移动渠道版,huawei_cn
HUAWEI P6-T00V,mob,huawei,华为,,Edge,华为 Ascend P6,移动定制版,huawei_cn
HUAWEI P6-U06,mob,huawei,华为,,Edge,华为 Ascend P6,联通版,huawei_cn
HUAWEI P6-C00,mob,huawei,华为,,Edge,华为 Ascend P6,电信版,huawei_cn
HUAWEI P6 S-U06,mob,huawei,华为,,,华为 Ascend P6S,联通版,huawei_cn
HUAWEI P7-L00,mob,huawei,华为,,Sophia,华为 Ascend P7,联通版,huawei_cn
HUAWEI P7-L05,mob,huawei,华为,,Sophia,华为 Ascend P7,移动渠道版,huawei_cn
HUAWEI P7-L07,mob,huawei,华为,,Sophia,华为 Ascend P7,移动定制版,huawei_cn
HUAWEI P7-L09,mob,huawei,华为,,Sophia,华为 Ascend P7,电信版,huawei_cn
HUAWEI GRA-TL00,mob,huawei,华为,,Grace,华为 P8,移动标配版,huawei_cn
HUAWEI GRA-UL00,mob,huawei,华为,,Grace,华为 P8,双 4G 标配版,huawei_cn
HUAWEI GRA-UL10,mob,huawei,华为,,Grace,华为 P8,双 4G 高配版,huawei_cn
HUAWEI GRA-CL00,mob,huawei,华为,,Grace,华为 P8,电信标配版,huawei_cn
HUAWEI GRA-CL10,mob,huawei,华为,,Grace,华为 P8,电信高配版,huawei_cn
HUAWEI ALE-TL00,mob,huawei,华为,,Alice,华为 P8 青春版,移动版,huawei_cn
HUAWEI ALE-UL00,mob,huawei,华为,,Alice,华为 P8 青春版,双 4G 版,huawei_cn
HUAWEI ALE-CL00,mob,huawei,华为,,Alice,华为 P8 青春版,电信版,huawei_cn
DAV-703L,mob,huawei,华为,,,华为 P8 Max,,huawei_cn
DAV-713L,mob,huawei,华为,,,华为 P8 Max,,huawei_cn
EVA-AL00,mob,huawei,华为,,Eva,HUAWEI P9,全网通版 (32GB),huawei_cn
EVA-AL10,mob,huawei,华为,,Eva,HUAWEI P9,全网通版 (64GB),huawei_cn
EVA-TL00,mob,huawei,华为,,Eva,HUAWEI P9,移动版,huawei_cn
EVA-DL00,mob,huawei,华为,,Eva,HUAWEI P9,双 4G 版,huawei_cn
EVA-CL00,mob,huawei,华为,,Eva,HUAWEI P9,电信版,huawei_cn
VIE-AL10,mob,huawei,华为,,Vienna,HUAWEI P9 Plus,,huawei_cn
VTR-AL00,mob,huawei,华为,,Victoria,HUAWEI P10,全网通版,huawei_cn
VTR-TL00,mob,huawei,华为,,Victoria,HUAWEI P10,移动 4G+ 版,huawei_cn
VKY-AL00,mob,huawei,华为,,Vicky,HUAWEI P10 Plus,全网通版,huawei_cn
VKY-TL00,mob,huawei,华为,,Vicky,HUAWEI P10 Plus,移动 4G+ 版,huawei_cn
EML-AL00,mob,huawei,华为,,Emily,HUAWEI P20,全网通版,huawei_cn
EML-TL00,mob,huawei,华为,,Emily,HUAWEI P20,移动 4G+ 版,huawei_cn
CLT-AL00,mob,huawei,华为,,Charlotte,HUAWEI P20 Pro,全网通版,huawei_cn
CLT-AL01,mob,huawei,华为,,Charlotte,HUAWEI P20 Pro,全网通版 (6GB+64GB),huawei_cn
CLT-AL00l,mob,huawei,华为,,Charlotte,HUAWEI P20 Pro,真皮限量版 全网通版,huawei_cn
CLT-TL00,mob,huawei,华为,,Charlotte,HUAWEI P20 Pro,移动 4G+ 版,huawei_cn
CLT-TL01,mob,huawei,华为,,Charlotte,HUAWEI P20 Pro,移动 4G+ 版 (6GB+64GB),huawei_cn
ELE-AL00,mob,huawei,华为,,Elle,HUAWEI P30,全网通版,huawei_cn
ELE-TL00,mob,huawei,华为,,Elle,HUAWEI P30,移动 4G+ 版,huawei_cn
VOG-AL00,mob,huawei,华为,,Vogue,HUAWEI P30 Pro,全网通版 (8GB+128GB),huawei_cn
VOG-AL10,mob,huawei,华为,,Vogue,HUAWEI P30 Pro,全网通版,huawei_cn
VOG-TL00,mob,huawei,华为,,Vogue,HUAWEI P30 Pro,移动 4G+ 版,huawei_cn
ANA-AL00,mob,huawei,华为,,Anna,HUAWEI P40,4G 全网通版,huawei_cn
ANA-AN00,mob,huawei,华为,,Anna,HUAWEI P40,5G 全网通版,huawei_cn
ANA-TN00,mob,huawei,华为,,Anna,HUAWEI P40,5G 移动版,huawei_cn
ELS-AN00,mob,huawei,华为,,Elsa,HUAWEI P40 Pro,5G 全网通版,huawei_cn
ELS-TN00,mob,huawei,华为,,Elsa,HUAWEI P40 Pro,5G 移动版,huawei_cn
ELS-AN10,mob,huawei,华为,,ElsaP,HUAWEI P40 Pro+,5G 全网通版,huawei_cn
ELS-TN10,mob,huawei,华为,,ElsaP,HUAWEI P40 Pro+,5G 移动版,huawei_cn
ABR-AL00,mob,huawei,华为,,Amber,HUAWEI P50,,huawei_cn
ABR-AL80,mob,huawei,华为,,Amber,HUAWEI P50,,huawei_cn
ABR-AL60,mob,huawei,华为,,Amber,HUAWEI P50E,,huawei_cn
ABR-AL90,mob,huawei,华为,,Amber,HUAWEI P50E,,huawei_cn
JAD-AL00,mob,huawei,华为,,Jade,HUAWEI P50 Pro,骁龙 888,huawei_cn
JAD-AL80,mob,huawei,华为,,Jade,HUAWEI P50 Pro,骁龙 888,huawei_cn
JAD-AL50,mob,huawei,华为,,Jade,HUAWEI P50 Pro,麒麟 9000,huawei_cn
JAD-AL60,mob,huawei,华为,,Jade,HUAWEI P50 Pro,麒麟 9000,huawei_cn
BAL-AL00,mob,huawei,华为,,Bali,HUAWEI P50 Pocket,,huawei_cn
BAL-AL80,mob,huawei,华为,,Bali,HUAWEI P50 Pocket,,huawei_cn
LNA-AL00,mob,huawei,华为,,Leona,HUAWEI P60,,huawei_cn
MNA-AL00,mob,huawei,华为,,Mona,HUAWEI P60 Pro,,huawei_cn
MNA-AL00,mob,huawei,华为,,Mona,HUAWEI P60 Art,,huawei_cn
ADY-AL00,mob,huawei,华为,,Audrey,HUAWEI Pura 70,,huawei_cn
ADY-AL10,mob,huawei,华为,,Audrey,HUAWEI Pura 70,北斗卫星消息版,huawei_cn
HBN-AL00,mob,huawei,华为,,Hepburn,HUAWEI Pura 70 Pro,,huawei_cn
HBN-AL10,mob,huawei,华为,,Hepburn,HUAWEI Pura 70 Pro+,,huawei_cn
HBN-AL80,mob,huawei,华为,,Hepburn,HUAWEI Pura 70 Pro+,,huawei_cn
HBP-AL00,mob,huawei,华为,,HepburnP,HUAWEI Pura 70 Ultra,,huawei_cn
HED-AL00,mob,huawei,华为,,Hedy,HUAWEI Pura 80,,huawei_cn
LMR-AL00,mob,huawei,华为,,Lamarr,HUAWEI Pura 80 Pro,,huawei_cn
LMR-AL10,mob,huawei,华为,,Lamarr,HUAWEI Pura 80 Pro+,,huawei_cn
LMR-AL10,mob,huawei,华为,,LamarrU,HUAWEI Pura 80 Ultra,,huawei_cn
KEE-AL00,mob,huawei,华为,,Klee,HUAWEI Pura 90,,huawei_cn
MLN-AL00,mob,huawei,华为,,Malena,HUAWEI Pura 90 Pro,,huawei_cn
SCA-AL00,mob,huawei,华为,,Sicilia,HUAWEI Pura 90 Pro Max,,huawei_cn
VDE-AL00,mob,huawei,华为,,Verde,HUAWEI Pura X,,huawei_cn
VDE-AL10,mob,huawei,华为,,Verde,HUAWEI Pura X,典藏版,huawei_cn
HOP-AL00,mob,huawei,华为,,Hope,HUAWEI Pura X Max,,huawei_cn
HOP-AL10,mob,huawei,华为,,Hope,HUAWEI Pura X Max,典藏版,huawei_cn
BAL-AL60,mob,huawei,华为,,Bali,HUAWEI Pocket S,,huawei_cn
LEM-AL00,mob,huawei,华为,,Lem,HUAWEI Pocket 2,,huawei_cn
LEM-AL50,mob,huawei,华为,,Lem,HUAWEI Pocket 2,优享版,huawei_cn
HUAWEI CAZ-AL00,mob,huawei,华为,,Cannes,HUAWEI nova,全网通标配版,huawei_cn
HUAWEI CAZ-AL10,mob,huawei,华为,,Cannes,HUAWEI nova,全网通高配版,huawei_cn
HUAWEI CAZ-TL10,mob,huawei,华为,,Cannes,HUAWEI nova,移动定制标配版,huawei_cn
HUAWEI CAZ-TL20,mob,huawei,华为,,Cannes,HUAWEI nova,移动定制高配版,huawei_cn
WAS-AL00,mob,huawei,华为,,Warsaw,HUAWEI nova 青春版,全网通版,huawei_cn
WAS-TL10,mob,huawei,华为,,Warsaw,HUAWEI nova 青春版,移动 4G+ 版,huawei_cn
PIC-AL00,mob,huawei,华为,,Picasso,HUAWEI nova 2,全网通版,huawei_cn
PIC-TL00,mob,huawei,华为,,Picasso,HUAWEI nova 2,移动 4G+ 版,huawei_cn
BAC-AL00,mob,huawei,华为,,Barca,HUAWEI nova 2 Plus,全网通版,huawei_cn
BAC-TL00,mob,huawei,华为,,Barca,HUAWEI nova 2 Plus,移动 4G+ 版,huawei_cn
HWI-AL00,mob,huawei,华为,,Hawaii,HUAWEI nova 2s,全网通版,huawei_cn
HWI-TL00,mob,huawei,华为,,Hawaii,HUAWEI nova 2s,移动 4G+ 版,huawei_cn
ANE-AL00,mob,huawei,华为,,Anne,HUAWEI nova 3e,全网通版,huawei_cn
ANE-TL00,mob,huawei,华为,,Anne,HUAWEI nova 3e,移动 4G+ 版,huawei_cn
PAR-AL00,mob,huawei,华为,,Paris,HUAWEI nova 3,全网通版,huawei_cn
PAR-TL00,mob,huawei,华为,,Paris,HUAWEI nova 3,移动 4G+ 版,huawei_cn
INE-AL00,mob,huawei,华为,,Sydneyi,HUAWEI nova 3i,全网通版,huawei_cn
INE-TL00,mob,huawei,华为,,Sydneyi,HUAWEI nova 3i,移动 4G+ 版,huawei_cn
VCE-AL00,mob,huawei,华为,,Venice,HUAWEI nova 4,全网通版,huawei_cn
VCE-TL00,mob,huawei,华为,,Venice,HUAWEI nova 4,移动 4G+ 版,huawei_cn
MAR-AL00,mob,huawei,华为,,Marie,HUAWEI nova 4e,全网通版,huawei_cn
MAR-TL00,mob,huawei,华为,,Marie,HUAWEI nova 4e,移动 4G+ 版,huawei_cn
SEA-AL00,mob,huawei,华为,,Seattle,HUAWEI nova 5,全网通版,huawei_cn
SEA-TL00,mob,huawei,华为,,Seattle,HUAWEI nova 5,移动 4G+ 版,huawei_cn
SEA-AL10,mob,huawei,华为,,Seattle,HUAWEI nova 5 Pro,全网通版,huawei_cn
SEA-TL10,mob,huawei,华为,,Seattle,HUAWEI nova 5 Pro,移动 4G+ 版,huawei_cn
GLK-AL00,mob,huawei,华为,,Gelk,HUAWEI nova 5i,全网通版,huawei_cn
GLK-TL00,mob,huawei,华为,,Gelk,HUAWEI nova 5i,移动 4G+ 版,huawei_cn
GLK-LX1U,mob,huawei,华为,,Gelk,HUAWEI nova 5i,联通定制版,huawei_cn
SPN-AL00,mob,huawei,华为,,Saipan,HUAWEI nova 5i Pro,全网通版,huawei_cn
SPN-TL00,mob,huawei,华为,,Saipan,HUAWEI nova 5i Pro,移动 4G+ 版,huawei_cn
SPN-AL00,mob,huawei,华为,,Saipan,HUAWEI nova 5z,全网通版,huawei_cn
SPN-TL00,mob,huawei,华为,,Saipan,HUAWEI nova 5z,移动 4G+ 版,huawei_cn
WLZ-AL10,mob,huawei,华为,,Waltz,HUAWEI nova 6,4G,huawei_cn
WLZ-AN00,mob,huawei,华为,,WaltzS,HUAWEI nova 6,5G,huawei_cn
JNY-AL10,mob,huawei,华为,,Jenny,HUAWEI nova 6 SE,全网通版,huawei_cn
JNY-TL10,mob,huawei,华为,,Jenny,HUAWEI nova 6 SE,移动版,huawei_cn
JEF-AN00,mob,huawei,华为,,Jennifer,HUAWEI nova 7,5G 全网通版,huawei_cn
JEF-AN20,mob,huawei,华为,,Jennifer,HUAWEI nova 7,5G 全网通版,huawei_cn
JEF-TN00,mob,huawei,华为,,Jennifer,HUAWEI nova 7,5G 移动版,huawei_cn
JEF-TN20,mob,huawei,华为,,Jennifer,HUAWEI nova 7,5G 移动版,huawei_cn
JER-AN10,mob,huawei,华为,,JenniferR,HUAWEI nova 7 Pro,5G 全网通版,huawei_cn
JER-AN20,mob,huawei,华为,,JenniferR,HUAWEI nova 7 Pro,5G 全网通版,huawei_cn
JER-TN10,mob,huawei,华为,,JenniferR,HUAWEI nova 7 Pro,5G 移动版,huawei_cn
JER-TN20,mob,huawei,华为,,JenniferR,HUAWEI nova 7 Pro,5G 移动版,huawei_cn
CDY-AN00,mob,huawei,华为,,CindyN,HUAWEI nova 7 SE,5G 全网通版,huawei_cn
CDY-AN20,mob,huawei,华为,,CindyN,HUAWEI nova 7 SE,5G 全网通版,huawei_cn
CDY-TN00,mob,huawei,华为,,CindyN,HUAWEI nova 7 SE,5G 移动版,huawei_cn
CDY-TN20,mob,huawei,华为,,CindyN,HUAWEI nova 7 SE,5G 移动版,huawei_cn
CND-AN00,mob,huawei,华为,,CindyMN,HUAWEI nova 7 SE 5G 活力版,,huawei_cn
CDL-AN50,mob,huawei,华为,,CindyL,HUAWEI nova 7 SE 5G 乐活版,,huawei_cn
ANG-AN00,mob,huawei,华为,,Angela,HUAWEI nova 8,5G,huawei_cn
BRQ-AN00,mob,huawei,华为,,Barbie,HUAWEI nova 8 Pro,5G,huawei_cn
BRQ-AL00,mob,huawei,华为,,Barbie,HUAWEI nova 8 Pro,4G,huawei_cn
JSC-AN00,mob,huawei,华为,,Jessica,HUAWEI nova 8 SE,5G 全网通版,huawei_cn
JSC-TN00,mob,huawei,华为,,Jessica,HUAWEI nova 8 SE,5G 移动版,huawei_cn
JSC-AL50,mob,huawei,华为,,Jessica,HUAWEI nova 8 SE,4G 全网通版,huawei_cn
CHL-AL60,mob,huawei,华为,,Chanel,HUAWEI nova 8 SE 活力版,,huawei_cn
NAM-AL00,mob,huawei,华为,,NottinghamN,HUAWEI nova 9,,huawei_cn
RTE-AL00,mob,huawei,华为,,Rena,HUAWEI nova 9 Pro,,huawei_cn
JLN-AL00,mob,huawei,华为,,JuliaQN,HUAWEI nova 9 SE,,huawei_cn
NCO-AL00,mob,huawei,华为,,Nicole,HUAWEI nova 10,,huawei_cn
GLA-AL00,mob,huawei,华为,,Gloria,HUAWEI nova 10 Pro,,huawei_cn
CHA-AL80,mob,huawei,华为,,Chanel,HUAWEI nova 10z,,huawei_cn
BNE-AL00,mob,huawei,华为,,Bonnie,HUAWEI nova 10 SE,,huawei_cn
JLN-AL00,mob,huawei,华为,,JuliaQN,HUAWEI nova 10 青春版,,huawei_cn
FOA-AL00,mob,huawei,华为,,Fiona,HUAWEI nova 11,,huawei_cn
GOA-AL80,mob,huawei,华为,,Gloria,HUAWEI nova 11 Pro,,huawei_cn
GOA-AL80U,mob,huawei,华为,,Gloria,HUAWEI nova 11 Ultra,,huawei_cn
BON-AL00,mob,huawei,华为,,Bonnie,HUAWEI nova 11 SE,,huawei_cn
BLK-AL00,mob,huawei,华为,,Blake,HUAWEI nova 12,,huawei_cn
FIN-AL60,mob,huawei,华为,,Fiona,HUAWEI nova 12 活力版,,huawei_cn
FIN-AL60a,mob,huawei,华为,,Fiona,HUAWEI nova 12 活力版,,huawei_cn
ADA-AL00,mob,huawei,华为,,Adela,HUAWEI nova 12 Pro,,huawei_cn
ADA-AL00U,mob,huawei,华为,,Adela,HUAWEI nova 12 Ultra,,huawei_cn
ADA-AL10U,mob,huawei,华为,,Adela,HUAWEI nova 12 Ultra,星耀版,huawei_cn
PSD-AL00,mob,huawei,华为,,Poseidon,HUAWEI nova Flip,,huawei_cn
BLK-AL80,mob,huawei,华为,,Blake,HUAWEI nova 13,,huawei_cn
MIS-AL00,mob,huawei,华为,,MillaS,HUAWEI nova 13 Pro,,huawei_cn
TLR-AL00,mob,huawei,华为,,Taylor,HUAWEI nova 14,,huawei_cn
MIA-AL00,mob,huawei,华为,,Milla,HUAWEI nova 14 Pro,,huawei_cn
MRT-AL10,mob,huawei,华为,,Margaret,HUAWEI nova 14 Ultra,,huawei_cn
TYR-AL00,mob,huawei,华为,,Taylor,HUAWEI nova 14 活力版,,huawei_cn
PSD-AL80,mob,huawei,华为,,Poseidon,HUAWEI nova Flip S,,huawei_cn
PSN-AL00,mob,huawei,华为,,Pushkin,HUAWEI nova 15,,huawei_cn
KLE-AL00U,mob,huawei,华为,,Klee,HUAWEI nova 15 Pro,,huawei_cn
SLY-AL00,mob,huawei,华为,,Shelley,HUAWEI nova 15 Ultra,,huawei_cn
EMA-AL00U,mob,huawei,华为,,Emilia,HUAWEI nova 16,,huawei_cn
CRS-AL00,mob,huawei,华为,,Chris,HUAWEI nova 16 Pro,,huawei_cn
HIP-AL00,mob,huawei,华为,,,HUAWEI nova 16 Ultra,,huawei_cn
PKN-AL00,mob,huawei,华为,,Pushkin,HUAWEI nova 16z,,huawei_cn
CAS-AL50,mob,huawei,华为,,Cangshan,HUAWEI nova 16 SE,,huawei_cn
HUAWEI G6-T00,mob,huawei,华为,,,华为 Ascend G6,移动版,huawei_cn
HUAWEI G6-U00,mob,huawei,华为,,,华为 Ascend G6,联通版,huawei_cn
HUAWEI G6-C00,mob,huawei,华为,,,华为 Ascend G6,电信版,huawei_cn
HUAWEI G7-TL00,mob,huawei,华为,,,华为 Ascend G7,移动版,huawei_cn
HUAWEI G7-UL20,mob,huawei,华为,,,华为 Ascend G7,联通版,huawei_cn
HUAWEI RIO-TL00,mob,huawei,华为,,Rio,华为 G7 Plus,移动版,huawei_cn
HUAWEI RIO-UL00,mob,huawei,华为,,Rio,华为 G7 Plus,联通版,huawei_cn
HUAWEI VNS-AL00,mob,huawei,华为,,Venus,HUAWEI G9 青春版,全网通版,huawei_cn
HUAWEI VNS-TL00,mob,huawei,华为,,Venus,HUAWEI G9 青春版,移动版,huawei_cn
HUAWEI VNS-DL00,mob,huawei,华为,,Venus,HUAWEI G9 青春版,双 4G 版,huawei_cn
HUAWEI VNS-CL00,mob,huawei,华为,,Venus,HUAWEI G9 青春版,电信版,huawei_cn
HUAWEI MLA-TL00,mob,huawei,华为,,Milan,HUAWEI G9 Plus,移动 4G 版,huawei_cn
HUAWEI MLA-TL10,mob,huawei,华为,,Milan,HUAWEI G9 Plus,移动版,huawei_cn
HUAWEI MLA-UL00,mob,huawei,华为,,Milan,HUAWEI G9 Plus,双 4G 版,huawei_cn
HUAWEI A199,mob,huawei,华为,,,华为麦芒 A199,,huawei_cn
HUAWEI B199,mob,huawei,华为,,,华为麦芒 B199,,huawei_cn
HUAWEI C199,mob,huawei,华为,,,华为麦芒 C199,,huawei_cn
HUAWEI C199s,mob,huawei,华为,,,华为麦芒 3S,,huawei_cn
HUAWEI RIO-AL00,mob,huawei,华为,,Rio,华为麦芒 4,全网通版,huawei_cn
HUAWEI RIO-CL00,mob,huawei,华为,,Rio,华为麦芒 4,电信 4G 版,huawei_cn
HUAWEI MLA-AL00,mob,huawei,华为,,Milan,HUAWEI 麦芒 5,全网通标配版,huawei_cn
HUAWEI MLA-AL10,mob,huawei,华为,,Milan,HUAWEI 麦芒 5,全网通高配版,huawei_cn
RNE-AL00,mob,huawei,华为,,Rhone,HUAWEI 麦芒 6,,huawei_cn
SNE-AL00,mob,huawei,华为,,SydneyM,HUAWEI 麦芒 7,,huawei_cn
POT-AL00,mob,huawei,华为,,Potterpro,HUAWEI 麦芒 8,,huawei_cn
POT-AL10,mob,huawei,华为,,Potterpro,HUAWEI 麦芒 8,,huawei_cn
TNN-AN00,mob,huawei,华为,,Tianshan,华为麦芒 9,5G,huawei_cn
HUAWEI TIT-AL00,mob,huawei,华为,,,华为畅享 5,全网通版,huawei_cn
HUAWEI TIT-TL00,mob,huawei,华为,,,华为畅享 5,移动 4G 版,huawei_cn
HUAWEI TIT-CL00,mob,huawei,华为,,,华为畅享 5,电信 4G 版,huawei_cn
HUAWEI TIT-CL10,mob,huawei,华为,,,华为畅享 5,电信 4G 版,huawei_cn
HUAWEI TAG-AL00,mob,huawei,华为,,,华为畅享 5S,全网通版,huawei_cn
HUAWEI TAG-TL00,mob,huawei,华为,,,华为畅享 5S,移动 4G 版,huawei_cn
HUAWEI TAG-CL00,mob,huawei,华为,,,华为畅享 5S,电信 4G 版,huawei_cn
NCE-AL00,mob,huawei,华为,,Nice,华为畅享 6,全网通版,huawei_cn
NCE-AL10,mob,huawei,华为,,Nice,华为畅享 6,全网通版,huawei_cn
NCE-TL00,mob,huawei,华为,,Nice,华为畅享 6,移动 4G+ 版,huawei_cn
NCE-TL10,mob,huawei,华为,,Nice,华为畅享 6,移动 4G+ 版,huawei_cn
DIG-AL00,mob,huawei,华为,,Diego,华为畅享 6S,全网通版,huawei_cn
DIG-TL10,mob,huawei,华为,,Diego,华为畅享 6S,移动 4G+ 版,huawei_cn
TRT-AL00,mob,huawei,华为,,Toronto,华为畅享 7 Plus,全网通版,huawei_cn
TRT-AL00A,mob,huawei,华为,,Toronto,华为畅享 7 Plus,全网通版,huawei_cn
TRT-TL10,mob,huawei,华为,,Toronto,华为畅享 7 Plus,移动 4G+ 版,huawei_cn
TRT-TL10A,mob,huawei,华为,,Toronto,华为畅享 7 Plus,移动 4G+ 版,huawei_cn
SLA-AL00,mob,huawei,华为,,Selina,华为畅享 7,全网通版,huawei_cn
SLA-TL10,mob,huawei,华为,,Selina,华为畅享 7,移动 4G+ 版,huawei_cn
FIG-AL00,mob,huawei,华为,,Figo,华为畅享 7S,全网通标配版,huawei_cn
FIG-AL10,mob,huawei,华为,,Figo,华为畅享 7S,全网通高配版,huawei_cn
FIG-TL00,mob,huawei,华为,,Figo,华为畅享 7S,移动 4G+ 标配版,huawei_cn
FIG-TL10,mob,huawei,华为,,Figo,华为畅享 7S,移动 4G+ 高配版,huawei_cn
FLA-AL00,mob,huawei,华为,,Florida,华为畅享 8 Plus,全网通版,huawei_cn
FLA-AL10,mob,huawei,华为,,Florida,华为畅享 8 Plus,全网通版,huawei_cn
FLA-AL20,mob,huawei,华为,,Florida,华为畅享 8 Plus,全网通版,huawei_cn
FLA-TL00,mob,huawei,华为,,Florida,华为畅享 8 Plus,移动 4G+ 版,huawei_cn
FLA-TL10,mob,huawei,华为,,Florida,华为畅享 8 Plus,移动 4G+ 版,huawei_cn
LDN-AL00,mob,huawei,华为,,London,华为畅享 8,全网通标配版,huawei_cn
LDN-AL10,mob,huawei,华为,,London,华为畅享 8,全网通 NFC 版,huawei_cn
LDN-AL20,mob,huawei,华为,,London,华为畅享 8,全网通高配版,huawei_cn
LDN-TL00,mob,huawei,华为,,London,华为畅享 8,移动 4G+ 标配版,huawei_cn
LDN-TL10,mob,huawei,华为,,London,华为畅享 8,移动 4G+ NFC 版,huawei_cn
LDN-TL20,mob,huawei,华为,,London,华为畅享 8,移动 4G+ 高配版,huawei_cn
ATU-AL10,mob,huawei,华为,,Atomu,华为畅享 8e,全网通版,huawei_cn
ATU-TL10,mob,huawei,华为,,Atomu,华为畅享 8e,移动 4G+ 版,huawei_cn
DRA-AL00,mob,huawei,华为,,Dura,华为畅享 8e 青春,全网通版,huawei_cn
DRA-TL00,mob,huawei,华为,,Dura,华为畅享 8e 青春,移动 4G+ 版,huawei_cn
JKM-AL00,mob,huawei,华为,,Jackman,华为畅享 9 Plus,全网通版,huawei_cn
JKM-AL00a,mob,huawei,华为,,Jackman,华为畅享 9 Plus,全网通版 (4GB+64GB),huawei_cn
JKM-AL00b,mob,huawei,华为,,Jackman,华为畅享 9 Plus,全网通版 (麒麟 710F),huawei_cn
JKM-TL00,mob,huawei,华为,,Jackman,华为畅享 9 Plus,移动 4G+ 版,huawei_cn
ARS-AL00,mob,huawei,华为,,Ares,华为畅享 MAX,全网通版,huawei_cn
ARS-TL00,mob,huawei,华为,,Ares,华为畅享 MAX,移动 4G+ 版,huawei_cn
DUB-AL00,mob,huawei,华为,,Dubai,华为畅享 9,全网通标配/高配版,huawei_cn
DUB-AL20,mob,huawei,华为,,Dubai,华为畅享 9,全网通标配/高配版,huawei_cn
DUB-AL00a,mob,huawei,华为,,Dubai,华为畅享 9,全网通顶配版,huawei_cn
DUB-TL00,mob,huawei,华为,,Dubai,华为畅享 9,移动 4G+ 标配/高配版,huawei_cn
DUB-TL00a,mob,huawei,华为,,Dubai,华为畅享 9,移动 4G+ 顶配版,huawei_cn
POT-AL00a,mob,huawei,华为,,Potter,华为畅享 9S,全网通版,huawei_cn
POT-TL00a,mob,huawei,华为,,Potter,华为畅享 9S,移动 4G+ 版,huawei_cn
MRD-AL00,mob,huawei,华为,,Madrid,华为畅享 9e,全网通版,huawei_cn
MRD-TL00,mob,huawei,华为,,Madrid,华为畅享 9e,移动 4G+ 版,huawei_cn
STK-AL00,mob,huawei,华为,,Stark,华为畅享 10 Plus,全网通版,huawei_cn
STK-TL00,mob,huawei,华为,,Stark,华为畅享 10 Plus,移动 4G+ 版,huawei_cn
ART-AL00x,mob,huawei,华为,,Arthur,华为畅享 10,全网通版,huawei_cn
ART-AL00m,mob,huawei,华为,,Arthur,华为畅享 10,全网通版,huawei_cn
ART-TL00x,mob,huawei,华为,,Arthur,华为畅享 10,移动 4G+ 版,huawei_cn
AQM-AL00,mob,huawei,华为,,Aquaman,华为畅享 10S,全网通版,huawei_cn
AQM-TL00,mob,huawei,华为,,Aquaman,华为畅享 10S,移动 4G+ 版,huawei_cn
MED-AL00,mob,huawei,华为,,Merida,华为畅享 10e,全网通版,huawei_cn
MED-AL20,mob,huawei,华为,,Merida,华为畅享 10e,全网通版,huawei_cn
MED-TL00,mob,huawei,华为,,Merida,华为畅享 10e,移动 4G+ 版,huawei_cn
DVC-AN00,mob,huawei,华为,,Davinci,华为畅享 Z,5G,huawei_cn
DVC-AN20,mob,huawei,华为,,Davinci,华为畅享 20 Pro,5G 全网通版,huawei_cn
DVC-TN20,mob,huawei,华为,,Davinci,华为畅享 20 Pro,5G 移动版,huawei_cn
WKG-AN00,mob,huawei,华为,,Wukong,华为畅享 20,5G 全网通版,huawei_cn
WKG-TN00,mob,huawei,华为,,Wukong,华为畅享 20,5G 移动版,huawei_cn
FRL-AN00a,mob,huawei,华为,,Franklin,华为畅享 20 Plus,5G 全网通版,huawei_cn
FRL-TN00,mob,huawei,华为,,Franklin,华为畅享 20 Plus,5G 移动版,huawei_cn
PPA-AL20,mob,huawei,华为,,Peppa,华为畅享 20 SE,,huawei_cn
MLD-AL00,mob,huawei,华为,,,华为畅享 20e,麒麟 710A,huawei_cn
MLD-AL10,mob,huawei,华为,,,华为畅享 20e,Helio P35,huawei_cn
MGA-AL00,mob,huawei,华为,,Mega,华为畅享 50,,huawei_cn
CTR-AL00,mob,huawei,华为,,Cartier,华为畅享 50 Pro,,huawei_cn
EVE-AL00,mob,huawei,华为,,Eevee,华为畅享 50z,,huawei_cn
MGA-AL40,mob,huawei,华为,,Mega,华为畅享 60,,huawei_cn
STG-AL00,mob,huawei,华为,,Santiago,华为畅享 60X,,huawei_cn
MAO-AL00,mob,huawei,华为,,Mario,华为畅享 60 Pro,,huawei_cn
FGD-AL00,mob,huawei,华为,,Garfield,华为畅享 70,,huawei_cn
CTR-AL20,mob,huawei,华为,,Cartier,华为畅享 70 Pro,,huawei_cn
MGA-AL40,mob,huawei,华为,,Mega,华为畅享 70z,,huawei_cn
GFY-AL00,mob,huawei,华为,,Goofy,华为畅享 70S,,huawei_cn
BRE-AL80,mob,huawei,华为,,Bruce+,华为畅享 70X,,huawei_cn
BRE-AL80a,mob,huawei,华为,,Bruce+,华为畅享 70X,尊享版,huawei_cn
BRE-AL00a,mob,huawei,华为,,Bruce,华为畅享 70X 活力版,128GB,huawei_cn
BRE-AL00b,mob,huawei,华为,,Bruce,华为畅享 70X 活力版,256GB/512GB,huawei_cn
JUY-AL00,mob,huawei,华为,,Judy,华为畅享 80,,huawei_cn
JUY-AL80,mob,huawei,华为,,Judy,华为畅享 90,,huawei_cn
JUY-AL50,mob,huawei,华为,,Judy,华为畅享 90 Plus,,huawei_cn
JUY-AL50,mob,huawei,华为,,Judy,华为畅享 90m Plus,,huawei_cn
CHZ-AL00,mob,huawei,华为,,Chenzhen,华为畅享 90 Pro Max,,huawei_cn
S8-301W,pad,huawei,华为,,,华为 MediaPad M1,Wi-Fi 版,huawei_cn
S8-301U,pad,huawei,华为,,,华为 MediaPad M1,3G 版,huawei_cn
S8-303L,pad,huawei,华为,,,华为 MediaPad M1,LTE 版,huawei_cn
HUAWEI M2-801W,pad,huawei,华为,,Mozart,华为揽阅 M2 8.0,Wi-Fi 版,huawei_cn
HUAWEI M2-803L,pad,huawei,华为,,Mozart,华为揽阅 M2 8.0,LTE 版,huawei_cn
HUAWEI M2-A01W,pad,huawei,华为,,,华为揽阅 M2 10.0,Wi-Fi 版,huawei_cn
HUAWEI M2-A01L,pad,huawei,华为,,,华为揽阅 M2 10.0,LTE 版,huawei_cn
PLE-703L,pad,huawei,华为,,,华为揽阅 M2 青春版,7.0 英寸 全网通版,huawei_cn
PLE-703LT,pad,huawei,华为,,,华为揽阅 M2 青春版,7.0 英寸 双 4G 版,huawei_cn
FDR-A01w,pad,huawei,华为,,,华为揽阅 M2 青春版,10.1 英寸 Wi-Fi 版,huawei_cn
FDR-A03L,pad,huawei,华为,,,华为揽阅 M2 青春版,10.1 英寸 LTE 版,huawei_cn
BTV-W09,pad,huawei,华为,,Beethoven,华为平板 M3,Wi-Fi 版,huawei_cn
BTV-DL09,pad,huawei,华为,,Beethoven,华为平板 M3,LTE 版,huawei_cn
CPN-W09,pad,huawei,华为,,Chopin,华为平板 M3 青春版,8.0 英寸 Wi-Fi 版,huawei_cn
CPN-AL00,pad,huawei,华为,,Chopin,华为平板 M3 青春版,8.0 英寸 LTE 版,huawei_cn
BAH-W09,pad,huawei,华为,,Bach,华为平板 M3 青春版,10.1 英寸 Wi-Fi 版,huawei_cn
BAH-AL00,pad,huawei,华为,,Bach,华为平板 M3 青春版,10.1 英寸 LTE 版,huawei_cn
SHT-W09,pad,huawei,华为,,Schubert,华为平板 M5,8.4 英寸 Wi-Fi 版,huawei_cn
SHT-AL09,pad,huawei,华为,,Schubert,华为平板 M5,8.4 英寸 LTE 版,huawei_cn
CMR-W09,pad,huawei,华为,,Cameron,华为平板 M5,10.8 英寸 Wi-Fi 版,huawei_cn
CMR-AL09,pad,huawei,华为,,Cameron,华为平板 M5,10.8 英寸 LTE 版,huawei_cn
CMR-W19,pad,huawei,华为,,Cameron,华为平板 M5,Pro Wi-Fi 版,huawei_cn
CMR-AL19,pad,huawei,华为,,Cameron,华为平板 M5,Pro LTE 版,huawei_cn
BAH2-W09,pad,huawei,华为,,Bach2,华为平板 M5 青春版,10.1 英寸 Wi-Fi 版,huawei_cn
BAH2-AL10,pad,huawei,华为,,Bach2,华为平板 M5 青春版,10.1 英寸 LTE 版,huawei_cn
JDN2-W09,pad,huawei,华为,,Jordan2,华为平板 M5 青春版,8 英寸 Wi-Fi 版,huawei_cn
JDN2-AL00,pad,huawei,华为,,Jordan2,华为平板 M5 青春版,8 英寸 LTE 版,huawei_cn
JDN2-AL50,pad,huawei,华为,,Jordan2,华为平板 M5 青春版,8 英寸 LTE 版,huawei_cn
VRD-W09,pad,huawei,华为,,Verdi,华为平板 M6,8.4 英寸 Wi-Fi 版,huawei_cn
VRD-AL09,pad,huawei,华为,,Verdi,华为平板 M6,8.4 英寸 LTE 版,huawei_cn
VRD-W10,pad,huawei,华为,,Verdi,华为平板 M6,高能版 8.4 英寸 Wi-Fi 版,huawei_cn
VRD-AL10,pad,huawei,华为,,Verdi,华为平板 M6,高能版 8.4 英寸 LTE 版,huawei_cn
SCM-W09,pad,huawei,华为,,Schumann,华为平板 M6,10.8 英寸 Wi-Fi 版,huawei_cn
SCM-AL09,pad,huawei,华为,,Schumann,华为平板 M6,10.8 英寸 LTE 版,huawei_cn
MRX-W09,pad,huawei,华为,,Marx,HUAWEI MatePad Pro,10.8 英寸 Wi-Fi 版 (6GB+128GB/8GB+256GB),huawei_cn
MRX-W29,pad,huawei,华为,,Marx,HUAWEI MatePad Pro,10.8 英寸 Wi-Fi 版 (6GB+128GB/8GB+256GB),huawei_cn
MRX-AL09,pad,huawei,华为,,Marx,HUAWEI MatePad Pro,10.8 英寸 LTE 版 (6GB+128GB/8GB+256GB),huawei_cn
MRX-W19,pad,huawei,华为,,Marx,HUAWEI MatePad Pro,10.8 英寸 Wi-Fi 版 (8GB+256GB),huawei_cn
MRX-W39,pad,huawei,华为,,Marx,HUAWEI MatePad Pro,10.8 英寸 Wi-Fi 版 (8GB+256GB),huawei_cn
MRX-AL19,pad,huawei,华为,,Marx,HUAWEI MatePad Pro,10.8 英寸 LTE 版 (8GB+512GB),huawei_cn
MRX-AN19,pad,huawei,华为,,Marx,HUAWEI MatePad Pro,10.8 英寸 5G 版,huawei_cn
MRR-W29,pad,huawei,华为,,MarxR,HUAWEI MatePad Pro 10.8 英寸,2021 Wi-Fi 版,huawei_cn
MRR-W39,pad,huawei,华为,,MarxR,HUAWEI MatePad Pro 10.8 英寸,2021 Wi-Fi 版,huawei_cn
GOT-W29,pad,huawei,华为,,Goethe,HUAWEI MatePad Pro 11 英寸,Wi-Fi 版,huawei_cn
GOT-W09,pad,huawei,华为,,Goethe,HUAWEI MatePad Pro 11 英寸,性能版 Wi-Fi 版,huawei_cn
GOT-AL09,pad,huawei,华为,,Goethe,HUAWEI MatePad Pro 11 英寸,性能版 LTE 版,huawei_cn
GOT-AL19,pad,huawei,华为,,Goethe,HUAWEI MatePad Pro 11 英寸,性能版 LTE 版 (12GB+512GB),huawei_cn
XYAO-W00,pad,huawei,华为,,Xiaoyao,HUAWEI MatePad Pro 11 英寸,2024 Wi-Fi 版,huawei_cn
WGR-W09,pad,huawei,华为,,Wagner,HUAWEI MatePad Pro 12.6 英寸,2021 Wi-Fi 版,huawei_cn
WGR-W19,pad,huawei,华为,,Wagner,HUAWEI MatePad Pro 12.6 英寸,2021 Wi-Fi 版,huawei_cn
WGR-AN19,pad,huawei,华为,,Wagner,HUAWEI MatePad Pro 12.6 英寸,2021 5G 版,huawei_cn
WGRR-W09,pad,huawei,华为,,WagnerR,HUAWEI MatePad Pro 12.6 英寸,2022 Wi-Fi 版,huawei_cn
WGRR-W19,pad,huawei,华为,,WagnerR,HUAWEI MatePad Pro 12.6 英寸,2022 Wi-Fi 版,huawei_cn
PCE-W30,pad,huawei,华为,,Poincare,HUAWEI MatePad Pro 13.2 英寸,Wi-Fi 版,huawei_cn
PCE-W40,pad,huawei,华为,,Poincare,HUAWEI MatePad Pro 13.2 英寸,Wi-Fi 版 (16GB+1TB),huawei_cn
PCE-AL30,pad,huawei,华为,,Poincare,HUAWEI MatePad Pro 13.2 英寸,SIM 卡版,huawei_cn
PCE-AL40,pad,huawei,华为,,Poincare,HUAWEI MatePad Pro 13.2 英寸,典藏版 SIM 卡版,huawei_cn
MRO-W00,pad,huawei,华为,,Miro,HUAWEI MatePad Pro 12.2 英寸,Wi-Fi 版,huawei_cn
MRO-W10,pad,huawei,华为,,Miro,HUAWEI MatePad Pro 12.2 英寸,Wi-Fi 版 (16GB+1TB),huawei_cn
MRO-AL10,pad,huawei,华为,,Miro,HUAWEI MatePad Pro 12.2 英寸,SIM 卡版 (16GB+1TB),huawei_cn
WEB-W00,pad,huawei,华为,,Weber,HUAWEI MatePad Pro 13.2 英寸,2025 Wi-Fi 版,huawei_cn
WEB-W10,pad,huawei,华为,,Weber,HUAWEI MatePad Pro 13.2 英寸,2025 Wi-Fi 版 (16GB+1TB),huawei_cn
WEB-AL00,pad,huawei,华为,,Weber,HUAWEI MatePad Pro 13.2 英寸,2025 典藏版 SIM 卡版,huawei_cn
WEB-AL10,pad,huawei,华为,,Weber,HUAWEI MatePad Pro 13.2 英寸,2025 SIM 卡版,huawei_cn
MRDI-W00,pad,huawei,华为,,Morandi,HUAWEI MatePad Pro 12.2 英寸,2025 Wi-Fi 版,huawei_cn
MRDI-W10,pad,huawei,华为,,Morandi,HUAWEI MatePad Pro 12.2 英寸,2025 Wi-Fi 柔光版,huawei_cn
MRDI-W20,pad,huawei,华为,,Morandi,HUAWEI MatePad Pro 12.2 英寸,2025 Wi-Fi 柔光版 (16GB+1TB),huawei_cn
GEM-W00,pad,huawei,华为,,Gellman,HUAWEI MatePad Pro Max,13.2 英寸 Wi-Fi 版,huawei_cn
GEM-W10,pad,huawei,华为,,Gellman,HUAWEI MatePad Pro Max,13.2 英寸 Wi-Fi 版 (20GB+1TB),huawei_cn
GEM-W40,pad,huawei,华为,,Gellman,HUAWEI MatePad Pro Max,13.2 英寸 悦享款 Wi-Fi 版,huawei_cn
DAL-W00,pad,huawei,华为,,Dali,HUAWEI MatePad Pro 12 英寸,Wi-Fi 版,huawei_cn
DAL-W20,pad,huawei,华为,,Dali,HUAWEI MatePad Pro 12 英寸,悦享款 Wi-Fi 版,huawei_cn
QXS-W00,pad,huawei,华为,,Qianxuesen,HUAWEI MatePad Edge,,huawei_cn
QXS-W10,pad,huawei,华为,,Qianxuesen,HUAWEI MatePad Edge,24GB+1TB,huawei_cn
QXS-W20,pad,huawei,华为,,Qianxuesen,HUAWEI MatePad Edge,液冷版,huawei_cn
DBY2-W00,pad,huawei,华为,,Debussy2,HUAWEI MatePad Air,11.5 英寸 Wi-Fi 版,huawei_cn
DBY2-AL00,pad,huawei,华为,,Debussy2,HUAWEI MatePad Air,11.5 英寸 LTE 版,huawei_cn
BKY-W00,pad,huawei,华为,,Banksy,HUAWEI MatePad Air,12 英寸 Wi-Fi 版 (8GB+256GB),huawei_cn
BKY-W10,pad,huawei,华为,,Banksy,HUAWEI MatePad Air,12 英寸 Wi-Fi 版 (12GB+256GB),huawei_cn
BKY-W20,pad,huawei,华为,,Banksy,HUAWEI MatePad Air,12 英寸 Wi-Fi 柔光版,huawei_cn
BKY-W21,pad,huawei,华为,,Banksy,HUAWEI MatePad Air,12 英寸 Wi-Fi 柔光版,huawei_cn
LRT-W00,pad,huawei,华为,,Laurent,HUAWEI MatePad Air,12 英寸 2025 Wi-Fi 版 (8GB+256GB),huawei_cn
LRT-W20,pad,huawei,华为,,Laurent,HUAWEI MatePad Air,12 英寸 2025 Wi-Fi 版,huawei_cn
LRT-W30,pad,huawei,华为,,Laurent,HUAWEI MatePad Air,12 英寸 2025 Wi-Fi 柔光版,huawei_cn
BAH3-W09,pad,huawei,华为,,Bach3,HUAWEI MatePad,10.4 英寸 Wi-Fi 版 (麒麟 810),huawei_cn
BAH3-W59,pad,huawei,华为,,Bach3,HUAWEI MatePad,10.4 英寸 Wi-Fi 版 (麒麟 820),huawei_cn
BAH3-AL00,pad,huawei,华为,,Bach3,HUAWEI MatePad,10.4 英寸 LTE 版 (麒麟 810),huawei_cn
BAH3-AN10,pad,huawei,华为,,Bach3,HUAWEI MatePad,5G 10.4 英寸 (麒麟 820),huawei_cn
SCMR-W09,pad,huawei,华为,,SchumannR,HUAWEI MatePad 10.8 英寸,Wi-Fi 版,huawei_cn
SCMR-AL09,pad,huawei,华为,,SchumannR,HUAWEI MatePad 10.8 英寸,LTE 版,huawei_cn
BAH4-W09,pad,huawei,华为,,Bach4,HUAWEI MatePad,10.4 英寸 2022 Wi-Fi 版 (麒麟 710A),huawei_cn
BAH4-W29,pad,huawei,华为,,Bach4,HUAWEI MatePad,10.4 英寸 2022 Wi-Fi 版 (麒麟 710A),huawei_cn
BAH4-W39,pad,huawei,华为,,Bach4,HUAWEI MatePad,10.4 英寸 2022 Wi-Fi 版 (麒麟 710A),huawei_cn
BAH4-W19,pad,huawei,华为,,Bach4,HUAWEI MatePad,10.4 英寸 2022 悦动版 Wi-Fi 版 (骁龙 778G 4G),huawei_cn
BAH4-AL10,pad,huawei,华为,,Bach4,HUAWEI MatePad,10.4 英寸 2022 悦动版 LTE 版 (骁龙 778G 4G),huawei_cn
DBY-W09,pad,huawei,华为,,Debussy,HUAWEI MatePad 11 英寸,Wi-Fi 版,huawei_cn
DBR-W00,pad,huawei,华为,,DebussyR,HUAWEI MatePad 11 英寸 2023,Wi-Fi 版,huawei_cn
DBR-W10,pad,huawei,华为,,DebussyR,HUAWEI MatePad 11 英寸 2023,Wi-Fi 柔光版,huawei_cn
BTK-W00,pad,huawei,华为,,Bartok,HUAWEI MatePad,11.5 英寸 2023 Wi-Fi 版,huawei_cn
BTK-AL00,pad,huawei,华为,,Bartok,HUAWEI MatePad,11.5 英寸 2023 LTE 版,huawei_cn
BTKR-W00,pad,huawei,华为,,BartokR,HUAWEI MatePad 11.5,英寸 2024 Wi-Fi 版,huawei_cn
TGR-W00,pad,huawei,华为,,Tagore,HUAWEI MatePad 11.5 S,Wi-Fi 版,huawei_cn
TGR-W10,pad,huawei,华为,,Tagore,HUAWEI MatePad 11.5 S,Wi-Fi 柔光版,huawei_cn
DMG-W00,pad,huawei,华为,,Domingo,HUAWEI MatePad 11.5 S,灵动款 Wi-Fi 版,huawei_cn
SLG-W10,pad,huawei,华为,,Salinger,HUAWEI MatePad 11.5 S 2025,Wi-Fi 版,huawei_cn
SLG-W50,pad,huawei,华为,,Salinger,HUAWEI MatePad 11.5 S 2025,灵动款 Wi-Fi 版,huawei_cn
TXZ-W10,pad,huawei,华为,,Taoxingzhi,HUAWEI MatePad 11.5,英寸 2026 Wi-Fi 版,huawei_cn
TXZ-W20,pad,huawei,华为,,Taoxingzhi,HUAWEI MatePad 11.5,英寸 2026 Wi-Fi 柔光版,huawei_cn
TXZ-AL10,pad,huawei,华为,,Taoxingzhi,HUAWEI MatePad 11.5,英寸 2026 SIM 卡版,huawei_cn
MLR-AL00,pad,huawei,华为,,Mclaren,HUAWEI MatePad Mini,悦读版 8.8 英寸,huawei_cn
MLR-AL10,pad,huawei,华为,,Mclaren,HUAWEI MatePad Mini,8.8 英寸,huawei_cn
AGS2-W09,pad,huawei,华为,,Agassi2,华为畅享平板,10.1 英寸 Wi-Fi 版,huawei_cn
AGS2-AL00,pad,huawei,华为,,Agassi2,华为畅享平板,10.1 英寸 LTE 版,huawei_cn
AGS3-W00D,pad,huawei,华为,,Agassi3,华为畅享平板 2,10.1 英寸 Wi-Fi 版 (4GB+64GB),huawei_cn
AGS3-W00E,pad,huawei,华为,,Agassi3,华为畅享平板 2,10.1 英寸 Wi-Fi 版 (4GB+128GB),huawei_cn
AGS3K-W00,pad,huawei,华为,,Agassi3,华为畅享平板 2,10.1 英寸 Wi-Fi 版,huawei_cn
AGS3K-W10,pad,huawei,华为,,Agassi3,华为畅享平板 2,10.1 英寸 Wi-Fi 版,huawei_cn
AGS3-AL00,pad,huawei,华为,,Agassi3,华为畅享平板 2,10.1 英寸 LTE 版,huawei_cn
AGS3K-AL00,pad,huawei,华为,,Agassi3,华为畅享平板 2,10.1 英寸 LTE 版,huawei_cn
AGS3K-W20,pad,huawei,华为,,Agassi3K,HUAWEI MatePad SE,10.1 英寸 Wi-Fi 版,huawei_cn
AGS3K-AL20,pad,huawei,华为,,Agassi3K,HUAWEI MatePad SE,10.1 英寸 LTE 版,huawei_cn
AGS5-W00,pad,huawei,华为,,Agassi5,HUAWEI MatePad SE 10.4 英寸,Wi-Fi 版,huawei_cn
AGS5-AL00,pad,huawei,华为,,Agassi5,HUAWEI MatePad SE 10.4 英寸,LTE 版,huawei_cn
AGS6-W00,pad,huawei,华为,,Agassi6,HUAWEI MatePad SE 11 英寸,Wi-Fi 版,huawei_cn
AGS6-W10,pad,huawei,华为,,Agassi6,HUAWEI MatePad SE 11 英寸,活力版 11 英寸 Wi-Fi 版,huawei_cn
HMW-W09,pad,huawei,华为,,Hemingway,HUAWEI MatePad Paper,10.3 英寸 Wi-Fi 版,huawei_cn
HMW-AL10,pad,huawei,华为,,Hemingway,HUAWEI MatePad Paper,典藏版 10.3 英寸 LTE 版,huawei_cn
BZK-W00,pad,huawei,华为,,Kobe,华为平板 C3,(华为平板 T3 行业专享版) 8 英寸 Wi-Fi 版,huawei_cn
BZK-L00,pad,huawei,华为,,Kobe,华为平板 C3,(华为平板 T3 行业专享版) 8 英寸 LTE 版,huawei_cn
BZA-W00,pad,huawei,华为,,Agassi,华为平板 C3,(华为平板 T3 行业专享版) 9.6 英寸 Wi-Fi 版,huawei_cn
BZA-L00,pad,huawei,华为,,Agassi,华为平板 C3,(华为平板 T3 行业专享版) 9.6 英寸 LTE 版,huawei_cn
BZD-W00,pad,huawei,华为,,,华为平板 C3 2020,8 英寸 2020 Wi-Fi 版,huawei_cn
BZD-AL00,pad,huawei,华为,,,华为平板 C3 2020,8 英寸 2020 LTE 版,huawei_cn
BZD-AL10,pad,huawei,华为,,,华为平板 C3 2020,8 英寸 2020 LTE 版,huawei_cn
BZC-W00,pad,huawei,华为,,,华为平板 C3 2020,9.7 英寸 2020 Wi-Fi 版,huawei_cn
BZC-AL00,pad,huawei,华为,,,华为平板 C3 2020,9.7 英寸 2020 LTE 版,huawei_cn
BZH-W00,pad,huawei,华为,,,华为平板 C3 2022,9.7 英寸 2022 Wi-Fi 版,huawei_cn
BZH-W30,pad,huawei,华为,,,华为平板 C3 2022,9.7 英寸 2022 Wi-Fi 版,huawei_cn
BXE3-W00,pad,huawei,华为,,,华为擎云 C3,10.4 英寸 Wi-Fi 版,huawei_cn
BVE3-W00,pad,huawei,华为,,,华为擎云 C3,10.4 英寸 Wi-Fi 版,huawei_cn
BXN3-W00,pad,huawei,华为,,,华为擎云 C3,10.4 英寸 Wi-Fi 版,huawei_cn
MON-W19,pad,huawei,华为,,,华为平板 C5,8 英寸 Wi-Fi 版,huawei_cn
MON-AL19,pad,huawei,华为,,,华为平板 C5,8 英寸 LTE 版,huawei_cn
BZT-W09,pad,huawei,华为,,,华为平板 C5,10.1 英寸 Wi-Fi 版,huawei_cn
BZT-AL00,pad,huawei,华为,,,华为平板 C5,10.1 英寸 LTE 标配版,huawei_cn
BZT-AL10,pad,huawei,华为,,,华为平板 C5,10.1 英寸 LTE 高配版,huawei_cn
BZW-AL00,pad,huawei,华为,,,华为平板 C5 2020,8 英寸 2020 LTE 版 (4GB+32GB),huawei_cn
BZW-AL10,pad,huawei,华为,,,华为平板 C5 2020,8 英寸 2020 LTE 版 (4GB+64GB),huawei_cn
BZT3-W09,pad,huawei,华为,,,华为平板 C5 2020,10.4 英寸 2020 Wi-Fi 版,huawei_cn
BZT3-AL00,pad,huawei,华为,,,华为平板 C5 2020,10.4 英寸 2020 LTE 版,huawei_cn
BZT3-W59,pad,huawei,华为,,,华为平板 C5 2021,10.4 英寸 2021 Wi-Fi 版,huawei_cn
BZT3-W69,pad,huawei,华为,,,华为平板 C5 2021,10.4 英寸 2021 Wi-Fi 版,huawei_cn
BZT4-W19,pad,huawei,华为,,,华为平板 C5 2022,10.4 英寸 2022 Wi-Fi 版,huawei_cn
BZT4-AL10,pad,huawei,华为,,,华为平板 C5 2022,10.4 英寸 2022 LTE 版,huawei_cn
KOB2KZ-W09,pad,huawei,华为,,Kobe2KZ,华为擎云 C5,8 英寸 Wi-Fi 版,huawei_cn
KOB2KZ-AL00,pad,huawei,华为,,Kobe2KZ,华为擎云 C5,8 英寸 LTE 版,huawei_cn
BTKZ-W00,pad,huawei,华为,,BartokZ,华为擎云 C5 (第 2 代),11.5 英寸 Wi-Fi 版,huawei_cn
BTKZ-AL00,pad,huawei,华为,,BartokZ,华为擎云 C5 (第 2 代),11.5 英寸 LTE 版,huawei_cn
BJS5-W00,pad,huawei,华为,,BartokR,华为擎云 C5 (第 3 代),11.5 英寸 Wi-Fi 版,huawei_cn
BYD5-W10,pad,huawei,华为,,Taoxingzhi,华为擎云 C5 (第 4 代),11.5 英寸 Wi-Fi 版,huawei_cn
BYS5-W10,pad,huawei,华为,,Taoxingzhi,华为擎云 C5 (第 4 代),11.5 英寸 Wi-Fi 版,huawei_cn
BJD5-W10,pad,huawei,华为,,Taoxingzhi,华为擎云 C5 (第 4 代),11.5 英寸 Wi-Fi 版,huawei_cn
BYD5-AL10,pad,huawei,华为,,Taoxingzhi,华为擎云 C5 (第 4 代),11.5 英寸 SIM 卡版,huawei_cn
BYS-AL10,pad,huawei,华为,,Taoxingzhi,华为擎云 C5 (第 4 代),11.5 英寸 SIM 卡版,huawei_cn
BJD-AL10,pad,huawei,华为,,Taoxingzhi,华为擎云 C5 (第 4 代),11.5 英寸 SIM 卡版,huawei_cn
BZI-W00,pad,huawei,华为,,,华为平板 C5e,10.1 英寸 2022 Wi-Fi 版,huawei_cn
BZI-W20,pad,huawei,华为,,,华为平板 C5e,10.1 英寸 2022 Wi-Fi 版,huawei_cn
BZI-AL00,pad,huawei,华为,,,华为平板 C5e,10.1 英寸 2022 LTE 版,huawei_cn
BZI-AL20,pad,huawei,华为,,,华为平板 C5e,10.1 英寸 2022 LTE 版,huawei_cn
AGS5Z-W09,pad,huawei,华为,,Agassi5Z,华为擎云 C5e,10.4 英寸 Wi-Fi 版,huawei_cn
AGS5Z-W19,pad,huawei,华为,,Agassi5Z,华为擎云 C5e,10.4 英寸 Wi-Fi 版,huawei_cn
AGS5Z-AL00,pad,huawei,华为,,Agassi5Z,华为擎云 C5e,10.4 英寸 LTE 版,huawei_cn
BZF5-W00,pad,huawei,华为,,Agassi6,华为擎云 C5e (第 2 代),11 英寸 Wi-Fi 版,huawei_cn
BZH5-W00,pad,huawei,华为,,Agassi6,华为擎云 C5e (第 2 代),11 英寸 Wi-Fi 版,huawei_cn
BZF5-W00,pad,huawei,华为,,Agassi6,华为擎云 C5s,11 英寸 Wi-Fi 版,huawei_cn
BZH5-W00,pad,huawei,华为,,Agassi6,华为擎云 C5s,11 英寸 Wi-Fi 版,huawei_cn
BLF5-W00,pad,huawei,华为,,Agassi6,华为擎云 C5x,11 英寸 Wi-Fi 版,huawei_cn
BVE-W10,pad,huawei,华为,,,华为擎云 C5z,10.4 英寸 Wi-Fi 版,huawei_cn
DBY-W09,pad,huawei,华为,,Debussy,华为平板 C7,10.95 英寸 Wi-Fi 版,huawei_cn
DBY2Z-AL00,pad,huawei,华为,,Debussy2Z,华为擎云 C7,11.5 英寸 Wi-Fi 版,huawei_cn
BBG7-W00,pad,huawei,华为,,Tagore,华为擎云 C7 (第 2 代),11.5 英寸 Wi-Fi 版,huawei_cn
BBH7-W00,pad,huawei,华为,,Salinger,华为擎云 C7 (第 3 代),11.5 英寸 Wi-Fi 版,huawei_cn
WEB-W00,pad,huawei,华为,,Weber,华为擎云 C9,13.2 英寸 Wi-Fi 版,huawei_cn
HZ-W09,computer,huawei,华为,,Hertz,HUAWEI MateBook,m3,huawei_cn
HZ-W19,computer,huawei,华为,,Hertz,HUAWEI MateBook,m5,huawei_cn
HZ-W29,computer,huawei,华为,,Hertz,HUAWEI MateBook,m7,huawei_cn
WT-W09,computer,huawei,华为,,Watt,HUAWEI MateBook X,i5,huawei_cn
WT-W19,computer,huawei,华为,,Watt,HUAWEI MateBook X,i7,huawei_cn
EUL-W19,computer,huawei,华为,,Euler,HUAWEI MateBook X 2020,i5 (8GB+512GB),huawei_cn
EUL-W19P,computer,huawei,华为,,Euler,HUAWEI MateBook X 2020,i5 (16GB+512GB),huawei_cn
EUL-W29P,computer,huawei,华为,,Euler,HUAWEI MateBook X 2020,i7 (16GB+512GB),huawei_cn
EULD-WFH9,computer,huawei,华为,,EulerD,HUAWEI MateBook X 2021,i5,huawei_cn
MACH-W19,computer,huawei,华为,,Mach,HUAWEI MateBook X Pro,i5,huawei_cn
MACH-W29,computer,huawei,华为,,Mach,HUAWEI MateBook X Pro,i7,huawei_cn
MACHR-W19,computer,huawei,华为,,MachR,HUAWEI MateBook X Pro 2019,i5,huawei_cn
MACHR-W19L,computer,huawei,华为,,MachR,HUAWEI MateBook X Pro 2019,i5 Linux 版,huawei_cn
MACHR-W29,computer,huawei,华为,,MachR,HUAWEI MateBook X Pro 2019,i7,huawei_cn
MACHR-W29BL,computer,huawei,华为,,MachR,HUAWEI MateBook X Pro 2019,i7 Linux 版,huawei_cn
MACHC-WAH9LP,computer,huawei,华为,,MachC,HUAWEI MateBook X Pro 2020,i5,huawei_cn
MACHC-WAE9LP,computer,huawei,华为,,MachC,HUAWEI MateBook X Pro 2020,i7,huawei_cn
MACHD-WFH9,computer,huawei,华为,,MachD,HUAWEI MateBook X Pro 2021,i5,huawei_cn
MACHD-WFH9Q,computer,huawei,华为,,MachD,HUAWEI MateBook X Pro 2021,i5,huawei_cn
MACHD-WFE9,computer,huawei,华为,,MachD,HUAWEI MateBook X Pro 2021,i7,huawei_cn
MACHD-WFE9Q,computer,huawei,华为,,MachD,HUAWEI MateBook X Pro 2021,i7,huawei_cn
MRG-W56,computer,huawei,华为,,Morgan,HUAWEI MateBook X Pro 2022,i5,huawei_cn
MRG-W76,computer,huawei,华为,,Morgan,HUAWEI MateBook X Pro 2022,i7,huawei_cn
MRGF-16,computer,huawei,华为,,MorganF,HUAWEI MateBook X Pro 2022,12 代酷睿版,huawei_cn
MRGFG-16,computer,huawei,华为,,MorganFG,HUAWEI MateBook X Pro 2023,16GB 内存,huawei_cn
MRGFG-32,computer,huawei,华为,,MorganFG,HUAWEI MateBook X Pro 2023,32GB 内存,huawei_cn
VGHH-16,computer,huawei,华为,,VanGoghH,HUAWEI MateBook X Pro 酷睿 Ultra,16GB 内存,huawei_cn
VGHH-32,computer,huawei,华为,,VanGoghH,HUAWEI MateBook X Pro 酷睿 Ultra,32GB 内存,huawei_cn
HAD-W24,computer,huawei,华为,,Harden,HUAWEI MateBook Pro,24GB 内存,huawei_cn
HAD-W32,computer,huawei,华为,,Harden,HUAWEI MateBook Pro,32GB 内存,huawei_cn
MOR-M1,computer,huawei,华为,,,HUAWEI MateBook Pro S,标准版 / 防窥版 / 柔光版,huawei_cn
MOR-M2,computer,huawei,华为,,,HUAWEI MateBook Pro S,典藏版,huawei_cn
HPR-W72,computer,huawei,华为,,Hopper,HUAWEI MateBook Fold 非凡大师,(麒麟 X90) (32GB 内存),huawei_cn
SLM-W24,computer,huawei,华为,,,HUAWEI MateBook Fold 非凡大师,(麒麟 X90 Plus) (24GB 内存),huawei_cn
SLM-W32,computer,huawei,华为,,,HUAWEI MateBook Fold 非凡大师,(麒麟 X90 Plus) (32GB 内存),huawei_cn
WRT-W19,computer,huawei,华为,,Wright,HUAWEI MateBook 13,i5,huawei_cn
WRT-W19L,computer,huawei,华为,,Wright,HUAWEI MateBook 13,i5 Linux 版,huawei_cn
WRT-W29,computer,huawei,华为,,Wright,HUAWEI MateBook 13,i7,huawei_cn
WRT-W29L,computer,huawei,华为,,Wright,HUAWEI MateBook 13,i7 Linux 版,huawei_cn
HN-W19R,computer,huawei,华为,,HengK,HUAWEI MateBook 13,锐龙版,huawei_cn
HN-W19L,computer,huawei,华为,,HengK,HUAWEI MateBook 13,锐龙 Linux 版,huawei_cn
WRTB-WAH9L,computer,huawei,华为,,WrightB,HUAWEI MateBook 13 2020,i5 (8GB+512GB),huawei_cn
WRTB-WFH9L,computer,huawei,华为,,WrightB,HUAWEI MateBook 13 2020,i5 (16GB+512GB),huawei_cn
WRTB-WFE9L,computer,huawei,华为,,WrightB,HUAWEI MateBook 13 2020,i7 (16GB+512GB),huawei_cn
HNL-WDQ9Q,computer,huawei,华为,,HengL,HUAWEI MateBook 13 2020,R5 (8GB+512GB),huawei_cn
HNL-WDP9Q,computer,huawei,华为,,HengL,HUAWEI MateBook 13 2020,R7 (8GB+512GB),huawei_cn
HNL-WFQ9,computer,huawei,华为,,HengL,HUAWEI MateBook 13 2020,R5 (16GB+512GB),huawei_cn
HNL-WFP9,computer,huawei,华为,,HengL,HUAWEI MateBook 13 2020,R7 (16GB+512GB),huawei_cn
HNL-WFP9Q,computer,huawei,华为,,HengL,HUAWEI MateBook 13 2020,R7 (16GB+512GB),huawei_cn
WRTD-WDH9,computer,huawei,华为,,WrightD,HUAWEI MateBook 13 2021,i5 (8GB+512GB),huawei_cn
WRTD-WDH9Q,computer,huawei,华为,,WrightD,HUAWEI MateBook 13 2021,i5 (8GB+512GB),huawei_cn
WRTD-WDE9Q,computer,huawei,华为,,WrightD,HUAWEI MateBook 13 2021,i7 (8GB+512GB),huawei_cn
WRTD-WFH9,computer,huawei,华为,,WrightD,HUAWEI MateBook 13 2021,i5 (16GB+512GB),huawei_cn
WRTD-WFH9Q,computer,huawei,华为,,WrightD,HUAWEI MateBook 13 2021,i5 (16GB+512GB),huawei_cn
WRTD-WFE9,computer,huawei,华为,,WrightD,HUAWEI MateBook 13 2021,i7 (16GB+512GB),huawei_cn
WRTD-WFE9Q,computer,huawei,华为,,WrightD,HUAWEI MateBook 13 2021,i7 (16GB+512GB),huawei_cn
EMD-W58,computer,huawei,华为,,EmmyD,HUAWEI MateBook 13s,i5 (8GB+512GB),huawei_cn
EMD-W56,computer,huawei,华为,,EmmyD,HUAWEI MateBook 13s,i5 (16GB+512GB),huawei_cn
EMD-W76,computer,huawei,华为,,EmmyD,HUAWEI MateBook 13s,i7 (16GB+512GB),huawei_cn
EMF-16,computer,huawei,华为,,EmmyF,HUAWEI MateBook 13s,2023,huawei_cn
KLV-W19,computer,huawei,华为,,Kelvin,HUAWEI MateBook 14,i5,huawei_cn
KLV-W19DL,computer,huawei,华为,,Kelvin,HUAWEI MateBook 14,i5 Linux 版,huawei_cn
KLV-W29,computer,huawei,华为,,Kelvin,HUAWEI MateBook 14,i7,huawei_cn
KLVC-WAH9L,computer,huawei,华为,,KelvinC,HUAWEI MateBook 14 2020,i5 (8GB+512GB),huawei_cn
KLVC-WFH9L,computer,huawei,华为,,KelvinC,HUAWEI MateBook 14 2020,i5 (16GB+512GB),huawei_cn
KLVC-WFE9L,computer,huawei,华为,,KelvinC,HUAWEI MateBook 14 2020,i7 (16GB+512GB),huawei_cn
KLVL-WFH9,computer,huawei,华为,,KelvinL,HUAWEI MateBook 14 2020,R5,huawei_cn
KLVL-WFE9,computer,huawei,华为,,KelvinL,HUAWEI MateBook 14 2020,R7,huawei_cn
KLVL-WFE9Q,computer,huawei,华为,,KelvinL,HUAWEI MateBook 14 2020,R7,huawei_cn
KLVD-WDH9,computer,huawei,华为,,KelvinD,HUAWEI MateBook 14 2021,i5 (8GB+512GB),huawei_cn
KLVD-WDH9Q,computer,huawei,华为,,KelvinD,HUAWEI MateBook 14 2021,i5 (8GB+512GB),huawei_cn
KLVD-WDE9Q,computer,huawei,华为,,KelvinD,HUAWEI MateBook 14 2021,i7 (8GB+512GB),huawei_cn
KLVD-WFH9,computer,huawei,华为,,KelvinD,HUAWEI MateBook 14 2021,i5 (16GB+512GB),huawei_cn
KLVD-WFE9,computer,huawei,华为,,KelvinD,HUAWEI MateBook 14 2021,i7 (16GB+512GB),huawei_cn
KLVL-W56W,computer,huawei,华为,,KelvinL,HUAWEI MateBook 14 2021,R5,huawei_cn
KLVL-W76W,computer,huawei,华为,,KelvinL,HUAWEI MateBook 14 2021,R7,huawei_cn
KLVF-16,computer,huawei,华为,,KelvinF,HUAWEI MateBook 14 2022,,huawei_cn
KLVG-16,computer,huawei,华为,,KelvinG,HUAWEI MateBook 14 2023,16GB 内存,huawei_cn
KLVG-32,computer,huawei,华为,,KelvinG,HUAWEI MateBook 14 2023,32GB 内存,huawei_cn
FLMH-16,computer,huawei,华为,,FlemingH,HUAWEI MateBook 14 酷睿 Ultra,16GB 内存,huawei_cn
FLMH-32,computer,huawei,华为,,FlemingH,HUAWEI MateBook 14 酷睿 Ultra,32GB 内存,huawei_cn
MNTXM-24A,computer,huawei,华为,,,HUAWEI MateBook 14 鸿蒙版,24GB 内存,huawei_cn
MNTXM-32A,computer,huawei,华为,,,HUAWEI MateBook 14 鸿蒙版,32GB 内存,huawei_cn
HKD-W58,computer,huawei,华为,,HookeD,HUAWEI MateBook 14s,i5 (8GB+512GB),huawei_cn
HKD-W56,computer,huawei,华为,,HookeD,HUAWEI MateBook 14s,i5 (16GB+512GB),huawei_cn
HKD-W76,computer,huawei,华为,,HookeD,HUAWEI MateBook 14s,i7 (16GB+512GB/1TB),huawei_cn
HKF-16,computer,huawei,华为,,HookeF,HUAWEI MateBook 14s 2022,,huawei_cn
HKFG-16,computer,huawei,华为,,HookeFG,HUAWEI MateBook 14s 2023,16GB 内存,huawei_cn
HKFG-32,computer,huawei,华为,,HookeFG,HUAWEI MateBook 14s 2023,32GB 内存,huawei_cn
CREM-WFG9,computer,huawei,华为,,CurieM,HUAWEI MateBook 16,R5,huawei_cn
CREM-WFD9,computer,huawei,华为,,CurieM,HUAWEI MateBook 16,R7,huawei_cn
CREF-16,computer,huawei,华为,,CurieF,HUAWEI MateBook 16s,,huawei_cn
CREFG-16,computer,huawei,华为,,CurieFG,HUAWEI MateBook 16s 2023,16GB 内存,huawei_cn
CREFG-32,computer,huawei,华为,,CurieFG,HUAWEI MateBook 16s 2023,32GB 内存,huawei_cn
ENZH-16,computer,huawei,华为,,EnzoH,HUAWEI MateBook GT 14,16GB 内存,huawei_cn
ENZH-32,computer,huawei,华为,,EnzoH,HUAWEI MateBook GT 14,32GB 内存,huawei_cn
PL-W09,computer,huawei,华为,,Pascal,HUAWEI MateBook D,i5 集显,huawei_cn
PL-W19,computer,huawei,华为,,Pascal,HUAWEI MateBook D,i5 独显,huawei_cn
PL-W29,computer,huawei,华为,,Pascal,HUAWEI MateBook D,i7,huawei_cn
MRC-W00,computer,huawei,华为,,MarconiC,HUAWEI MateBook D 2018,i3 集显,huawei_cn
MRC-W10BR,computer,huawei,华为,,MarconiC,HUAWEI MateBook D 2018,i5 集显,huawei_cn
MRC-W50,computer,huawei,华为,,MarconiC,HUAWEI MateBook D 2018,i5 独显,huawei_cn
MRC-W50R,computer,huawei,华为,,MarconiC,HUAWEI MateBook D 2018,i5 独显 (8GB+512GB),huawei_cn
MRC-W60,computer,huawei,华为,,MarconiC,HUAWEI MateBook D 2018,i7 独显,huawei_cn
MRC-W60R,computer,huawei,华为,,MarconiC,HUAWEI MateBook D 2018,i7 独显 (8GB+512GB),huawei_cn
MRC-W70,computer,huawei,华为,,MarconiC,HUAWEI MateBook D 2018,i3 集显,huawei_cn
Nbl-WAQ9R,computer,huawei,华为,,NobelK,HUAWEI MateBook D 14,R5,huawei_cn
Nbl-WAQ9RP,computer,huawei,华为,,NobelK,HUAWEI MateBook D 14,R5 (16GB+512GB),huawei_cn
Nbl-WAQ9L,computer,huawei,华为,,NobelK,HUAWEI MateBook D 14,R5 Linux 版,huawei_cn
NbB-WAH9,computer,huawei,华为,,NobelB,HUAWEI MateBook D 14,i5 (8GB+512GB),huawei_cn
NbB-WAH9P,computer,huawei,华为,,NobelB,HUAWEI MateBook D 14,i5 (16GB+512GB),huawei_cn
NbB-WAE9P,computer,huawei,华为,,NobelB,HUAWEI MateBook D 14,i7 (16GB+512GB),huawei_cn
NblL-WFQ9,computer,huawei,华为,,NobelL,HUAWEI MateBook D 14,2020 R5,huawei_cn
NblL-WFP9,computer,huawei,华为,,NobelL,HUAWEI MateBook D 14,2020 R7,huawei_cn
NbD-WFH9,computer,huawei,华为,,NobelD,HUAWEI MateBook D 14,2021 i5,huawei_cn
NbD-WFE9,computer,huawei,华为,,NobelD,HUAWEI MateBook D 14,2021 i7,huawei_cn
NbM-WDQ9D,computer,huawei,华为,,NobelM,HUAWEI MateBook D 14,2021 R5 (8GB+512GB),huawei_cn
NbM-WFQ9,computer,huawei,华为,,NobelM,HUAWEI MateBook D 14,2021 R5 (16GB+512GB),huawei_cn
NbM-WFP9,computer,huawei,华为,,NobelM,HUAWEI MateBook D 14,2021 R7 (16GB+512GB),huawei_cn
NbDE-WFH9,computer,huawei,华为,,NobelDE,HUAWEI MateBook D 14,2022 i5,huawei_cn
NbDE-WFE9,computer,huawei,华为,,NobelDE,HUAWEI MateBook D 14,2022 i7,huawei_cn
NbDE-WDH9,computer,huawei,华为,,NobelDE,HUAWEI MateBook D 14 SE,i5,huawei_cn
NbF-08,computer,huawei,华为,,NobelF,HUAWEI MateBook D 14 12 代酷睿版,2022 12 代酷睿版 (8GB 内存),huawei_cn
NbF-16,computer,huawei,华为,,NobelF,HUAWEI MateBook D 14 12 代酷睿版,2022 12 代酷睿版 (16GB 内存),huawei_cn
NbF-08,computer,huawei,华为,,NobelF,HUAWEI MateBook D 14 SE 12 代酷睿版,8GB 内存,huawei_cn
NbF-16,computer,huawei,华为,,NobelF,HUAWEI MateBook D 14 SE 12 代酷睿版,16GB 内存,huawei_cn
MDF-16,computer,huawei,华为,,MendelF,HUAWEI MateBook D 14,2023 12 代酷睿版,huawei_cn
MDF-16,computer,huawei,华为,,MendelF,HUAWEI MateBook D 14,SE 2023,huawei_cn
MDG-16,computer,huawei,华为,,MendelG,HUAWEI MateBook D 14,2023 13 代酷睿版,huawei_cn
MDG-16,computer,huawei,华为,,MendelG,HUAWEI MateBook D 14,SE 13 代酷睿版,huawei_cn
Boh-WAQ9R,computer,huawei,华为,,BohrK,HUAWEI MateBook D 15,R5 (8GB+512GB),huawei_cn
Boh-WAQ9RP,computer,huawei,华为,,BohrK,HUAWEI MateBook D 15,R5 (16GB+256GB+1TB),huawei_cn
Boh-WAQ9L,computer,huawei,华为,,BohrK,HUAWEI MateBook D 15,R5 Linux 版,huawei_cn
BoB-WAH9,computer,huawei,华为,,BohrB,HUAWEI MateBook D 15,i5 (8GB+512GB),huawei_cn
BoB-WAH9P,computer,huawei,华为,,BohrB,HUAWEI MateBook D 15,i5 (16GB+512GB),huawei_cn
BoB-WAE9P,computer,huawei,华为,,BohrB,HUAWEI MateBook D 15,i7 (16GB+512GB),huawei_cn
BohL-WFQ9,computer,huawei,华为,,BohrL,HUAWEI MateBook D 15,2020 R5,huawei_cn
BohL-WFP9,computer,huawei,华为,,BohrL,HUAWEI MateBook D 15,2020 R7,huawei_cn
BoD-WFH9,computer,huawei,华为,,BohrD,HUAWEI MateBook D 15,2021 i5,huawei_cn
BoD-WFE9,computer,huawei,华为,,BohrD,HUAWEI MateBook D 15,2021 i7,huawei_cn
BoM-WFQ9,computer,huawei,华为,,BohrM,HUAWEI MateBook D 15,2021 R5,huawei_cn
BoM-WFP9,computer,huawei,华为,,BohrM,HUAWEI MateBook D 15,2021 R7,huawei_cn
BoDE-WFH9,computer,huawei,华为,,BohrDE,HUAWEI MateBook D 15,2022 i5,huawei_cn
BoDE-WFE9,computer,huawei,华为,,BohrDE,HUAWEI MateBook D 15,2022 i7,huawei_cn
BoDE-WDH9,computer,huawei,华为,,BohrDE,HUAWEI MateBook D 15 SE,i5,huawei_cn
BoF-16,computer,huawei,华为,,BohrF,HUAWEI MateBook D 15 12 代酷睿版,2022 12 代酷睿版 (16GB 内存),huawei_cn
RLEF-16,computer,huawei,华为,,RolleF,HUAWEI MateBook D 16,2022,huawei_cn
RLEF-16,computer,huawei,华为,,RolleF,HUAWEI MateBook D 16,SE,huawei_cn
RLEG-16,computer,huawei,华为,,RolleG,HUAWEI MateBook D 16,2023,huawei_cn
MCLF-16,computer,huawei,华为,,MitchellF,HUAWEI MateBook D 16 SE,2024 12 代酷睿版,huawei_cn
MCLG-16,computer,huawei,华为,,MitchellG,HUAWEI MateBook D 16,2024,huawei_cn
MCLG-16,computer,huawei,华为,,MitchellG,HUAWEI MateBook D 16,SE 2024 13 代酷睿版,huawei_cn
MCLG-16,computer,huawei,华为,,MitchellG,HUAWEI MateBook D 16,高能版 2024,huawei_cn
BL-W09,computer,huawei,华为,,,HUAWEI MateBook E,i3,huawei_cn
BL-W19,computer,huawei,华为,,,HUAWEI MateBook E,i5,huawei_cn
PAK-AL09,computer,huawei,华为,,Planck,HUAWEI MateBook E 2019,,huawei_cn
DRC-W58,computer,huawei,华为,,Dirac,HUAWEI MateBook E 2022,i5 (8GB+256GB),huawei_cn
DRC-W56,computer,huawei,华为,,Dirac,HUAWEI MateBook E 2022,i5 (16GB+512GB),huawei_cn
DRC-W76,computer,huawei,华为,,Dirac,HUAWEI MateBook E 2022,i7 (16GB+512GB),huawei_cn
DRR-W56,computer,huawei,华为,,DiracR,HUAWEI MateBook E 2023,i5,huawei_cn
DRR-W76,computer,huawei,华为,,DiracR,HUAWEI MateBook E 2023,i7,huawei_cn
GK-G58,computer,huawei,华为,,Gaokun,HUAWEI MateBook E Go,LTE (8GB+256GB),huawei_cn
GK-G56,computer,huawei,华为,,Gaokun,HUAWEI MateBook E Go,LTE (16GB+512GB),huawei_cn
GK-W76,computer,huawei,华为,,Gaokun,HUAWEI MateBook E Go,性能版 Wi-Fi,huawei_cn
GK-W76,computer,huawei,华为,,Gaokun,HUAWEI MateBook E Go,2023 Wi-Fi,huawei_cn
NBZ-WBH9,computer,huawei,华为,,NobelBZ,HUAWEI MateBook B3-410,i5 (8GB+256GB),huawei_cn
NBZ-WBH9B,computer,huawei,华为,,NobelBZ,HUAWEI MateBook B3-410,i5 (8GB+512GB),huawei_cn
NBZ-WBE9,computer,huawei,华为,,NobelBZ,HUAWEI MateBook B3-410,i7,huawei_cn
NDZ-WDI9A,computer,huawei,华为,,NobelDZ,HUAWEI MateBook B3-420,i3,huawei_cn
NDZ-WDH9A,computer,huawei,华为,,NobelDZ,HUAWEI MateBook B3-420,i5 集显,huawei_cn
NDZ-WFH9A,computer,huawei,华为,,NobelDZ,HUAWEI MateBook B3-420,i5 集显,huawei_cn
NDZ-WFH9B,computer,huawei,华为,,NobelDZ,HUAWEI MateBook B3-420,i5 独显,huawei_cn
NDZ-WFE9A,computer,huawei,华为,,NobelDZ,HUAWEI MateBook B3-420,i7,huawei_cn
NFZ-WDH9,computer,huawei,华为,,NobelFZ,HUAWEI MateBook B3-430,i5 (8GB+512GB),huawei_cn
NFZ-WFH9,computer,huawei,华为,,NobelFZ,HUAWEI MateBook B3-430,i5 (16GB+512GB),huawei_cn
NFZ-WFH9D,computer,huawei,华为,,NobelFZ,HUAWEI MateBook B3-430,i5 (16GB+1TB),huawei_cn
NFZ-WFE9,computer,huawei,华为,,NobelFZ,HUAWEI MateBook B3-430,i7,huawei_cn
BBZ-WBH9,computer,huawei,华为,,BohrBZ,HUAWEI MateBook B3-510,i5,huawei_cn
BBZ-WBE9,computer,huawei,华为,,BohrBZ,HUAWEI MateBook B3-510,i7,huawei_cn
BDZ-WDH9A,computer,huawei,华为,,BohrDZ,HUAWEI MateBook B3-520,i5 (8GB+512GB),huawei_cn
BDZ-WFH9A,computer,huawei,华为,,BohrDZ,HUAWEI MateBook B3-520,i5 (16GB+512GB),huawei_cn
BDZ-WFE9A,computer,huawei,华为,,BohrDZ,HUAWEI MateBook B3-520,i7,huawei_cn
WRTDZ-WFH9,computer,huawei,华为,,WrightDZ,HUAWEI MateBook B5-330,i5,huawei_cn
WRTDZ-WFE9,computer,huawei,华为,,WrightDZ,HUAWEI MateBook B5-330,i7,huawei_cn
KLCZ-WDH9,computer,huawei,华为,,KelvinCZ,HUAWEI MateBook B5-420,i5,huawei_cn
KLCZ-WDH9B,computer,huawei,华为,,KelvinCZ,HUAWEI MateBook B5-420,i5 独显,huawei_cn
KLCZ-WFH9,computer,huawei,华为,,KelvinCZ,HUAWEI MateBook B5-420,i7,huawei_cn
KLVDZ-WDH9AQ,computer,huawei,华为,,KelvinDZ,HUAWEI MateBook B5-430,i5 (8GB+512GB),huawei_cn
KLVDZ-WFH9,computer,huawei,华为,,KelvinDZ,HUAWEI MateBook B5-430,i5 (16GB+512GB),huawei_cn
KLVDZ-WFH9B,computer,huawei,华为,,KelvinDZ,HUAWEI MateBook B5-430,i5 独显 (16GB+512GB),huawei_cn
KLVDZ-WFE9,computer,huawei,华为,,KelvinDZ,HUAWEI MateBook B5-430,i7,huawei_cn
KLVFZ-W56,computer,huawei,华为,,KelvinFZ,HUAWEI MateBook B5-440,i5 (16GB+512GB),huawei_cn
KLVFZ-006,computer,huawei,华为,,KelvinFZ,HUAWEI MateBook B5-440,i5 (16GB+1TB),huawei_cn
KLVFZ-W76,computer,huawei,华为,,KelvinFZ,HUAWEI MateBook B5-440,i7 (16GB+512GB),huawei_cn
KLVFZ-001,computer,huawei,华为,,KelvinFZ,HUAWEI MateBook B5-440,i7 (16GB+1TB),huawei_cn
MDZ-WDH9A,computer,huawei,华为,,MachDZ,HUAWEI MateBook B7-410,i5 (8GB+512GB),huawei_cn
MDZ-WDH9B,computer,huawei,华为,,MachDZ,HUAWEI MateBook B7-410,i5 (8GB+256GB),huawei_cn
MDZ-WFH9A,computer,huawei,华为,,MachDZ,HUAWEI MateBook B7-410,i5 (16GB+512GB),huawei_cn
MDZ-WFE9A,computer,huawei,华为,,MachDZ,HUAWEI MateBook B7-410,i7 (16GB+512GB),huawei_cn
MDZ-WFE9B,computer,huawei,华为,,MachDZ,HUAWEI MateBook B7-410,i7 (16GB+1TB),huawei_cn
MRGFZ-W5651,computer,huawei,华为,,MorganFZ,HUAWEI MateBook B7-420,i5 (16GB+512GB),huawei_cn
MRGFZ-W7651,computer,huawei,华为,,MorganFZ,HUAWEI MateBook B7-420,i7 (16GB+512GB),huawei_cn
MRGFZ-W7611,computer,huawei,华为,,MorganFZ,HUAWEI MateBook B7-420,i7 (16GB+1TB),huawei_cn
YTSFZ-5651TP,computer,huawei,华为,,YutuFZ,华为擎云 S520,i5,huawei_cn
YTSFZ-7611T,computer,huawei,华为,,YutuFZ,华为擎云 S520,i7,huawei_cn
YTGZ-5651SP,computer,huawei,华为,,YutuGZ,华为擎云 S520 Gen2,i5 (16GB+512GB),huawei_cn
YTSGZ-5651TP,computer,huawei,华为,,YutuGZ,华为擎云 S520 Gen2,i5 (16GB+512GB),huawei_cn
YTGZ-5611SP,computer,huawei,华为,,YutuGZ,华为擎云 S520 Gen2,i5 (16GB+1TB),huawei_cn
YTGZ-7611S,computer,huawei,华为,,YutuGZ,华为擎云 S520 Gen2,i7 (16GB+1TB),huawei_cn
YTSGZ-7611TP,computer,huawei,华为,,YutuGZ,华为擎云 S520 Gen2,i7 (16GB+1TB),huawei_cn
YTFZ-5851S,computer,huawei,华为,,YutuFZ,华为擎云 S540,i5 (U15) (8GB+512GB),huawei_cn
YTFZ-5851SP,computer,huawei,华为,,YutuFZ,华为擎云 S540,i5 (P28) (8GB+512GB),huawei_cn
YTFZ-5651S,computer,huawei,华为,,YutuFZ,华为擎云 S540,i5 (U15) (16GB+512GB),huawei_cn
YTFZ-5651SP,computer,huawei,华为,,YutuFZ,华为擎云 S540,i5 (P28) (16GB+512GB),huawei_cn
YTFZ-7651S,computer,huawei,华为,,YutuFZ,华为擎云 S540,i7 (U15) (16GB+512GB),huawei_cn
YTFZ-7651SP,computer,huawei,华为,,YutuFZ,华为擎云 S540,i7 (P28) (16GB+512GB),huawei_cn
YTSFZ-5651TP,computer,huawei,华为,,YutuFZ,华为擎云 G540,i5,huawei_cn
YTSGZ-5651TP,computer,huawei,华为,,YutuGZ,华为擎云 G540 Gen2,i5,huawei_cn
KLVG-16Z3-xxx,computer,huawei,华为,,KelvinG,华为擎云 G740,i5 (16GB+512GB),huawei_cn
KLVG-16Z2-xxx,computer,huawei,华为,,KelvinG,华为擎云 G740,i5 (16GB+1TB),huawei_cn
KLVG-16Z1-xxx,computer,huawei,华为,,KelvinG,华为擎云 G740,i7 (16GB+1TB),huawei_cn
KLVU-WDU0,computer,huawei,华为,,KelvinU,华为擎云 L410,8GB+256GB,huawei_cn
KLVU-WDU0B,computer,huawei,华为,,KelvinU,华为擎云 L410,8GB+512GB,huawei_cn
KLVV-W5821,computer,huawei,华为,,KelvinV,华为擎云 L420,8GB+256GB,huawei_cn
KLVV-W5821B,computer,huawei,华为,,KelvinV,华为擎云 L420,8GB+512GB,huawei_cn
KLVV-W5821C,computer,huawei,华为,,KelvinV,华为擎云 L420,16GB+256GB,huawei_cn
KLVV-W5821D,computer,huawei,华为,,KelvinV,华为擎云 L420,16GB+512GB,huawei_cn
HAD-W72-001,computer,huawei,华为,,Harden,华为擎云 HM940,标准版 (32GB+1TB),huawei_cn
HAD-W72-006,computer,huawei,华为,,Harden,华为擎云 HM940,标准版 (24GB+512GB),huawei_cn
HEGE-550,tv,huawei,华为,,Hege,华为智慧屏 V 系列,55i-A (4GB+64GB),huawei_cn
HEGE-550B,tv,huawei,华为,,Hege,华为智慧屏 V 系列,55i-B (4GB+32GB),huawei_cn
HEGE-560,tv,huawei,华为,,Hege,华为智慧屏 V 系列,65,huawei_cn
HEGE-560B,tv,huawei,华为,,Hege,华为智慧屏 V 系列,65i,huawei_cn
HEGE-560S,tv,huawei,华为,,Hege,华为智慧屏 V 系列,65 尊爵版,huawei_cn
HEGE-570,tv,huawei,华为,,Hege,华为智慧屏 V 系列,75,huawei_cn
HD55THAA,tv,huawei,华为,,,华为智慧屏 V 系列 2021,55 2021,huawei_cn
HD65THAA,tv,huawei,华为,,,华为智慧屏 V 系列 2021,65 2021,huawei_cn
HD75THAA,tv,huawei,华为,,,华为智慧屏 V 系列 2021,75 2021,huawei_cn
HD75FREA,tv,huawei,华为,,,华为智慧屏 V 系列 2021,75 Super,huawei_cn
HD85THAA,tv,huawei,华为,,,华为智慧屏 V 系列 2021,85 2021,huawei_cn
HD98SOKA,tv,huawei,华为,,,华为智慧屏 V 系列 2021,98 2021,huawei_cn
HD65FRUA,tv,huawei,华为,,,华为智慧屏 V Pro 系列,65 Pro,huawei_cn
HD75FRUA,tv,huawei,华为,,,华为智慧屏 V Pro 系列,75 Pro,huawei_cn
HD65FRUB,tv,huawei,华为,,,华为智慧屏 V 三代,65 三代,huawei_cn
HD75FRUB,tv,huawei,华为,,,华为智慧屏 V 三代,75 三代,huawei_cn
HD75ARKB,tv,huawei,华为,,,华为智慧屏 V5,75,huawei_cn
HD85ARKB,tv,huawei,华为,,,华为智慧屏 V5,85,huawei_cn
HD98ARKB,tv,huawei,华为,,,华为智慧屏 V5,98,huawei_cn
HD75ARKA,tv,huawei,华为,,,华为智慧屏 V5 Pro,75,huawei_cn
HD85ARKA,tv,huawei,华为,,,华为智慧屏 V5 Pro,85,huawei_cn
HD98ARKA,tv,huawei,华为,,,华为智慧屏 V5 Pro,98,huawei_cn
HDC0ARIA,tv,huawei,华为,,,华为智慧屏 V5 Max,110,huawei_cn
HD75ARIC,tv,huawei,华为,,,华为智慧屏 V6,75,huawei_cn
HD85ARIC,tv,huawei,华为,,,华为智慧屏 V6,85,huawei_cn
HD98ARIC,tv,huawei,华为,,,华为智慧屏 V6,98,huawei_cn
PLAT-760,tv,huawei,华为,,Plato,华为智慧屏 X 系列,65,huawei_cn
HD65EDIH,tv,huawei,华为,,,华为智慧屏 MateTV,65 英寸,huawei_cn
HD75EDIH,tv,huawei,华为,,,华为智慧屏 MateTV,75 英寸,huawei_cn
HD8XEDIH,tv,huawei,华为,,,华为智慧屏 MateTV,85 英寸,huawei_cn
HD98EDIH,tv,huawei,华为,,,华为智慧屏 MateTV,98 英寸,huawei_cn
HD75EDIJ,tv,huawei,华为,,,华为智慧屏 MateTV Pro,75 英寸,huawei_cn
HD8XEDIJ,tv,huawei,华为,,,华为智慧屏 MateTV Pro,85 英寸,huawei_cn
HD98EDIJ,tv,huawei,华为,,,华为智慧屏 MateTV Pro,98 英寸,huawei_cn
HD1XEDIJ,tv,huawei,华为,,,华为智慧屏 MateTV Max,110 英寸,huawei_cn
HD55KANB,tv,huawei,华为,,Kant,华为智慧屏 S 系列,55 60Hz (3GB+16GB),huawei_cn
HD55KANC,tv,huawei,华为,,Kant,华为智慧屏 S 系列,55 60Hz (3GB+32GB),huawei_cn
HD55KANS,tv,huawei,华为,,Kant,华为智慧屏 S 系列,Pro 55 120Hz (3GB+16GB),huawei_cn
HD65KANA,tv,huawei,华为,,Kant,华为智慧屏 S 系列,65 (3GB+16GB),huawei_cn
HD65KANS,tv,huawei,华为,,Kant,华为智慧屏 S 系列,Pro 65 (3GB+32GB),huawei_cn
HD75KANA,tv,huawei,华为,,Kant,华为智慧屏 S 系列,75 (3GB+16GB),huawei_cn
HD75KANS,tv,huawei,华为,,Kant,华为智慧屏 S 系列,Pro 75 (3GB+32GB),huawei_cn
HD55AJMA,tv,huawei,华为,,,华为智慧屏 S 二代,55 二代,huawei_cn
HD65AJMA,tv,huawei,华为,,,华为智慧屏 S 二代,65 二代,huawei_cn
HD75AJMA,tv,huawei,华为,,,华为智慧屏 S 二代,75 二代,huawei_cn
HD55DESU,tv,huawei,华为,,,华为智慧屏 S Pro,55i Pro,huawei_cn
HD65DESU,tv,huawei,华为,,,华为智慧屏 S Pro,65i Pro,huawei_cn
HD86KEPA,tv,huawei,华为,,Kepler,华为智慧屏 S Pro,86 Pro,huawei_cn
HD65AJMS,tv,huawei,华为,,,华为智慧屏 S3 Pro,65,huawei_cn
HD75AJMS,tv,huawei,华为,,,华为智慧屏 S3 Pro,75,huawei_cn
HD86AJMS,tv,huawei,华为,,,华为智慧屏 S3 Pro,86,huawei_cn
HDB5256H,tv,huawei,华为,,,华为智慧屏 S5,55,huawei_cn
HDB5266H,tv,huawei,华为,,,华为智慧屏 S5,65,huawei_cn
HDB5276H,tv,huawei,华为,,,华为智慧屏 S5,75,huawei_cn
HDB5286H,tv,huawei,华为,,,华为智慧屏 S5,85,huawei_cn
HDB525G6,tv,huawei,华为,,,华为智慧屏 S5 New,55,huawei_cn
HDB526G6,tv,huawei,华为,,,华为智慧屏 S5 New,65,huawei_cn
HDB527G6,tv,huawei,华为,,,华为智慧屏 S5 New,75,huawei_cn
HD85KUNM,tv,huawei,华为,,,华为智慧屏 S5 New,85,huawei_cn
HD65AJMN,tv,huawei,华为,,,华为智慧屏 S5 Pro,65,huawei_cn
HD75AJMN,tv,huawei,华为,,,华为智慧屏 S5 Pro,75,huawei_cn
HD86AJMN,tv,huawei,华为,,,华为智慧屏 S5 Pro,86,huawei_cn
HD65WATN,tv,huawei,华为,,,华为智慧屏 S5 Pro New,65,huawei_cn
HD75WATN,tv,huawei,华为,,,华为智慧屏 S5 Pro New,75,huawei_cn
HD86WATN,tv,huawei,华为,,,华为智慧屏 S5 Pro New,86,huawei_cn
HD55KULX,tv,huawei,华为,,,华为智慧屏 S6,55,huawei_cn
HD65KULX,tv,huawei,华为,,,华为智慧屏 S6,65,huawei_cn
HD75KULX,tv,huawei,华为,,,华为智慧屏 S6,75,huawei_cn
HD85KULX,tv,huawei,华为,,,华为智慧屏 S6,85,huawei_cn
HD6XAJMS,tv,huawei,华为,,,华为智慧屏 S6 Pro,65,huawei_cn
HD7XAJMS,tv,huawei,华为,,,华为智慧屏 S6 Pro,75,huawei_cn
HD8XAJMS,tv,huawei,华为,,,华为智慧屏 S6 Pro,85,huawei_cn
HD9XAJMS,tv,huawei,华为,,,华为智慧屏 S6 Pro,98,huawei_cn
HD55KLY26B,tv,huawei,华为,,,华为智慧屏 S7,55,huawei_cn
HD65KLY26B,tv,huawei,华为,,,华为智慧屏 S7,65,huawei_cn
HD75KLY26B,tv,huawei,华为,,,华为智慧屏 S7,75,huawei_cn
HD85KLY26B,tv,huawei,华为,,,华为智慧屏 S7,85,huawei_cn
HD98QINA,tv,huawei,华为,,,华为智慧屏 S7,98,huawei_cn
HD6XNEWN,tv,huawei,华为,,,华为智慧屏 S7 Pro,65,huawei_cn
HD7XNEWN,tv,huawei,华为,,,华为智慧屏 S7 Pro,75,huawei_cn
HD8XNEWN,tv,huawei,华为,,,华为智慧屏 S7 Pro,85,huawei_cn
HD9XNEWN,tv,huawei,华为,,,华为智慧屏 S7 Pro,98,huawei_cn
HD1XQINA,tv,huawei,华为,,,华为智慧屏 S7X Pro,65,huawei_cn
HD77QINA,tv,huawei,华为,,,华为智慧屏 S7X Pro,75,huawei_cn
HD85QINA,tv,huawei,华为,,,华为智慧屏 S7X Pro,85,huawei_cn
HD55DESA,tv,huawei,华为,,,华为智慧屏 SE 系列,55 (2GB+16GB),huawei_cn
HD55DESZ,tv,huawei,华为,,,华为智慧屏 SE 系列,55 畅连通话版 1080P (2GB+16GB),huawei_cn
HD55DESY,tv,huawei,华为,,,华为智慧屏 SE 系列,55 畅连通话版 1080P 金属底座 (2GB+16GB),huawei_cn
HD55DESV,tv,huawei,华为,,,华为智慧屏 SE 系列,55 畅连通话版 4K (2GB+16GB),huawei_cn
HD55DESS,tv,huawei,华为,,,华为智慧屏 SE 系列,55A 会员版 4K (2GB+16GB),huawei_cn
HD65DESA,tv,huawei,华为,,,华为智慧屏 SE 系列,65 (2GB+16GB),huawei_cn
HD65DESZ,tv,huawei,华为,,,华为智慧屏 SE 系列,65 畅连通话版 1080P (2GB+16GB),huawei_cn
HD65DESY,tv,huawei,华为,,,华为智慧屏 SE 系列,65 畅连通话版 1080P 金属底座 (2GB+16GB),huawei_cn
HD65DESV,tv,huawei,华为,,,华为智慧屏 SE 系列,65 畅连通话版 4K (2GB+16GB),huawei_cn
HD75DESA,tv,huawei,华为,,,华为智慧屏 SE 系列,75 (2GB+16GB),huawei_cn
HD43KHAA,tv,huawei,华为,,,华为智慧屏 SE 系列 2022,43 2022,huawei_cn
HD55KHAA,tv,huawei,华为,,,华为智慧屏 SE 系列 2022,55 2022,huawei_cn
HD55KHAS,tv,huawei,华为,,,华为智慧屏 SE 系列 2022,55 Pro 2022,huawei_cn
HD65KHAA,tv,huawei,华为,,,华为智慧屏 SE 系列 2022,65 2022,huawei_cn
HD65KHAS,tv,huawei,华为,,,华为智慧屏 SE 系列 2022,65 Pro 2022,huawei_cn
HD65FRUC,tv,huawei,华为,,,华为 Vision 智慧屏,Z65 电竞版,huawei_cn
HD75FRUC,tv,huawei,华为,,,华为 Vision 智慧屏,Z75 电竞版,huawei_cn
HD65MILA,tv,huawei,华为,,,华为 Vision 智慧屏,65,huawei_cn
HD75MILA,tv,huawei,华为,,,华为 Vision 智慧屏,75,huawei_cn
HD86KHAA,tv,huawei,华为,,,华为 Vision 智慧屏,86,huawei_cn
HD65QINA,tv,huawei,华为,,,华为 Vision 智慧屏 3,65,huawei_cn
HD75QINA,tv,huawei,华为,,,华为 Vision 智慧屏 3,75,huawei_cn
HD86QINA,tv,huawei,华为,,,华为 Vision 智慧屏 3,86,huawei_cn
HD55KUNA,tv,huawei,华为,,,华为 Vision 智慧屏 SE3,55,huawei_cn
HD65KUNA,tv,huawei,华为,,,华为 Vision 智慧屏 SE3,65,huawei_cn
HD75KUNA,tv,huawei,华为,,,华为 Vision 智慧屏 SE3,75,huawei_cn
HD6XQINA,tv,huawei,华为,,,华为 Vision 智慧屏 4,65,huawei_cn
HD7XQINA,tv,huawei,华为,,,华为 Vision 智慧屏 4,75,huawei_cn
HD8XQINA,tv,huawei,华为,,,华为 Vision 智慧屏 4,86,huawei_cn
HD65ARIN,tv,huawei,华为,,,华为 Vision 智慧屏 4 New,65,huawei_cn
HD75ARIN,tv,huawei,华为,,,华为 Vision 智慧屏 4 New,75,huawei_cn
HD86ARIN,tv,huawei,华为,,,华为 Vision 智慧屏 4 New,86,huawei_cn
HD55KUNL,tv,huawei,华为,,,华为 Vision 智慧屏 4 SE,55,huawei_cn
HD65KUNL,tv,huawei,华为,,,华为 Vision 智慧屏 4 SE,65,huawei_cn
HD75KUNL,tv,huawei,华为,,,华为 Vision 智慧屏 4 SE,75,huawei_cn
HD85KUNL,tv,huawei,华为,,,华为 Vision 智慧屏 4 SE,85,huawei_cn
HD75ARQD,tv,huawei,华为,,,华为 Vision 智慧屏 4 Pro,75,huawei_cn
HD85ARQD,tv,huawei,华为,,,华为 Vision 智慧屏 4 Pro,85,huawei_cn
HD6XAJMN,tv,huawei,华为,,,华为 Vision 智慧屏 5,65,huawei_cn
HD7XAJMN,tv,huawei,华为,,,华为 Vision 智慧屏 5,75,huawei_cn
HD8XAJMN,tv,huawei,华为,,,华为 Vision 智慧屏 5,85,huawei_cn
HD9XAJMN,tv,huawei,华为,,,华为 Vision 智慧屏 5,98,huawei_cn
HD55KULU,tv,huawei,华为,,,华为 Vision 智慧屏 5 SE,55,huawei_cn
HDB525A9,tv,huawei,华为,,,华为 Vision 智慧屏 5 SE,优享版 55,huawei_cn
HD65KULU,tv,huawei,华为,,,华为 Vision 智慧屏 5 SE,65,huawei_cn
HDB526A9,tv,huawei,华为,,,华为 Vision 智慧屏 5 SE,优享版 65,huawei_cn
HD75KULU,tv,huawei,华为,,,华为 Vision 智慧屏 5 SE,75,huawei_cn
HDB527A9,tv,huawei,华为,,,华为 Vision 智慧屏 5 SE,优享版 75,huawei_cn
HD85KULU,tv,huawei,华为,,,华为 Vision 智慧屏 5 SE,85,huawei_cn
HD65NEWN,tv,huawei,华为,,,华为 Vision 智慧屏 5 Pro,65,huawei_cn
HD75NEWN,tv,huawei,华为,,,华为 Vision 智慧屏 5 Pro,75,huawei_cn
HD85NEWN,tv,huawei,华为,,,华为 Vision 智慧屏 5 Pro,85,huawei_cn
HD6XWATN,tv,huawei,华为,,,华为 Vision 智慧屏 6,65,huawei_cn
HD7XWATN,tv,huawei,华为,,,华为 Vision 智慧屏 6,75,huawei_cn
HD8XWATN,tv,huawei,华为,,,华为 Vision 智慧屏 6,85,huawei_cn
HD9XWATN,tv,huawei,华为,,,华为 Vision 智慧屏 6,98,huawei_cn
HD55KLY26A,tv,huawei,华为,,,华为 Vision 智慧屏 6 SE,55,huawei_cn
HD55KLY26E,tv,huawei,华为,,,华为 Vision 智慧屏 6 SE,RGB 55,huawei_cn
HD65KLY26A,tv,huawei,华为,,,华为 Vision 智慧屏 6 SE,65,huawei_cn
HD65KLY26E,tv,huawei,华为,,,华为 Vision 智慧屏 6 SE,RGB 65,huawei_cn
HD75KLY26A,tv,huawei,华为,,,华为 Vision 智慧屏 6 SE,75,huawei_cn
HD75KLY26E,tv,huawei,华为,,,华为 Vision 智慧屏 6 SE,RGB 75,huawei_cn
HD85KLY26A,tv,huawei,华为,,,华为 Vision 智慧屏 6 SE,85,huawei_cn
HD1XAJMS,tv,huawei,华为,,,华为 Vision 智慧屏 6 Pro,65,huawei_cn
HD77AJMS,tv,huawei,华为,,,华为 Vision 智慧屏 6 Pro,75,huawei_cn
HD85AJMS,tv,huawei,华为,,,华为 Vision 智慧屏 6 Pro,85,huawei_cn
HD98AJMS,tv,huawei,华为,,,华为 Vision 智慧屏 6 Pro,98,huawei_cn
HD55DESB,tv,huawei,华为,,,华为智慧屏 B 系列,3-500,huawei_cn
HD65DESB,tv,huawei,华为,,,华为智慧屏 B 系列,3-600,huawei_cn
HDB325A7,tv,huawei,华为,,,华为智慧屏 B 系列,3 55,huawei_cn
HDB326A7,tv,huawei,华为,,,华为智慧屏 B 系列,3 65,huawei_cn
HD55KANY,tv,huawei,华为,,,华为智慧屏 B 系列,5-510,huawei_cn
HD65KANY,tv,huawei,华为,,,华为智慧屏 B 系列,5-610,huawei_cn
HEGE-550AX,tv,huawei,华为,,,华为智慧屏 B 系列,7-500,huawei_cn
HEGE-550X,tv,huawei,华为,,,华为智慧屏 B 系列,7-510,huawei_cn
HD65FRUN,tv,huawei,华为,,,华为智慧屏 B 系列,7 65,huawei_cn
HD75FRUN,tv,huawei,华为,,,华为智慧屏 B 系列,7 75,huawei_cn
HD86FRUN,tv,huawei,华为,,,华为智慧屏 B 系列,7 86,huawei_cn
HDB729A7,tv,huawei,华为,,,华为智慧屏 B 系列,9 98,huawei_cn
BLM-00,pad,huawei,华为,,,华为小精灵学习智慧屏,,huawei_cn
BLM-00,pad,huawei,华为,,,华为智慧屏便携版,,huawei_cn
BLM-00,pad,huawei,华为,,,华为全屋智能中控屏（桌面版）,,huawei_cn
Leo-B09,watch,huawei,华为,,Leo,HUAWEI WATCH 2,蓝牙版,huawei_cn
Leo-B19,watch,huawei,华为,,Leo,HUAWEI WATCH 2,Classic,huawei_cn
Leo-L00E,watch,huawei,华为,,Leo,HUAWEI WATCH 2,2018,huawei_cn
Leo-L09S,watch,huawei,华为,,Leo,HUAWEI WATCH 2,4G,huawei_cn
Leo-L19E,watch,huawei,华为,,Leo,HUAWEI WATCH 2,Pro,huawei_cn
LEO-DLXXU,watch,huawei,华为,,Leo,HUAWEI WATCH 2,Smartwatch,huawei_cn
GLL-AL00,watch,huawei,华为,,Galileo,HUAWEI WATCH 3,,huawei_cn
GLL-AL30,watch,huawei,华为,,Galileo,HUAWEI WATCH 3,,huawei_cn
GLL-AL01,watch,huawei,华为,,GalileoPro,HUAWEI WATCH 3 Pro,,huawei_cn
GLL-AL08,watch,huawei,华为,,GalileoPro,HUAWEI WATCH 3 Pro new,时尚款,huawei_cn
GLL-AL09,watch,huawei,华为,,GalileoPro,HUAWEI WATCH 3 Pro new,尊享款,huawei_cn
ARC-AL00,watch,huawei,华为,,Archi,HUAWEI WATCH 4,,huawei_cn
MDS-AL00,watch,huawei,华为,,Medes,HUAWEI WATCH 4 Pro,,huawei_cn
MDS-AL10,watch,huawei,华为,,Medes,HUAWEI WATCH 4 Pro,,huawei_cn
SOC-AL00,watch,huawei,华为,,Socrates,HUAWEI WATCH 5,42mm,huawei_cn
SOC-AL00,watch,huawei,华为,,Socrates,HUAWEI WATCH 十周年款,42mm,huawei_cn
RTS-AL00,watch,huawei,华为,,,HUAWEI WATCH 5,46mm,huawei_cn
RTS-AL00,watch,huawei,华为,,,HUAWEI WATCH 十周年款,46mm,huawei_cn
CLB-B19,watch,huawei,华为,,,HUAWEI WATCH Ultimate,非凡大师,huawei_cn
WDS-B19,watch,huawei,华为,,Woods,HUAWEI WATCH Ultimate,非凡探索,huawei_cn
MCH-AL00,watch,huawei,华为,,,HUAWEI WATCH Ultimate 2,非凡探索,huawei_cn
CLB-B19,watch,huawei,华为,,,HUAWEI WATCH ULTIMATE DESIGN 非凡大师,黄金款,huawei_cn
EDD-B39,watch,huawei,华为,,,HUAWEI WATCH ULTIMATE DESIGN 非凡大师,蓝宝石黄金款,huawei_cn
LNG-AL00,watch,huawei,华为,,,HUAWEI WATCH ULTIMATE DESIGN 非凡大师,紫金款,huawei_cn
CHC-AL00,watch,huawei,华为,,,HUAWEI WATCH ULTIMATE DESIGN 非凡大师,星钻绽放,huawei_cn
ELA-B19,watch,huawei,华为,,,HUAWEI WATCH GT,雅致款,huawei_cn
FTN-B19,watch,huawei,华为,,,HUAWEI WATCH GT,时尚版/运动版,huawei_cn
DAN-B19,watch,huawei,华为,,,HUAWEI WATCH GT 2,42mm,huawei_cn
LTN-B19,watch,huawei,华为,,,HUAWEI WATCH GT 2,46mm,huawei_cn
HCT-B19,watch,huawei,华为,,,HUAWEI WATCH GT 2e,,huawei_cn
VID-B19,watch,huawei,华为,,Vidar,HUAWEI WATCH GT 2 Pro,,huawei_cn
VID-B99,watch,huawei,华为,,Vidar,HUAWEI WATCH GT 2 Pro,ECG,huawei_cn
MIL-B19,watch,huawei,华为,,Milo,HUAWEI WATCH GT 3,42mm,huawei_cn
JPT-B19,watch,huawei,华为,,Jupiter,HUAWEI WATCH GT 3,46mm,huawei_cn
JPT-B29,watch,huawei,华为,,Jupiter,HUAWEI WATCH GT 3,46mm,huawei_cn
FRG-B19,watch,huawei,华为,,Frigga,HUAWEI WATCH GT 3 Pro,43mm,huawei_cn
ODN-B19,watch,huawei,华为,,Odin,HUAWEI WATCH GT 3 Pro,46mm,huawei_cn
FRG-B19,watch,huawei,华为,,Frigga,HUAWEI WATCH GT 3 Pro 典藏版,,huawei_cn
ODN-B19,watch,huawei,华为,,Odin,HUAWEI WATCH GT 3 保时捷设计,,huawei_cn
ARA-B19,watch,huawei,华为,,,HUAWEI WATCH GT 4,41mm,huawei_cn
PNX-B19,watch,huawei,华为,,,HUAWEI WATCH GT 4,46mm,huawei_cn
JNA-B19,watch,huawei,华为,,Jana,HUAWEI WATCH GT 5,41mm,huawei_cn
VLI-B19,watch,huawei,华为,,Vili,HUAWEI WATCH GT 5,46mm,huawei_cn
JNA-B29,watch,huawei,华为,,Jana,HUAWEI WATCH GT 5 Pro,42mm,huawei_cn
VLI-B29,watch,huawei,华为,,Vilipro,HUAWEI WATCH GT 5 Pro,46mm,huawei_cn
KSU-B19,watch,huawei,华为,,Konsu,HUAWEI WATCH GT 6,41mm,huawei_cn
ATM-B19,watch,huawei,华为,,Atum,HUAWEI WATCH GT 6,46mm,huawei_cn
KSU-B29,watch,huawei,华为,,Konsu,HUAWEI WATCH GT 6 Pro,42mm,huawei_cn
ATM-B29,watch,huawei,华为,,Atum,HUAWEI WATCH GT 6 Pro,46mm,huawei_cn
NSU-B39,watch,huawei,华为,,,HUAWEI WATCH GT 7,41mm,huawei_cn
TUM-B39,watch,huawei,华为,,,HUAWEI WATCH GT 7,46mm,huawei_cn
TUM-B49,watch,huawei,华为,,,HUAWEI WATCH GT 7 Pro,46mm,huawei_cn
RUN-B19,watch,huawei,华为,,Runner,HUAWEI WATCH GT Runner,,huawei_cn
RUN-B29,watch,huawei,华为,,Runner,HUAWEI WATCH GT Runner,,huawei_cn
CHT-B19,watch,huawei,华为,,Chitu,HUAWEI WATCH GT Runner 2,,huawei_cn
OCF-B29,watch,huawei,华为,,,HUAWEI WATCH GT 2022 典藏版,,huawei_cn
AND-B19,watch,huawei,华为,,Arnold,HUAWEI WATCH GT Cyber,,huawei_cn
TIA-B19,watch,huawei,华为,,,HUAWEI WATCH FIT,,huawei_cn
TIA-B19,watch,huawei,华为,,,HUAWEI WATCH FIT,new,huawei_cn
TIA-B29,watch,huawei,华为,,,HUAWEI WATCH FIT,雅致款,huawei_cn
TIA-B39,watch,huawei,华为,,,HUAWEI WATCH FIT mini,,huawei_cn
YDA-B09S,watch,huawei,华为,,Yoda,HUAWEI WATCH FIT 2,活力款,huawei_cn
YDA-B19S,watch,huawei,华为,,Yoda,HUAWEI WATCH FIT 2,活力款,huawei_cn
YDA-B19V,watch,huawei,华为,,Yoda,HUAWEI WATCH FIT 2,雅致款 / 时尚款,huawei_cn
SLO-B19,watch,huawei,华为,,Solo,HUAWEI WATCH FIT 3,,huawei_cn
SYA-B19,watch,huawei,华为,,Seiya,HUAWEI WATCH FIT 4,,huawei_cn
SYA-B29,watch,huawei,华为,,Seiya,HUAWEI WATCH FIT 4 Pro,,huawei_cn
NKI-B19,watch,huawei,华为,,,HUAWEI WATCH FIT 5,,huawei_cn
NKI-B29,watch,huawei,华为,,,HUAWEI WATCH FIT 5 Pro,,huawei_cn
MLY-B10,watch,huawei,华为,,,HUAWEI WATCH D,黑色氟橡胶表带,huawei_cn
MLY-B11,watch,huawei,华为,,,HUAWEI WATCH D,米白色氟橡胶表带,huawei_cn
LCA-B10,watch,huawei,华为,,Luca,HUAWEI WATCH D2,幻夜黑,huawei_cn
LCA-B11,watch,huawei,华为,,Luca,HUAWEI WATCH D2,晨曦金,huawei_cn
LCA-B29,watch,huawei,华为,,Luca,HUAWEI WATCH D2,星云蓝,huawei_cn
SGA-B19,watch,huawei,华为,,Saga,HUAWEI WATCH Buds,,huawei_cn
LBA-B19,watch,huawei,华为,,,HUAWEI WATCH Buds 2,,huawei_cn
MIL-B29B,watch,huawei,华为,,Milo,HUAWEI WATCH B5,532,huawei_cn
JPT-B29B,watch,huawei,华为,,Jupiter,HUAWEI WATCH B5,536,huawei_cn
ODN-B99,watch,huawei,华为,,Odin,HUAWEI WATCH B5,736,huawei_cn
GLL-AL30B,watch,huawei,华为,,Galileo,HUAWEI WATCH B7,536,huawei_cn
GLL-AL09B,watch,huawei,华为,,GalileoPro,HUAWEI WATCH B7,738,huawei_cn
MLY-B10,watch,huawei,华为,,,HUAWEI WATCH B9,D10,huawei_cn
SYA-B19B,watch,huawei,华为,,Seiya,华为擎云 H3540,,huawei_cn
SLO-B19,watch,huawei,华为,,Solo,华为擎云 H3Y10,,huawei_cn
PNX-B19B,watch,huawei,华为,,Phoinix,华为擎云 H5546,,huawei_cn
VLI-B19B,watch,huawei,华为,,Vili,华为擎云 H5556,,huawei_cn
ATM-B19B,watch,huawei,华为,,Atum,华为擎云 H5566,,huawei_cn
VLI-B29B,watch,huawei,华为,,Vilipro,华为擎云 H5756,,huawei_cn
ARC-AL2B,watch,huawei,华为,,Archi,华为擎云 H7546,,huawei_cn
RTS-AL2B,watch,huawei,华为,,,华为擎云 H7556,,huawei_cn
LCA-B12,watch,huawei,华为,,Luca,华为擎云 H9D20,,huawei_cn
ERS-B29,band,huawei,华为,,,华为运动手环,,huawei_cn
TER-B09,band,huawei,华为,,Terra,华为手环 3,,huawei_cn
TER-B29,band,huawei,华为,,Terra,华为手环 3 Pro,,huawei_cn
AW70-B29,band,huawei,华为,,,华为手环 3e,,huawei_cn
ADS-B29,band,huawei,华为,,,华为手环 4,,huawei_cn
TER-B29S,band,huawei,华为,,Terra,华为手环 4 Pro,,huawei_cn
AW70-B39,band,huawei,华为,,,华为手环 4e,,huawei_cn
AW70-B49,band,huawei,华为,,,华为手环 4e,活力版,huawei_cn
FRA-B19,band,huawei,华为,,,华为手环 6,标准版,huawei_cn
FRA-B29,band,huawei,华为,,,华为手环 6,NFC 版,huawei_cn
FRA-B29B,band,huawei,华为,,,华为手环 6,B20,huawei_cn
FRA-B39,band,huawei,华为,,,华为手环 6 Pro,,huawei_cn
LEA-B19,band,huawei,华为,,,华为手环 7,标准版,huawei_cn
LEA-B29,band,huawei,华为,,,华为手环 7,NFC 版,huawei_cn
ASK-B19,band,huawei,华为,,,华为手环 8,标准版,huawei_cn
ASK-B29,band,huawei,华为,,,华为手环 8,NFC 版,huawei_cn
KIM-B19,band,huawei,华为,,Kimi,华为手环 9,标准版,huawei_cn
KIM-B29,band,huawei,华为,,Kimi,华为手环 9,NFC 版,huawei_cn
NOR-B19,band,huawei,华为,,,华为手环 10,标准版 (增强型聚合纤维表壳),huawei_cn
NOR-B29,band,huawei,华为,,,华为手环 10,标准版 (铝合金表壳),huawei_cn
NOR-B39,band,huawei,华为,,,华为手环 10,NFC 版,huawei_cn
CDY-B19,band,huawei,华为,,,华为手环 11,标准版 (增强型聚合纤维表壳),huawei_cn
CDY-B29,band,huawei,华为,,,华为手环 11,标准版 (铝合金表壳),huawei_cn
CDY-B39,band,huawei,华为,,,华为手环 11,NFC 版,huawei_cn
CDY-B59,band,huawei,华为,,,华为手环 11,Pro,huawei_cn
GMN-BX9,band,huawei,华为,,Gemini,华为手环 B3,,huawei_cn
GRU-B09,band,huawei,华为,,,华为手环 B3 青春版,,huawei_cn
JNS-BX9,band,huawei,华为,,Janus,华为手环 B5,,huawei_cn
FDS-B19,band,huawei,华为,,Fides,华为手环 B6,,huawei_cn
FDS-B49,band,huawei,华为,,Fides,华为通话手环 B7,,huawei_cn
LEA-B29B,band,huawei,华为,,,华为手环 BA-570,,huawei_cn
ASK-B29B,band,huawei,华为,,,华为擎云 HA580,,huawei_cn
KIM-B19B,band,huawei,华为,,Kimi,华为擎云 HA590,,huawei_cn
KIM-B29B,band,huawei,华为,,Kimi,华为擎云 HA590,,huawei_cn
NOR-B39B,band,huawei,华为,,,华为擎云 HA5A0,,huawei_cn
CDY-B19B,band,huawei,华为,,,华为擎云 HA5B0,,huawei_cn
NOR-B19,band,huawei,华为,,,华为擎云 HAY20,,huawei_cn
SIM-AL00,watch,huawei,华为,,Simba,华为儿童手表 3 Pro,,huawei_cn
NEO-AL10,watch,huawei,华为,,Nemo,华为儿童手表 3s,,huawei_cn
ALX-AL10,watch,huawei,华为,,Alex,华为儿童手表 3X,,huawei_cn
ASN-AL10,watch,huawei,华为,,,华为儿童手表 4 Pro,,huawei_cn
NIK-AL00,watch,huawei,华为,,Nick,华为儿童手表 4X,,huawei_cn
KTY-L10,watch,huawei,华为,,,华为儿童手表 5,,huawei_cn
KTY-L10D,watch,huawei,华为,,,华为儿童手表 5,新耀版,huawei_cn
TGR-L10,watch,huawei,华为,,,华为儿童手表 5 Pro,,huawei_cn
ALA-AL10,watch,huawei,华为,,,华为儿童手表 5X,,huawei_cn
AHP-AL10,watch,huawei,华为,,,华为儿童手表 5X Pro,,huawei_cn
DRA-L10,watch,huawei,华为,,,华为超新星手表 X1,,huawei_cn
DRP-L10,watch,huawei,华为,,,华为超新星手表 X1 Pro,,huawei_cn
CMG0-PER,glass,huawei,华为,,,HUAWEI X GENTLE MONSTER Eyewear,,huawei_cn
FIJ-CG020,glass,huawei,华为,,,HUAWEI X GENTLE MONSTER Eyewear II,,huawei_cn
EVI-CG010,glass,huawei,华为,,,华为智能眼镜,,huawei_cn
LFT-G00,glass,huawei,华为,,,华为智能眼镜 2,,huawei_cn
ALI-CG01,glass,huawei,华为,,,HUAWEI Vision Glass,,huawei_cn
AIL-G01,glass,huawei,华为,,,华为 AI 眼镜,,huawei_cn
HUAWEI U9500,mob,huawei,华为,,,华为 Ascend D1,,huawei_cn
HUAWEI U9500E,mob,huawei,华为,,,华为 Ascend D1,XL,huawei_cn
HUAWEI U9510,mob,huawei,华为,,,华为 Ascend D1,四核,huawei_cn
HUAWEI U9510E,mob,huawei,华为,,,华为 Ascend D1,四核 XL,huawei_cn
HUAWEI T9510E,mob,huawei,华为,,,华为 Ascend D1,四核 XL 移动版,huawei_cn
HUAWEI D2-5000,mob,huawei,华为,,,华为 Ascend D2,移动 3G 版,huawei_cn
HUAWEI D2-6070,mob,huawei,华为,,,华为 Ascend D2,移动 4G 版,huawei_cn
HUAWEI D2-0082,mob,huawei,华为,,,华为 Ascend D2,联通版,huawei_cn
HUAWEI D2-2010,mob,huawei,华为,,,华为 Ascend D2,电信版,huawei_cn
MT7-L09,mob,huawei,HUAWEI,,Jazz,HUAWEI Ascend Mate 7,Single SIM,huawei_global_en
MT7-TL10,mob,huawei,HUAWEI,,Jazz,HUAWEI Ascend Mate 7,Dual SIM,huawei_global_en
CRR-L09,mob,huawei,HUAWEI,,Carrera,HUAWEI Mate S,Single SIM,huawei_global_en
CRR-UL00,mob,huawei,HUAWEI,,Carrera,HUAWEI Mate S,Dual SIM,huawei_global_en
NXT-L09,mob,huawei,HUAWEI,,Next,HUAWEI Mate 8,Single SIM,huawei_global_en
NXT-L29,mob,huawei,HUAWEI,,Next,HUAWEI Mate 8,Dual SIM,huawei_global_en
MHA-L09,mob,huawei,HUAWEI,,Manhattan,HUAWEI Mate 9,Single SIM,huawei_global_en
MHA-L29,mob,huawei,HUAWEI,,Manhattan,HUAWEI Mate 9,Dual SIM,huawei_global_en
LON-L29,mob,huawei,HUAWEI,,Longland,HUAWEI Mate 9 Pro,Dual SIM,huawei_global_en
LON-L29,mob,huawei,HUAWEI,,Longland,PORSCHE DESIGN HUAWEI Mate 9,Dual SIM,huawei_global_en
ALP-L09,mob,huawei,HUAWEI,,Alps,HUAWEI Mate 10,Single SIM,huawei_global_en
ALP-L29,mob,huawei,HUAWEI,,Alps,HUAWEI Mate 10,Dual SIM,huawei_global_en
BLA-L09,mob,huawei,HUAWEI,,Blanc,HUAWEI Mate 10 Pro,Single SIM,huawei_global_en
BLA-A09,mob,huawei,HUAWEI,,Blanc,HUAWEI Mate 10 Pro,United States,huawei_global_en
BLA-L29,mob,huawei,HUAWEI,,Blanc,HUAWEI Mate 10 Pro,Dual SIM,huawei_global_en
BLA-A09,mob,huawei,HUAWEI,,Blanc,PORSCHE DESIGN HUAWEI Mate 10,United States,huawei_global_en
BLA-L29,mob,huawei,HUAWEI,,Blanc,PORSCHE DESIGN HUAWEI Mate 10,Dual SIM,huawei_global_en
RNE-L01,mob,huawei,HUAWEI,,Rhone,HUAWEI Mate 10 Lite,Single SIM,huawei_global_en
RNE-L03,mob,huawei,HUAWEI,,Rhone,HUAWEI Mate 10 Lite,Single SIM,huawei_global_en
RNE-L21,mob,huawei,HUAWEI,,Rhone,HUAWEI Mate 10 Lite,Dual SIM,huawei_global_en
RNE-L23,mob,huawei,HUAWEI,,Rhone,HUAWEI Mate 10 Lite,Dual SIM,huawei_global_en
BND-L34,mob,huawei,HUAWEI,,Bond,HUAWEI Mate SE,United States,huawei_global_en
NEO-L29,mob,huawei,HUAWEI,,Neo,PORSCHE DESIGN HUAWEI Mate RS,Dual SIM,huawei_global_en
HMA-L09,mob,huawei,HUAWEI,,Hima,HUAWEI Mate 20,Single SIM,huawei_global_en
HMA-L29,mob,huawei,HUAWEI,,Hima,HUAWEI Mate 20,Dual SIM,huawei_global_en
LYA-L09,mob,huawei,HUAWEI,,Laya,HUAWEI Mate 20 Pro,Single SIM,huawei_global_en
LYA-L0C,mob,huawei,HUAWEI,,Laya,HUAWEI Mate 20 Pro,Single SIM,huawei_global_en
LYA-L29,mob,huawei,HUAWEI,,Laya,HUAWEI Mate 20 Pro,Dual SIM,huawei_global_en
EVR-L29,mob,huawei,HUAWEI,,Ever,HUAWEI Mate 20 X,Dual SIM,huawei_global_en
EVR-N29,mob,huawei,HUAWEI,,Ever,HUAWEI Mate 20 X,5G Dual SIM,huawei_global_en
LYA-L29,mob,huawei,HUAWEI,,Laya,PORSCHE DESIGN HUAWEI Mate 20 RS,Dual SIM,huawei_global_en
SNE-LX1,mob,huawei,HUAWEI,,Sydneym,HUAWEI Mate 20 lite,,huawei_global_en
SNE-LX2,mob,huawei,HUAWEI,,Sydneym,HUAWEI Mate 20 lite,,huawei_global_en
SNE-LX3,mob,huawei,HUAWEI,,Sydneym,HUAWEI Mate 20 lite,,huawei_global_en
TAS-L09,mob,huawei,HUAWEI,,Taurus,HUAWEI Mate 30,Single SIM,huawei_global_en
TAS-L29,mob,huawei,HUAWEI,,Taurus,HUAWEI Mate 30,Dual SIM,huawei_global_en
LIO-L09,mob,huawei,HUAWEI,,Lion,HUAWEI Mate 30 Pro,Single SIM,huawei_global_en
LIO-L29,mob,huawei,HUAWEI,,Lion,HUAWEI Mate 30 Pro,Dual SIM,huawei_global_en
LIO-N29,mob,huawei,HUAWEI,,Lion,HUAWEI Mate 30 Pro,5G Dual SIM,huawei_global_en
LIO-N29,mob,huawei,HUAWEI,,Lion,PORSCHE DESIGN HUAWEI Mate 30 RS,Dual SIM,huawei_global_en
NOH-NX9,mob,huawei,HUAWEI,,Noah,HUAWEI Mate 40 Pro,5G Dual SIM,huawei_global_en
CET-LX9,mob,huawei,HUAWEI,,Cetus,HUAWEI Mate 50,,huawei_global_en
DCO-LX9,mob,huawei,HUAWEI,,Draco,HUAWEI Mate 50 Pro,,huawei_global_en
ALN-LX9,mob,huawei,HUAWEI,,Allen,HUAWEI Mate 60 Pro,,huawei_global_en
PLR-L29,mob,huawei,HUAWEI,,Pillar,HUAWEI Mate 70 Pro,,huawei_global_en
SGT-LX9,mob,huawei,HUAWEI,,Sagittarius,HUAWEI Mate 80 Pro,,huawei_global_en
TAH-N29m,mob,huawei,HUAWEI,,Tahiti,HUAWEI Mate Xs,Dual SIM,huawei_global_en
PAL-LX9,mob,huawei,HUAWEI,,Palau,HUAWEI Mate Xs 2,,huawei_global_en
PAL-L29,mob,huawei,HUAWEI,,Palau,HUAWEI Mate Xs 2,,huawei_global_en
ALT-L29,mob,huawei,HUAWEI,,Alta,HUAWEI Mate X3,,huawei_global_en
ICL-LX9,mob,huawei,HUAWEI,,Iceland,HUAWEI Mate X6,,huawei_global_en
DEL-LX9,mob,huawei,HUAWEI,,Delphi,HUAWEI Mate X7,,huawei_global_en
GRL-LX9,mob,huawei,HUAWEI,,Greenlan,HUAWEI Mate XT ULTIMATE DESIGN,,huawei_global_en
P6-U06,mob,huawei,HUAWEI,,,HUAWEI Ascend P6,Single SIM,huawei_global_en
P7-L10,mob,huawei,HUAWEI,,Sophia,HUAWEI Ascend P7,,huawei_global_en
P7-L11,mob,huawei,HUAWEI,,Sophia,HUAWEI Ascend P7,,huawei_global_en
P7-L12,mob,huawei,HUAWEI,,Sophia,HUAWEI Ascend P7,,huawei_global_en
GRA-L09,mob,huawei,HUAWEI,,Grace,HUAWEI P8,Single SIM,huawei_global_en
GRA-UL00,mob,huawei,HUAWEI,,Grace,HUAWEI P8,Dual SIM,huawei_global_en
GRA-UL10,mob,huawei,HUAWEI,,Grace,HUAWEI P8,Dual SIM,huawei_global_en
ALE-L02,mob,huawei,HUAWEI,,Alice,HUAWEI P8 Lite,,huawei_global_en
ALE-L04,mob,huawei,HUAWEI,,Alice,HUAWEI P8 Lite,,huawei_global_en
ALE-L21,mob,huawei,HUAWEI,,Alice,HUAWEI P8 Lite,,huawei_global_en
ALE-L23,mob,huawei,HUAWEI,,Alice,HUAWEI P8 Lite,,huawei_global_en
PRA-LA1,mob,huawei,HUAWEI,,Prague,HUAWEI P8 lite 2017,,huawei_global_en
PRA-LX1,mob,huawei,HUAWEI,,Prague,HUAWEI P8 lite 2017,,huawei_global_en
EVA-L09,mob,huawei,HUAWEI,,Eva,HUAWEI P9,Single SIM,huawei_global_en
EVA-L19,mob,huawei,HUAWEI,,Eva,HUAWEI P9,Dual SIM,huawei_global_en
EVA-L29,mob,huawei,HUAWEI,,Eva,HUAWEI P9,Dual SIM,huawei_global_en
VIE-L09,mob,huawei,HUAWEI,,Vienna,HUAWEI P9 Plus,Single SIM,huawei_global_en
VIE-L29,mob,huawei,HUAWEI,,Vienna,HUAWEI P9 Plus,Dual SIM,huawei_global_en
VNS-L21,mob,huawei,HUAWEI,,Venus,HUAWEI P9 lite,,huawei_global_en
VNS-L22,mob,huawei,HUAWEI,,Venus,HUAWEI P9 lite,,huawei_global_en
VNS-L23,mob,huawei,HUAWEI,,Venus,HUAWEI P9 lite,,huawei_global_en
VNS-L31,mob,huawei,HUAWEI,,Venus,HUAWEI P9 lite,,huawei_global_en
VNS-L52,mob,huawei,HUAWEI,,Venus,HUAWEI P9 lite,,huawei_global_en
VNS-L53,mob,huawei,HUAWEI,,Venus,HUAWEI P9 lite,,huawei_global_en
VNS-L62,mob,huawei,HUAWEI,,Venus,HUAWEI P9 lite,,huawei_global_en
VTR-L09,mob,huawei,HUAWEI,,Victoria,HUAWEI P10,Single SIM,huawei_global_en
VTR-L29,mob,huawei,HUAWEI,,Victoria,HUAWEI P10,Dual SIM,huawei_global_en
VKY-L09,mob,huawei,HUAWEI,,Vicky,HUAWEI P10 Plus,Single SIM,huawei_global_en
VKY-L29,mob,huawei,HUAWEI,,Vicky,HUAWEI P10 Plus,Dual SIM,huawei_global_en
WAS-LX1,mob,huawei,HUAWEI,,Warsaw,HUAWEI P10 lite,,huawei_global_en
WAS-LX1A,mob,huawei,HUAWEI,,Warsaw,HUAWEI P10 lite,,huawei_global_en
WAS-LX2,mob,huawei,HUAWEI,,Warsaw,HUAWEI P10 lite,,huawei_global_en
WAS-LX2J,mob,huawei,HUAWEI,,Warsaw,HUAWEI P10 lite,,huawei_global_en
WAS-LX3,mob,huawei,HUAWEI,,Warsaw,HUAWEI P10 lite,,huawei_global_en
WAS-L03T,mob,huawei,HUAWEI,,Warsaw,HUAWEI P10 lite,,huawei_global_en
EML-L09,mob,huawei,HUAWEI,,Emily,HUAWEI P20,Single SIM,huawei_global_en
EML-L29,mob,huawei,HUAWEI,,Emily,HUAWEI P20,Dual SIM,huawei_global_en
CLT-L04,mob,huawei,HUAWEI,,Charlotte,HUAWEI P20 Pro,Single SIM,huawei_global_en
CLT-L09,mob,huawei,HUAWEI,,Charlotte,HUAWEI P20 Pro,Single SIM,huawei_global_en
CLT-L29,mob,huawei,HUAWEI,,Charlotte,HUAWEI P20 Pro,Dual SIM,huawei_global_en
ANE-LX1,mob,huawei,HUAWEI,,Anne,HUAWEI P20 lite,,huawei_global_en
ANE-LX2,mob,huawei,HUAWEI,,Anne,HUAWEI P20 lite,,huawei_global_en
ANE-LX2J,mob,huawei,HUAWEI,,Anne,HUAWEI P20 lite,,huawei_global_en
ANE-LX3,mob,huawei,HUAWEI,,Anne,HUAWEI P20 lite,,huawei_global_en
ELE-L09,mob,huawei,HUAWEI,,Elle,HUAWEI P30,Single SIM,huawei_global_en
ELE-L29,mob,huawei,HUAWEI,,Elle,HUAWEI P30,Dual SIM,huawei_global_en
VOG-L09,mob,huawei,HUAWEI,,Vogue,HUAWEI P30 Pro,Single SIM,huawei_global_en
VOG-L29,mob,huawei,HUAWEI,,Vogue,HUAWEI P30 Pro,Dual SIM,huawei_global_en
MAR-LX1A,mob,huawei,HUAWEI,,Marie,HUAWEI P30 lite,,huawei_global_en
MAR-LX1Am,mob,huawei,HUAWEI,,Marie,HUAWEI P30 lite,,huawei_global_en
MAR-LX1B,mob,huawei,HUAWEI,,Marie,HUAWEI P30 lite,,huawei_global_en
MAR-LX1M,mob,huawei,HUAWEI,,Marie,HUAWEI P30 lite,,huawei_global_en
MAR-LX1Mm,mob,huawei,HUAWEI,,Marie,HUAWEI P30 lite,,huawei_global_en
MAR-LX2,mob,huawei,HUAWEI,,Marie,HUAWEI P30 lite,,huawei_global_en
MAR-LX2m,mob,huawei,HUAWEI,,Marie,HUAWEI P30 lite,,huawei_global_en
MAR-LX2B,mob,huawei,HUAWEI,,Marie,HUAWEI P30 lite,,huawei_global_en
MAR-LX2J,mob,huawei,HUAWEI,,Marie,HUAWEI P30 lite,,huawei_global_en
MAR-LX3A,mob,huawei,HUAWEI,,Marie,HUAWEI P30 lite,,huawei_global_en
MAR-LX3Am,mob,huawei,HUAWEI,,Marie,HUAWEI P30 lite,,huawei_global_en
MAR-LX3Bm,mob,huawei,HUAWEI,,Marie,HUAWEI P30 lite,,huawei_global_en
ANA-NX9,mob,huawei,HUAWEI,,Anna,HUAWEI P40,Dual SIM,huawei_global_en
ELS-N04,mob,huawei,HUAWEI,,Elsa,HUAWEI P40 Pro,Single SIM,huawei_global_en
ELS-NX9,mob,huawei,HUAWEI,,Elsa,HUAWEI P40 Pro,Single SIM,huawei_global_en
ELS-NX9,mob,huawei,HUAWEI,,Elsa,HUAWEI P40 Pro,Dual SIM,huawei_global_en
ELS-N39,mob,huawei,HUAWEI,,ElsaP,HUAWEI P40 Pro,+,huawei_global_en
JNY-LX1,mob,huawei,HUAWEI,,Jenny,HUAWEI P40 lite,Dual SIM,huawei_global_en
JNY-LX2,mob,huawei,HUAWEI,,Jenny,HUAWEI P40 lite,Single SIM,huawei_global_en
CDY-NX9,mob,huawei,HUAWEI,,CindyN,HUAWEI P40 lite 5G,,huawei_global_en
ART-L29,mob,huawei,HUAWEI,,Arthur,HUAWEI P40 lite E,Dual SIM,huawei_global_en
JAD-LX4,mob,huawei,HUAWEI,,Jade,HUAWEI P50 Pro,,huawei_global_en
JAD-LX9,mob,huawei,HUAWEI,,Jade,HUAWEI P50 Pro,,huawei_global_en
BAL-L49,mob,huawei,HUAWEI,,Bali,HUAWEI P50 Pocket,,huawei_global_en
BAL-LX9,mob,huawei,HUAWEI,,Bali,HUAWEI P50 Pocket,,huawei_global_en
LNA-LX9,mob,huawei,HUAWEI,,Leona,HUAWEI P60,,huawei_global_en
MNA-LX9,mob,huawei,HUAWEI,,Mona,HUAWEI P60 Pro,,huawei_global_en
ADY-LX9,mob,huawei,HUAWEI,,Audrey,HUAWEI Pura 70,,huawei_global_en
HBN-LX9,mob,huawei,HUAWEI,,Hepburn,HUAWEI Pura 70 Pro,,huawei_global_en
HBP-LX9,mob,huawei,HUAWEI,,HepburnP,HUAWEI Pura 70 Ultra,,huawei_global_en
HED-LX9,mob,huawei,HUAWEI,,Hedy,HUAWEI Pura 80,,huawei_global_en
LMR-LX9,mob,huawei,HUAWEI,,Lamarr,HUAWEI Pura 80 Pro,,huawei_global_en
LMU-LX9,mob,huawei,HUAWEI,,LamarrU,HUAWEI Pura 80 Ultra,,huawei_global_en
MLN-LX9,mob,huawei,HUAWEI,,Malena,HUAWEI Pura 90s Pro,,huawei_global_en
SCA-LX9,mob,huawei,HUAWEI,,Sicilia,HUAWEI Pura 90s Pro Max,,huawei_global_en
FIG-LA1,mob,huawei,HUAWEI,,Figo,HUAWEI P smart,,huawei_global_en
FIG-LX1,mob,huawei,HUAWEI,,Figo,HUAWEI P smart,,huawei_global_en
FIG-LX2,mob,huawei,HUAWEI,,Figo,HUAWEI P smart,,huawei_global_en
FIG-LX3,mob,huawei,HUAWEI,,Figo,HUAWEI P smart,,huawei_global_en
INE-LX1,mob,huawei,HUAWEI,,Sydneyi,HUAWEI P smart+,,huawei_global_en
POT-LX1,mob,huawei,HUAWEI,,Potter,HUAWEI P smart 2019,,huawei_global_en
POT-LX1AF,mob,huawei,HUAWEI,,Potter,HUAWEI P smart 2019,,huawei_global_en
POT-LX1RU,mob,huawei,HUAWEI,,Potter,HUAWEI P smart 2019,,huawei_global_en
POT-LX3,mob,huawei,HUAWEI,,Potter,HUAWEI P smart 2019,,huawei_global_en
POT-LX1T,mob,huawei,HUAWEI,,Potter,HUAWEI P smart+ 2019,,huawei_global_en
STK-LX1,mob,huawei,HUAWEI,,Stark,HUAWEI P smart Z,Dual SIM,huawei_global_en
STK-L21,mob,huawei,HUAWEI,,Stark,HUAWEI P smart Pro,Dual SIM,huawei_global_en
AQM-LX1,mob,huawei,HUAWEI,,Aquaman,HUAWEI P smart S,,huawei_global_en
POT-LX1A,mob,huawei,HUAWEI,,Potter,HUAWEI P smart 2020,Dual SIM,huawei_global_en
PPA-LX2,mob,huawei,HUAWEI,,Peppa,HUAWEI P smart 2021,Dual SIM,huawei_global_en
CAN-L01,mob,huawei,HUAWEI,,Cannes,HUAWEI nova,,huawei_global_en
CAN-L02,mob,huawei,HUAWEI,,Cannes,HUAWEI nova,,huawei_global_en
CAN-L03,mob,huawei,HUAWEI,,Cannes,HUAWEI nova,,huawei_global_en
CAN-L11,mob,huawei,HUAWEI,,Cannes,HUAWEI nova,,huawei_global_en
CAN-L12,mob,huawei,HUAWEI,,Cannes,HUAWEI nova,,huawei_global_en
CAN-L13,mob,huawei,HUAWEI,,Cannes,HUAWEI nova,,huawei_global_en
MLA-L01,mob,huawei,HUAWEI,,Milan,HUAWEI nova Plus,,huawei_global_en
MLA-L02,mob,huawei,HUAWEI,,Milan,HUAWEI nova Plus,,huawei_global_en
MLA-L03,mob,huawei,HUAWEI,,Milan,HUAWEI nova Plus,,huawei_global_en
MLA-L11,mob,huawei,HUAWEI,,Milan,HUAWEI nova Plus,,huawei_global_en
MLA-L12,mob,huawei,HUAWEI,,Milan,HUAWEI nova Plus,,huawei_global_en
MLA-L13,mob,huawei,HUAWEI,,Milan,HUAWEI nova Plus,,huawei_global_en
PRA-LX2,mob,huawei,HUAWEI,,Prague,HUAWEI nova lite,,huawei_global_en
PRA-LX3,mob,huawei,HUAWEI,,Prague,HUAWEI nova lite,,huawei_global_en
PIC-L09,mob,huawei,HUAWEI,,Picasso,HUAWEI nova 2,Single SIM,huawei_global_en
PIC-LX9,mob,huawei,HUAWEI,,Picasso,HUAWEI nova 2,Dual SIM,huawei_global_en
BAC-L01,mob,huawei,HUAWEI,,Barca,HUAWEI nova 2 Plus,Single SIM,huawei_global_en
BAC-L03,mob,huawei,HUAWEI,,Barca,HUAWEI nova 2 Plus,Single SIM,huawei_global_en
BAC-L21,mob,huawei,HUAWEI,,Barca,HUAWEI nova 2 Plus,Dual SIM,huawei_global_en
BAC-L22,mob,huawei,HUAWEI,,Barca,HUAWEI nova 2 Plus,Dual SIM,huawei_global_en
BAC-L23,mob,huawei,HUAWEI,,Barca,HUAWEI nova 2 Plus,Dual SIM,huawei_global_en
RNE-L02,mob,huawei,HUAWEI,,Rhone,HUAWEI nova 2i,Single SIM,huawei_global_en
RNE-L22,mob,huawei,HUAWEI,,Rhone,HUAWEI nova 2i,Dual SIM,huawei_global_en
LDN-LX2,mob,huawei,HUAWEI,,London,HUAWEI nova 2 lite,,huawei_global_en
PAR-LX1,mob,huawei,HUAWEI,,Paris,HUAWEI nova 3,,huawei_global_en
PAR-LX1M,mob,huawei,HUAWEI,,Paris,HUAWEI nova 3,,huawei_global_en
PAR-LX9,mob,huawei,HUAWEI,,Paris,HUAWEI nova 3,,huawei_global_en
PAR-L21,mob,huawei,HUAWEI,,Paris,HUAWEI nova 3,,huawei_global_en
PAR-L29,mob,huawei,HUAWEI,,Paris,HUAWEI nova 3,,huawei_global_en
INE-LX1,mob,huawei,HUAWEI,,Sydneyi,HUAWEI nova 3i,,huawei_global_en
INE-LX1r,mob,huawei,HUAWEI,,Sydneyi,HUAWEI nova 3i,,huawei_global_en
INE-LX2,mob,huawei,HUAWEI,,Sydneyi,HUAWEI nova 3i,,huawei_global_en
INE-LX2r,mob,huawei,HUAWEI,,Sydneyi,HUAWEI nova 3i,,huawei_global_en
POT-LX2J,mob,huawei,HUAWEI,,Potter,HUAWEI nova lite 3,Japan,huawei_global_en
VCE-L22,mob,huawei,HUAWEI,,Venice,HUAWEI nova 4,,huawei_global_en
YAL-L21,mob,huawei,HUAWEI,,Yale,HUAWEI nova 5T,,huawei_global_en
YAL-L41,mob,huawei,HUAWEI,,Yale,HUAWEI nova 5T,Pro,huawei_global_en
JNY-LX1,mob,huawei,HUAWEI,,Jenny,HUAWEI nova 7i,Dual SIM,huawei_global_en
CDY-NX9,mob,huawei,HUAWEI,,CindyN,HUAWEI nova 7 SE,5G,huawei_global_en
ANG-LX1,mob,huawei,HUAWEI,,Angela,HUAWEI nova 8,,huawei_global_en
ANG-LX2,mob,huawei,HUAWEI,,Angela,HUAWEI nova 8,,huawei_global_en
NEN-LX1,mob,huawei,HUAWEI,,Neumann,HUAWEI nova 8i,,huawei_global_en
NEN-L22,mob,huawei,HUAWEI,,Neumann,HUAWEI nova 8i,,huawei_global_en
NEN-LX3,mob,huawei,HUAWEI,,Neumann,HUAWEI nova 8i,,huawei_global_en
NAM-LX9,mob,huawei,HUAWEI,,NottinghamN,HUAWEI nova 9,,huawei_global_en
JLN-LX1,mob,huawei,HUAWEI,,JuliaQN,HUAWEI nova 9 SE,,huawei_global_en
JLN-LX3,mob,huawei,HUAWEI,,JuliaQN,HUAWEI nova 9 SE,,huawei_global_en
NCO-LX1,mob,huawei,HUAWEI,,Nicole,HUAWEI nova 10,,huawei_global_en
NCO-LX3,mob,huawei,HUAWEI,,Nicole,HUAWEI nova 10,,huawei_global_en
GLA-LX1,mob,huawei,HUAWEI,,Gloria,HUAWEI nova 10 Pro,,huawei_global_en
GLA-LX3,mob,huawei,HUAWEI,,Gloria,HUAWEI nova 10 Pro,,huawei_global_en
BNE-LX1,mob,huawei,HUAWEI,,Bonnie,HUAWEI nova 10 SE,,huawei_global_en
BNE-LX3,mob,huawei,HUAWEI,,Bonnie,HUAWEI nova 10 SE,,huawei_global_en
FOA-LX9,mob,huawei,HUAWEI,,Fiona,HUAWEI nova 11,,huawei_global_en
GOA-LX9,mob,huawei,HUAWEI,,Gloria,HUAWEI nova 11 Pro,,huawei_global_en
MAO-LX9,mob,huawei,HUAWEI,,Mario,HUAWEI nova 11i,,huawei_global_en
MAO-LX9N,mob,huawei,HUAWEI,,Mario,HUAWEI nova 11i,,huawei_global_en
FOA-LX9,mob,huawei,HUAWEI,,Fiona,HUAWEI nova 12s,,huawei_global_en
CTR-L81,mob,huawei,HUAWEI,,Cartier,HUAWEI nova 12i,,huawei_global_en
BNE-LX1,mob,huawei,HUAWEI,,Bonnie,HUAWEI nova 12 SE,,huawei_global_en
BNE-LX3,mob,huawei,HUAWEI,,Bonnie,HUAWEI nova 12 SE,,huawei_global_en
BLK-LX9,mob,huawei,HUAWEI,,Blake,HUAWEI nova 13,,huawei_global_en
MIS-LX9,mob,huawei,HUAWEI,,MillaS,HUAWEI nova 13 Pro,,huawei_global_en
CTR-L91,mob,huawei,HUAWEI,,Cartier,HUAWEI nova 13i,,huawei_global_en
TLR-LX9,mob,huawei,HUAWEI,,Taylor,HUAWEI nova 14,,huawei_global_en
MIA-LX9,mob,huawei,HUAWEI,,Milla,HUAWEI nova 14 Pro,,huawei_global_en
STG-LX2,mob,huawei,HUAWEI,,Santiago,HUAWEI nova 14i,,huawei_global_en
PSN-LX9,mob,huawei,HUAWEI,,Pushkin,HUAWEI nova 15,Pro,huawei_global_en
KLE-LX9,mob,huawei,HUAWEI,,Klee,HUAWEI nova 15 Pro,,huawei_global_en
CHZ-LX1,mob,huawei,HUAWEI,,Chenzhen,HUAWEI nova 15 Max,,huawei_global_en
WKG-LX9,mob,huawei,HUAWEI,,Wukong,HUAWEI nova Y60,,huawei_global_en
EVE-LX9,mob,huawei,HUAWEI,,Eevee,HUAWEI nova Y61,,huawei_global_en
EVE-LX9N,mob,huawei,HUAWEI,,Eevee,HUAWEI nova Y61,,huawei_global_en
EVE-LX3,mob,huawei,HUAWEI,,Eevee,HUAWEI nova Y61,,huawei_global_en
EVE-LX9,mob,huawei,HUAWEI,,Eevee,HUAWEI nova Y62,,huawei_global_en
EVE-LX9N,mob,huawei,HUAWEI,,Eevee,HUAWEI nova Y62,,huawei_global_en
EVE-LX3,mob,huawei,HUAWEI,,Eevee,HUAWEI nova Y62,,huawei_global_en
EVE-LX9,mob,huawei,HUAWEI,,Eevee,HUAWEI nova Y62 Plus,,huawei_global_en
EVE-LX9N,mob,huawei,HUAWEI,,Eevee,HUAWEI nova Y62 Plus,,huawei_global_en
EVE-LX3,mob,huawei,HUAWEI,,Eevee,HUAWEI nova Y62 Plus,,huawei_global_en
MGA-LX9,mob,huawei,HUAWEI,,Mega,HUAWEI nova Y70,,huawei_global_en
MGA-LX9N,mob,huawei,HUAWEI,,Mega,HUAWEI nova Y70,,huawei_global_en
MGA-LX3,mob,huawei,HUAWEI,,Mega,HUAWEI nova Y70,,huawei_global_en
MGA-LX9,mob,huawei,HUAWEI,,Mega,HUAWEI nova Y70 Plus,,huawei_global_en
MGA-LX9N,mob,huawei,HUAWEI,,Mega,HUAWEI nova Y70 Plus,,huawei_global_en
MGA-LX3,mob,huawei,HUAWEI,,Mega,HUAWEI nova Y70 Plus,,huawei_global_en
MGA-LX9,mob,huawei,HUAWEI,,Mega,HUAWEI nova Y71,,huawei_global_en
MGA-LX9N,mob,huawei,HUAWEI,,Mega,HUAWEI nova Y71,,huawei_global_en
MGA-LX3,mob,huawei,HUAWEI,,Mega,HUAWEI nova Y71,,huawei_global_en
MGA-LX3,mob,huawei,HUAWEI,,Mega,HUAWEI nova Y72,,huawei_global_en
MGA-LX3,mob,huawei,HUAWEI,,Mega,HUAWEI nova Y73,,huawei_global_en
MGA-LX3,mob,huawei,HUAWEI,,Mega,HUAWEI nova Y73S,,huawei_global_en
MGA-LX3,mob,huawei,HUAWEI,,Mega,HUAWEI nova Y74,,huawei_global_en
MGA-LX3,mob,huawei,HUAWEI,,Mega,HUAWEI nova Y74S,,huawei_global_en
GFY-LX1,mob,huawei,HUAWEI,,Goofy,HUAWEI nova Y63,,huawei_global_en
GFY-LX1,mob,huawei,HUAWEI,,Goofy,HUAWEI nova Y72S,,huawei_global_en
CTR-LX1,mob,huawei,HUAWEI,,Cartier,HUAWEI nova Y90,,huawei_global_en
CTR-LX2,mob,huawei,HUAWEI,,Cartier,HUAWEI nova Y90,,huawei_global_en
CTR-LX3,mob,huawei,HUAWEI,,Cartier,HUAWEI nova Y90,,huawei_global_en
STG-LX1,mob,huawei,HUAWEI,,Santiago,HUAWEI nova Y91,,huawei_global_en
STG-LX2,mob,huawei,HUAWEI,,Santiago,HUAWEI nova Y91,,huawei_global_en
DRA-L01,mob,huawei,HUAWEI,,Dura,HUAWEI Y5 Prime 2018,Single SIM,huawei_global_en
DRA-L21,mob,huawei,HUAWEI,,Dura,HUAWEI Y5 Prime 2018,Dual SIM,huawei_global_en
DRA-LX2,mob,huawei,HUAWEI,,Dura,HUAWEI Y5 Prime 2018,Dual SIM,huawei_global_en
AMN-LX3,mob,huawei,HUAWEI,,,HUAWEI Y5 2019,Single SIM,huawei_global_en
AMN-LX9,mob,huawei,HUAWEI,,,HUAWEI Y5 2019,Single SIM,huawei_global_en
AMN-LX1,mob,huawei,HUAWEI,,,HUAWEI Y5 2019,Dual SIM,huawei_global_en
AMN-LX2,mob,huawei,HUAWEI,,,HUAWEI Y5 2019,Dual SIM,huawei_global_en
AMN-LX3,mob,huawei,HUAWEI,,,HUAWEI Y5 2019,Dual SIM,huawei_global_en
AMN-LX9,mob,huawei,HUAWEI,,,HUAWEI Y5 2019,Dual SIM,huawei_global_en
DRA-LX9,mob,huawei,HUAWEI,,Dura,HUAWEI Y5p,Single SIM,huawei_global_en
DRA-LX9,mob,huawei,HUAWEI,,Dura,HUAWEI Y5p,Dual SIM,huawei_global_en
MYA-L11,mob,huawei,HUAWEI,,Maya,HUAWEI Y6 2017,Single SIM,huawei_global_en
MYA-L41,mob,huawei,HUAWEI,,Maya,HUAWEI Y6 2017,Dual SIM,huawei_global_en
ATU-LX3,mob,huawei,HUAWEI,,Atomu,HUAWEI Y6 2018,Single SIM,huawei_global_en
ATU-L21,mob,huawei,HUAWEI,,Atomu,HUAWEI Y6 2018,Dual SIM,huawei_global_en
ATU-L22,mob,huawei,HUAWEI,,Atomu,HUAWEI Y6 2018,Dual SIM,huawei_global_en
ATU-L23,mob,huawei,HUAWEI,,Atomu,HUAWEI Y6 2018,Dual SIM,huawei_global_en
ATU-L31,mob,huawei,HUAWEI,,Atomu,HUAWEI Y6 Prime 2018,Dual SIM,huawei_global_en
ATU-L42,mob,huawei,HUAWEI,,Atomu,HUAWEI Y6 Prime 2018,Dual SIM,huawei_global_en
MRD-LX1,mob,huawei,HUAWEI,,Merida,HUAWEI Y6 2019,Single SIM,huawei_global_en
MRD-LX3,mob,huawei,HUAWEI,,Merida,HUAWEI Y6 2019,Single SIM,huawei_global_en
MRD-LX1,mob,huawei,HUAWEI,,Merida,HUAWEI Y6 2019,Dual SIM,huawei_global_en
MRD-LX1N,mob,huawei,HUAWEI,,Merida,HUAWEI Y6 2019,Dual SIM,huawei_global_en
MRD-LX3,mob,huawei,HUAWEI,,Merida,HUAWEI Y6 2019,Dual SIM,huawei_global_en
MRD-LX1F,mob,huawei,HUAWEI,,Merida,HUAWEI Y6 Prime 2019,Dual SIM,huawei_global_en
MRD-LX2,mob,huawei,HUAWEI,,Merida,HUAWEI Y6 Pro 2019,Dual SIM,huawei_global_en
MED-LX9,mob,huawei,HUAWEI,,Merida,HUAWEI Y6p,Single SIM,huawei_global_en
MED-LX9,mob,huawei,HUAWEI,,Merida,HUAWEI Y6p,Dual SIM,huawei_global_en
MED-LX9N,mob,huawei,HUAWEI,,Merida,HUAWEI Y6p,Dual SIM,huawei_global_en
JAT-LX3,mob,huawei,HUAWEI,,Jakarta,HUAWEI Y6s,Single SIM,huawei_global_en
JAT-LX1,mob,huawei,HUAWEI,,Jakarta,HUAWEI Y6s,Dual SIM,huawei_global_en
JAT-LX3,mob,huawei,HUAWEI,,Jakarta,HUAWEI Y6s,Dual SIM,huawei_global_en
JAT-L29,mob,huawei,HUAWEI,,Jakarta,HUAWEI Y6s,Dual SIM,huawei_global_en
TRT-LX1,mob,huawei,HUAWEI,,Toronto,HUAWEI Y7 2017,Dual SIM,huawei_global_en
TRT-LX2,mob,huawei,HUAWEI,,Toronto,HUAWEI Y7 2017,Dual SIM,huawei_global_en
TRT-LX3,mob,huawei,HUAWEI,,Toronto,HUAWEI Y7 2017,Dual SIM,huawei_global_en
LDN-LX3,mob,huawei,HUAWEI,,London,HUAWEI Y7 2018,Dual SIM,huawei_global_en
LDN-L21,mob,huawei,HUAWEI,,London,HUAWEI Y7 Prime 2018,Dual SIM,huawei_global_en
DUB-LX1,mob,huawei,HUAWEI,,Dubai,HUAWEI Y7 2019,Single SIM,huawei_global_en
DUB-LX3,mob,huawei,HUAWEI,,Dubai,HUAWEI Y7 2019,Single SIM,huawei_global_en
DUB-LX1,mob,huawei,HUAWEI,,Dubai,HUAWEI Y7 2019,Dual SIM,huawei_global_en
DUB-LX3,mob,huawei,HUAWEI,,Dubai,HUAWEI Y7 2019,Dual SIM,huawei_global_en
PPA-LX3,mob,huawei,HUAWEI,,Peppa,HUAWEI Y7a,Single SIM,huawei_global_en
PPA-LX2,mob,huawei,HUAWEI,,Peppa,HUAWEI Y7a,Dual SIM,huawei_global_en
PPA-LX3,mob,huawei,HUAWEI,,Peppa,HUAWEI Y7a,Dual SIM,huawei_global_en
ART-L28,mob,huawei,HUAWEI,,Arthur,HUAWEI Y7p,Single SIM,huawei_global_en
ART-L28,mob,huawei,HUAWEI,,Arthur,HUAWEI Y7p,Dual SIM,huawei_global_en
ART-L29,mob,huawei,HUAWEI,,Arthur,HUAWEI Y7p,Dual SIM,huawei_global_en
ART-L29N,mob,huawei,HUAWEI,,Arthur,HUAWEI Y7p,Dual SIM,huawei_global_en
AQM-LX1,mob,huawei,HUAWEI,,Aquaman,HUAWEI Y8p,Single SIM,huawei_global_en
AQM-LX1,mob,huawei,HUAWEI,,Aquaman,HUAWEI Y8p,Dual SIM,huawei_global_en
JKM-LX1,mob,huawei,HUAWEI,,Jackman,HUAWEI Y8s,Single SIM,huawei_global_en
JKM-LX1,mob,huawei,HUAWEI,,Jackman,HUAWEI Y8s,Dual SIM,huawei_global_en
JKM-LX2,mob,huawei,HUAWEI,,Jackman,HUAWEI Y8s,Dual SIM,huawei_global_en
JKM-LX3,mob,huawei,HUAWEI,,Jackman,HUAWEI Y8s,Dual SIM,huawei_global_en
FLA-LX1,mob,huawei,HUAWEI,,Florida,HUAWEI Y9 2018,Dual SIM,huawei_global_en
FLA-LX3,mob,huawei,HUAWEI,,Florida,HUAWEI Y9 2018,Dual SIM,huawei_global_en
JKM-LX3,mob,huawei,HUAWEI,,Jackman,HUAWEI Y9 2019,Single SIM,huawei_global_en
JKM-LX1,mob,huawei,HUAWEI,,Jackman,HUAWEI Y9 2019,Dual SIM,huawei_global_en
JKM-LX2,mob,huawei,HUAWEI,,Jackman,HUAWEI Y9 2019,Dual SIM,huawei_global_en
JKM-LX3,mob,huawei,HUAWEI,,Jackman,HUAWEI Y9 2019,Dual SIM,huawei_global_en
STK-LX3,mob,huawei,HUAWEI,,Stark,HUAWEI Y9 Prime 2019,Single SIM,huawei_global_en
STK-L21,mob,huawei,HUAWEI,,Stark,HUAWEI Y9 Prime 2019,Dual SIM,huawei_global_en
STK-L22,mob,huawei,HUAWEI,,Stark,HUAWEI Y9 Prime 2019,Dual SIM,huawei_global_en
STK-LX3,mob,huawei,HUAWEI,,Stark,HUAWEI Y9 Prime 2019,Dual SIM,huawei_global_en
FRL-L21,mob,huawei,HUAWEI,,Franklin,HUAWEI Y9a,Dual SIM,huawei_global_en
FRL-L22,mob,huawei,HUAWEI,,Franklin,HUAWEI Y9a,Dual SIM,huawei_global_en
FRL-L23,mob,huawei,HUAWEI,,Franklin,HUAWEI Y9a,Dual SIM,huawei_global_en
STK-L21,mob,huawei,HUAWEI,,Stark,HUAWEI Y9s,Single SIM,huawei_global_en
STK-L21,mob,huawei,HUAWEI,,Stark,HUAWEI Y9s,Dual SIM,huawei_global_en
STK-L22,mob,huawei,HUAWEI,,Stark,HUAWEI Y9s,Dual SIM,huawei_global_en
STK-LX3,mob,huawei,HUAWEI,,Stark,HUAWEI Y9s,Dual SIM,huawei_global_en
S7-701u,pad,huawei,HUAWEI,,,HUAWEI MediaPad 7 Youth,,huawei_global_en
S10-231L,pad,huawei,HUAWEI,,,HUAWEI MediaPad 10 Link+,,huawei_global_en
BTV-W09,pad,huawei,HUAWEI,,Beethoven,HUAWEI MediaPad M3,Wi-Fi,huawei_global_en
BTV-DL09,pad,huawei,HUAWEI,,Beethoven,HUAWEI MediaPad M3,LTE,huawei_global_en
CPN-W09,pad,huawei,HUAWEI,,Chopin,HUAWEI MediaPad M3 lite 8,Wi-Fi,huawei_global_en
CPN-L09,pad,huawei,HUAWEI,,Chopin,HUAWEI MediaPad M3 lite 8,LTE,huawei_global_en
BAH-W09,pad,huawei,HUAWEI,,Bach,HUAWEI MediaPad M3 lite 10,Wi-Fi,huawei_global_en
BAH-L09,pad,huawei,HUAWEI,,Bach,HUAWEI MediaPad M3 lite 10,LTE,huawei_global_en
SHT-W09,pad,huawei,HUAWEI,,Schubert,HUAWEI MediaPad M5 8.4,Wi-Fi,huawei_global_en
SHT-AL09,pad,huawei,HUAWEI,,Schubert,HUAWEI MediaPad M5 8.4,LTE,huawei_global_en
CMR-W09,pad,huawei,HUAWEI,,Cameron,HUAWEI MediaPad M5 10.8,Wi-Fi,huawei_global_en
CMR-AL09,pad,huawei,HUAWEI,,Cameron,HUAWEI MediaPad M5 10.8,LTE,huawei_global_en
CMR-W19,pad,huawei,HUAWEI,,Cameron,HUAWEI MediaPad M5 Pro,Wi-Fi,huawei_global_en
CMR-AL19,pad,huawei,HUAWEI,,Cameron,HUAWEI MediaPad M5 Pro,LTE,huawei_global_en
BAH2-W19,pad,huawei,HUAWEI,,Bach2,HUAWEI MediaPad M5 lite,Wi-Fi,huawei_global_en
BAH2-L09,pad,huawei,HUAWEI,,Bach2,HUAWEI MediaPad M5 lite,LTE,huawei_global_en
SCM-W09,pad,huawei,HUAWEI,,Schumann,HUAWEI MediaPad M6 10.8,Wi-Fi,huawei_global_en
SCM-AL09,pad,huawei,HUAWEI,,Schumann,HUAWEI MediaPad M6 10.8,LTE,huawei_global_en
BAH3-W09,pad,huawei,HUAWEI,,Bach3,HUAWEI MatePad,10.4 Wi-Fi,huawei_global_en
BAH3-L09,pad,huawei,HUAWEI,,Bach3,HUAWEI MatePad,10.4 LTE,huawei_global_en
BAH4-W09,pad,huawei,HUAWEI,,Bach4,HUAWEI MatePad,10.4 2022 Wi-Fi,huawei_global_en
BAH4-L09,pad,huawei,HUAWEI,,Bach4,HUAWEI MatePad,10.4 2022 LTE,huawei_global_en
BTK-W09,pad,huawei,HUAWEI,,Bartok,HUAWEI MatePad,11.5 Wi-Fi,huawei_global_en
BTK-AL09,pad,huawei,HUAWEI,,Bartok,HUAWEI MatePad,11.5 LTE,huawei_global_en
DBY-W09,pad,huawei,HUAWEI,,Debussy,HUAWEI MatePad 11,Wi-Fi,huawei_global_en
DBR-W09,pad,huawei,HUAWEI,,DebussyR,HUAWEI MatePad 11 2023,Wi-Fi,huawei_global_en
DBR-W19,pad,huawei,HUAWEI,,DebussyR,HUAWEI MatePad 11 2023,PaperMatte Edition Wi-Fi,huawei_global_en
BTKR-W09,pad,huawei,HUAWEI,,BartokR,HUAWEI MatePad 11.5,2024 Wi-Fi,huawei_global_en
TGR-W09,pad,huawei,HUAWEI,,Tagore,HUAWEI MatePad 11.5 S,Wi-Fi,huawei_global_en
TXZ-W09,pad,huawei,HUAWEI,,Taoxingzhi,HUAWEI MatePad 11.5,2025 Wi-Fi,huawei_global_en
SLG-W09,pad,huawei,HUAWEI,,Salinger,HUAWEI MatePad 11.5 S,2026 Wi-Fi,huawei_global_en
DBY2-W09,pad,huawei,HUAWEI,,Debussy2,HUAWEI MatePad Air,Wi-Fi,huawei_global_en
DBY2-L09,pad,huawei,HUAWEI,,Debussy2,HUAWEI MatePad Air,LTE,huawei_global_en
BKY-W09,pad,huawei,HUAWEI,,Banksy,HUAWEI MatePad 12 X,Wi-Fi,huawei_global_en
LRT-W09,pad,huawei,HUAWEI,,Laurent,HUAWEI MatePad 12 X,2025 Wi-Fi,huawei_global_en
WKI-W09,pad,huawei,HUAWEI,,,HUAWEI MatePad Air 2026,Wi-Fi,huawei_global_en
MRX-W09,pad,huawei,HUAWEI,,Marx,HUAWEI MatePad Pro,10.8 Wi-Fi,huawei_global_en
MRX-W29,pad,huawei,HUAWEI,,Marx,HUAWEI MatePad Pro,10.8 Wi-Fi,huawei_global_en
MRX-AL09,pad,huawei,HUAWEI,,Marx,HUAWEI MatePad Pro,10.8 LTE,huawei_global_en
MRX-AN19,pad,huawei,HUAWEI,,Marx,HUAWEI MatePad Pro,10.8 5G,huawei_global_en
GOT-W29,pad,huawei,HUAWEI,,Goethe,HUAWEI MatePad Pro 11,Wi-Fi,huawei_global_en
GOT-AL09,pad,huawei,HUAWEI,,Goethe,HUAWEI MatePad Pro 11,LTE,huawei_global_en
WGR-W09,pad,huawei,HUAWEI,,Wagner,HUAWEI MatePad Pro 12.6 2021,Wi-Fi,huawei_global_en
WGR-W19,pad,huawei,HUAWEI,,Wagner,HUAWEI MatePad Pro 12.6 2021,Wi-Fi,huawei_global_en
WGRR-W09,pad,huawei,HUAWEI,,WagnerR,HUAWEI MatePad Pro 12.6 2022,Wi-Fi,huawei_global_en
PCE-W29,pad,huawei,HUAWEI,,Poincare,HUAWEI MatePad Pro 13.2,Wi-Fi,huawei_global_en
WEB-W09,pad,huawei,HUAWEI,,Weber,HUAWEI MatePad Pro 13.2 2025,Wi-Fi,huawei_global_en
MRO-W09,pad,huawei,HUAWEI,,Miro,HUAWEI MatePad Pro 12.2,Wi-Fi,huawei_global_en
MRDI-W09,pad,huawei,HUAWEI,,Morandi,HUAWEI MatePad Pro 12.2 2025,Wi-Fi,huawei_global_en
GEM-W09,pad,huawei,HUAWEI,,,HUAWEI MatePad Pro Max,13.2 Wi-Fi,huawei_global_en
MLR-W09,pad,huawei,HUAWEI,,Mclaren,HUAWEI MatePad Mini,8.8 Wi-Fi,huawei_global_en
HMW-W09,pad,huawei,HUAWEI,,Hemingway,HUAWEI MatePad Paper,Wi-Fi,huawei_global_en
BGO-L03,pad,huawei,HUAWEI,,Baggio,HUAWEI MediaPad T2 7.0,LTE,huawei_global_en
BGO-DL09,pad,huawei,HUAWEI,,Baggio,HUAWEI MediaPad T2 7.0,LTE,huawei_global_en
FDR-A01L,pad,huawei,HUAWEI,,,HUAWEI MediaPad T2 10.0 Pro,LTE,huawei_global_en
BG2-W09,pad,huawei,HUAWEI,,Baggio2,HUAWEI MediaPad T3 7,Wi-Fi,huawei_global_en
BG2-U01,pad,huawei,HUAWEI,,Baggio2,HUAWEI MediaPad T3 7,3G,huawei_global_en
BG2-U03,pad,huawei,HUAWEI,,Baggio2,HUAWEI MediaPad T3 7,3G,huawei_global_en
KOB-W09,pad,huawei,HUAWEI,,Kobe,HUAWEI MediaPad T3 8,Wi-Fi,huawei_global_en
KOB-L09,pad,huawei,HUAWEI,,Kobe,HUAWEI MediaPad T3 8,LTE,huawei_global_en
AGS-W09,pad,huawei,HUAWEI,,Agassi,HUAWEI MediaPad T3 10,Wi-Fi,huawei_global_en
AGS-L03,pad,huawei,HUAWEI,,Agassi,HUAWEI MediaPad T3 10,LTE,huawei_global_en
AGS-L09,pad,huawei,HUAWEI,,Agassi,HUAWEI MediaPad T3 10,LTE,huawei_global_en
AGS2-W09,pad,huawei,HUAWEI,,Agassi2,HUAWEI MediaPad T5,Wi-Fi,huawei_global_en
AGS2-W19,pad,huawei,HUAWEI,,Agassi2,HUAWEI MediaPad T5,Wi-Fi,huawei_global_en
AGS2-L03,pad,huawei,HUAWEI,,Agassi2,HUAWEI MediaPad T5,LTE,huawei_global_en
AGS2-L09,pad,huawei,HUAWEI,,Agassi2,HUAWEI MediaPad T5,LTE,huawei_global_en
KOB2-W09,pad,huawei,HUAWEI,,Kobe2,HUAWEI MatePad T 8,Wi-Fi,huawei_global_en
KOB2K-W09,pad,huawei,HUAWEI,,Kobe2,HUAWEI MatePad T 8,Wi-Fi,huawei_global_en
KOB2-L03,pad,huawei,HUAWEI,,Kobe2,HUAWEI MatePad T 8,LTE,huawei_global_en
KOB2-L09,pad,huawei,HUAWEI,,Kobe2,HUAWEI MatePad T 8,LTE,huawei_global_en
KOB2K-L09,pad,huawei,HUAWEI,,Kobe2,HUAWEI MatePad T 8,LTE,huawei_global_en
AGR-W09,pad,huawei,HUAWEI,,AgassiR,HUAWEI MatePad T 10,Wi-Fi,huawei_global_en
AGRK-W09,pad,huawei,HUAWEI,,AgassiR,HUAWEI MatePad T 10,Wi-Fi,huawei_global_en
AGR-L09,pad,huawei,HUAWEI,,AgassiR,HUAWEI MatePad T 10,LTE,huawei_global_en
AGRK-W09,pad,huawei,HUAWEI,,AgassiR,HUAWEI MatePad T 10,LTE,huawei_global_en
AGS3-W09,pad,huawei,HUAWEI,,Agassi3,HUAWEI MatePad T 10s,Wi-Fi,huawei_global_en
AGS3K-W09,pad,huawei,HUAWEI,,Agassi3,HUAWEI MatePad T 10s,Wi-Fi,huawei_global_en
AGS3-L09,pad,huawei,HUAWEI,,Agassi3,HUAWEI MatePad T 10s,LTE,huawei_global_en
AGS3K-L09,pad,huawei,HUAWEI,,Agassi3,HUAWEI MatePad T 10s,LTE,huawei_global_en
AGS5-W09,pad,huawei,HUAWEI,,Agassi5,HUAWEI MatePad SE,10.4 Wi-Fi,huawei_global_en
AGS5-L09,pad,huawei,HUAWEI,,Agassi5,HUAWEI MatePad SE,10.4 LTE,huawei_global_en
AGS6-W09,pad,huawei,HUAWEI,,Agassi6,HUAWEI MatePad SE 11,Wi-Fi,huawei_global_en
AGS6-L09,pad,huawei,HUAWEI,,Agassi6,HUAWEI MatePad SE 11,LTE,huawei_global_en
KOB2K-W09,pad,huawei,HUAWEI,,Kobe2K,HUAWEI MatePad C3,8 Wi-Fi,huawei_global_en
KOB2K-L09,pad,huawei,HUAWEI,,Kobe2K,HUAWEI MatePad C3,8 LTE,huawei_global_en
AGRK-W09,pad,huawei,HUAWEI,,AgassiRK,HUAWEI MatePad C3,9.7 Wi-Fi,huawei_global_en
AGRK-L09,pad,huawei,HUAWEI,,AgassiRK,HUAWEI MatePad C3,9.7 LTE,huawei_global_en
AGS3K-L09,pad,huawei,HUAWEI,,AgassiRK,HUAWEI MatePad C5e,LTE,huawei_global_en
DBY-W09,pad,huawei,HUAWEI,,Debussy,HUAWEI MatePad C7,Wi-Fi,huawei_global_en
Lenovo L78011,mob,lenovo,联想,,jd2018,联想 Z5,,lenovo_cn
Lenovo L78012,mob,lenovo,联想,,jd2018,联想 Z5,,lenovo_cn
Lenovo L78031,mob,lenovo,联想,,zap,联想 Z5 Pro,,lenovo_cn
Lenovo L78032,mob,lenovo,联想,,heart,联想 Z5 Pro GT,,lenovo_cn
Lenovo L78071,mob,lenovo,联想,,jd2019,联想 Z5s,,lenovo_cn
Lenovo L78051,mob,lenovo,联想,,zippo,联想 Z6 Pro,,lenovo_cn
Lenovo L79041,mob,lenovo,联想,,cream,联想 Z6 Pro 5G,,lenovo_cn
Lenovo L78121,mob,lenovo,联想,,jd20,联想 Z6,,lenovo_cn
Lenovo L38111,mob,lenovo,联想,,kunlun2,联想 Z6 青春版,,lenovo_cn
Lenovo K520,mob,lenovo,联想,,seoul,联想 S5,,lenovo_cn
Lenovo K520t,mob,lenovo,联想,,seoul,联想 S5,移动版,lenovo_cn
Lenovo L58041,mob,lenovo,联想,,sprout,联想 S5 Pro,,lenovo_cn
Lenovo L58091,mob,lenovo,联想,,sprout,联想 S5 Pro,GT,lenovo_cn
Lenovo K350t,mob,lenovo,联想,,k350t,联想 K5,,lenovo_cn
Lenovo L38012,mob,lenovo,联想,,austin2018,联想 K5 Note,,lenovo_cn
Lenovo L38011,mob,lenovo,联想,,k5,联想 K5 Play,,lenovo_cn
Lenovo L38021,mob,lenovo,联想,,k5_cmcc,联想 K5 Play,移动版,lenovo_cn
Lenovo L38031,mob,lenovo,联想,,k5s,联想 K5s,,lenovo_cn
Lenovo L38041,mob,lenovo,联想,,kunlun,联想 K5 Pro,,lenovo_cn
Lenovo L38082,mob,lenovo,联想,,l38082,联想 K6 畅享版,,lenovo_cn
Lenovo L18011,mob,lenovo,联想,,l18011,联想 A5,,lenovo_cn
Lenovo K320t,mob,lenovo,联想,,lenovo_k320t,联想 K320t,,lenovo_cn
Lenovo L79031,mob,lenovo,联想,,moba,拯救者电竞手机 Pro,,lenovo_cn
Lenovo L70081,mob,lenovo,联想,,doom,拯救者电竞手机 2 Pro,,lenovo_cn
Lenovo L71091,mob,lenovo,联想,,halo,联想拯救者 Y70,,lenovo_cn
Lenovo L71061,mob,lenovo,联想,,diablo,联想拯救者 Y90,,lenovo_cn
XT2611-1,mob,lenovo,联想,,avr,联想拯救者 Y70 新一代,,lenovo_cn
XT2081-4,mob,lenovo,联想,,guam,联想乐檬 K12,,lenovo_cn
XT2091-7,mob,lenovo,联想,,cebu,联想乐檬 K12 Pro,,lenovo_cn
Z1221,mob,lenovo,联想,,,ZUK Z1,,lenovo_cn
Z2131,mob,lenovo,联想,,,ZUK Z2,,lenovo_cn
Z2121,mob,lenovo,联想,,,ZUK Z2 Pro,,lenovo_cn
Z2122,mob,lenovo,联想,,,ZUK Z2 Pro,,lenovo_cn
Z2151,mob,lenovo,联想,,,ZUK Edge,,lenovo_cn
Lenovo TB-8804F,pad,lenovo,联想,,,小新平板 (2017),8 英寸,lenovo_cn
Lenovo TB-X804F,pad,lenovo,联想,,,小新平板 (2017),10 英寸,lenovo_cn
Lenovo TB-J606F,pad,lenovo,联想,,"m11, arno",小新 Pad,,lenovo_cn
TB128FU,pad,lenovo,联想,,oak,小新 Pad 2022,,lenovo_cn
TB331FC,pad,lenovo,联想,,Balsa,小新 Pad 2024,,lenovo_cn
TB335FC,pad,lenovo,联想,,sycamore,小新平板 11,,lenovo_cn
TB335ZC,pad,lenovo,联想,,sycamore,小新平板 11,5G,lenovo_cn
TB365FC,pad,lenovo,联想,,cava,小新平板 12.1,,lenovo_cn
Lenovo TB-J607F,pad,lenovo,联想,,arnoz,小新 Pad Plus,,lenovo_cn
Lenovo TB-J607Z,pad,lenovo,联想,,arnoz,小新 Pad Plus,5G,lenovo_cn
TB350FU,pad,lenovo,联想,,tulip,小新 Pad Plus 2023,,lenovo_cn
TB350XC,pad,lenovo,联想,,tulip,小新 Pad Plus 2023,,lenovo_cn
TB372FC,pad,lenovo,联想,,spruce,小新 Pad Plus 12.7 舒视版,,lenovo_cn
Lenovo TB-J706F,pad,lenovo,联想,,pearl,小新 Pad Pro,2020,lenovo_cn
Lenovo TB-J716F,pad,lenovo,联想,,p11_pro_plus,小新 Pad Pro 2021,,lenovo_cn
Lenovo TB-Q706F,pad,lenovo,联想,,paladin,小新 Pad Pro 12.6,,lenovo_cn
TB138FC,pad,lenovo,联想,,olivine,小新 Pad Pro 2022 骁龙版,,lenovo_cn
TB132FU,pad,lenovo,联想,,onyx,小新 Pad Pro 2022 迅鲲版,,lenovo_cn
TB371FC,pad,lenovo,联想,,spinel,小新 Pad Pro 12.7 骁龙版,,lenovo_cn
TB370FU,pad,lenovo,联想,,spruce,小新 Pad Pro 12.7 天玑版,,lenovo_cn
TB375FC,pad,lenovo,联想,,peridot,小新 Pad Pro 12.7 2025,,lenovo_cn
TB710FU,pad,lenovo,联想,,topaz,小新平板 Pro GT,,lenovo_cn
TB376FC,pad,lenovo,联想,,malbec,联想 AI 平板 小新 Pro 13,,lenovo_cn
TB378FC,pad,lenovo,联想,,,联想 AI 平板 小新 Pro GT 13,,lenovo_cn
TB351FU,pad,lenovo,联想,,calla,小新 Pad Studio,,lenovo_cn
TB372FC,pad,lenovo,联想,,spruce,小新学习平板,12.7,lenovo_cn
Lenovo YT3-850F,pad,lenovo,联想,,,YOGA Tab 3,8” Wi-Fi 版,lenovo_cn
Lenovo YT3-850L,pad,lenovo,联想,,,YOGA Tab 3,8” LTE 版,lenovo_cn
Lenovo YT3-X50F,pad,lenovo,联想,,,YOGA Tab 3,10” Wi-Fi 版,lenovo_cn
Lenovo YT3-X50L,pad,lenovo,联想,,,YOGA Tab 3,10” LTE 版,lenovo_cn
Lenovo YT-X703F,pad,lenovo,联想,,,YOGA Tab 3 Plus,Wi-Fi 版,lenovo_cn
Lenovo YT-X703L,pad,lenovo,联想,,,YOGA Tab 3 Plus,LTE 版,lenovo_cn
Lenovo YT3-X90F,pad,lenovo,联想,,,YOGA Tab 3 PRO,10” Wi-Fi 版,lenovo_cn
Lenovo YT3-X90L,pad,lenovo,联想,,,YOGA Tab 3 PRO,10” LTE 版,lenovo_cn
Lenovo YT-K606F,pad,lenovo,联想,,bladex,YOGA Pad Pro,,lenovo_cn
TB520FU,pad,lenovo,联想,,lapis,YOGA Pad Pro,12.7,lenovo_cn
TB520FU,pad,lenovo,联想,,lapis,YOGA Pad Pro AI 元启版,,lenovo_cn
TB571FU,pad,lenovo,联想,,titans,YOGA Pad Pro 14.5 AI 元启版,,lenovo_cn
SP101FU,pad,lenovo,联想,,,YOGA Paper 墨水平板,,lenovo_cn
Lenovo TB-9707F,pad,lenovo,联想,,"p8, pike",拯救者平板 Y700,2022,lenovo_cn
TB320FC,pad,lenovo,联想,,asphalt,拯救者平板 Y700 2023,,lenovo_cn
TB321FU,pad,lenovo,联想,,kirby,拯救者平板 Y700 2025,,lenovo_cn
TB322FC,pad,lenovo,联想,,elden,拯救者平板 Y700 四代,,lenovo_cn
TB323FU,pad,lenovo,联想,,baldur,联想 AI 平板 拯救者 Y700 五代,,lenovo_cn
TB570FU,pad,lenovo,联想,,inception,拯救者平板 Y900,,lenovo_cn
TB570ZU,pad,lenovo,联想,,inception,拯救者平板 Y900,,lenovo_cn
TB711FU,pad,lenovo,联想,,beryl,联想 AI 平板 拯救者 Y900 11,,lenovo_cn
TB522FU,pad,lenovo,联想,,mojito,联想 AI 平板 拯救者 Y900 13,,lenovo_cn
Lenovo TB-J616F,pad,lenovo,联想,,"p11_plus, arnoii",联想天骄平板电脑,,lenovo_cn
Lenovo TB-J616N,pad,lenovo,联想,,"p11_plus, arnoii",联想天骄平板电脑,,lenovo_cn
Lenovo TB-8504F,pad,lenovo,联想,,,联想 TAB4,8 英寸 Wi-Fi 版,lenovo_cn
Lenovo TB-8504N,pad,lenovo,联想,,,联想 TAB4,8 英寸 LTE 版,lenovo_cn
Lenovo TB-8604F,pad,lenovo,联想,,,联想 TAB4,8 英寸 REL,lenovo_cn
Lenovo TB-8X04F,pad,lenovo,联想,,,联想 TAB4,8 英寸 REL,lenovo_cn
Lenovo TB-X304F,pad,lenovo,联想,,,联想 TAB4,10.1 英寸 Wi-Fi 版,lenovo_cn
Lenovo TB-X304N,pad,lenovo,联想,,,联想 TAB4,10.1 英寸 LTE 版,lenovo_cn
Lenovo TB-X504F,pad,lenovo,联想,,,联想 TAB4,10.1 英寸 REL,lenovo_cn
Lenovo TB-8704F,pad,lenovo,联想,,,联想 TAB4 Plus,8 英寸 Wi-Fi 版,lenovo_cn
Lenovo TB-8704N,pad,lenovo,联想,,,联想 TAB4 Plus,8 英寸 LTE 版,lenovo_cn
Lenovo TB-X704F,pad,lenovo,联想,,,联想 TAB4 Plus,10.1 英寸 Wi-Fi 版,lenovo_cn
Lenovo TB-X704N,pad,lenovo,联想,,,联想 TAB4 Plus,10.1 英寸 LTE 版,lenovo_cn
Lenovo TB-8705F,pad,lenovo,联想,,aaron,联想 M8,8 英寸 Wi-Fi 版,lenovo_cn
Lenovo TB-8705N,pad,lenovo,联想,,aaron,联想 M8,8 英寸 LTE 版,lenovo_cn
Lenovo TB-8505F,pad,lenovo,联想,,aaron,联想 M8,8 英寸 Wi-Fi 版 (商用),lenovo_cn
Lenovo TB-8505N,pad,lenovo,联想,,aaron,联想 M8,8 英寸 LTE 版 (商用),lenovo_cn
Lenovo TB-X306FC,pad,lenovo,联想,,amar,联想 M10 HD,10.1 英寸 Wi-Fi 版,lenovo_cn
Lenovo TB-X306NC,pad,lenovo,联想,,amar,联想 M10 HD,10.1 英寸 LTE 版,lenovo_cn
Lenovo TB-X605FC,pad,lenovo,联想,,achilles5,联想 M10 FHD,REL 10.1 英寸 Wi-Fi 版,lenovo_cn
Lenovo TB-X605LC,pad,lenovo,联想,,achilles5,联想 M10 FHD,REL 10.1 英寸 LTE 版,lenovo_cn
Lenovo TB-X606F,pad,lenovo,联想,,achilles6,联想 M10 PLUS,10.3 英寸 Wi-Fi 版,lenovo_cn
Lenovo TB-X616F,pad,lenovo,联想,,achilles6,联想 M10 PLUS,10.3 英寸 Wi-Fi 版,lenovo_cn
Lenovo TB-X606M,pad,lenovo,联想,,achilles6,联想 M10 PLUS,10.3 英寸 LTE 版,lenovo_cn
Lenovo TB-X616M,pad,lenovo,联想,,achilles6,联想 M10 PLUS,10.3 英寸 LTE 版,lenovo_cn
Lenovo TB-8506F,pad,lenovo,联想,,,联想启天 K8,8 英寸 Wi-Fi 版,lenovo_cn
Lenovo TB-8506N,pad,lenovo,联想,,,联想启天 K8,8 英寸 LTE 版,lenovo_cn
TB310FU,pad,lenovo,联想,,pine,联想启天 K9,9 英寸 Wi-Fi 版,lenovo_cn
TB310XC,pad,lenovo,联想,,pine,联想启天 K9,9 英寸 LTE 版,lenovo_cn
Lenovo TB-X6C6F,pad,lenovo,联想,,asha,联想启天 K10,10.3 英寸 Wi-Fi 版,lenovo_cn
Lenovo TB-X6C6NBF,pad,lenovo,联想,,asha,联想启天 K10,10.3 英寸 无电池版本,lenovo_cn
Lenovo TB-X6C6X,pad,lenovo,联想,,asha,联想启天 K10,10.3 英寸 LTE 版,lenovo_cn
Lenovo TB-X6E6F,pad,lenovo,联想,,,联想启天 K10c,10.3 英寸 Wi-Fi 版,lenovo_cn
Lenovo TB-X6E6N,pad,lenovo,联想,,,联想启天 K10c,10.3 英寸 LTE 版,lenovo_cn
Lenovo TB-X6E6FC,pad,lenovo,联想,,,联想启天 E10c,10.3 英寸 Wi-Fi 版,lenovo_cn
TB223FC,pad,lenovo,联想,,maple,联想启天 K10 Pro,10.61 英寸 Wi-Fi 版,lenovo_cn
TB128FU,pad,lenovo,联想,,oak,联想启天 K10 Pro,10.61 英寸 Wi-Fi 版,lenovo_cn
TB128XC,pad,lenovo,联想,,oak,联想启天 K10 Pro,10.61 英寸 LTE 版,lenovo_cn
TB226XC,pad,lenovo,联想,,oak,联想启天 K10 Pro,10.61 英寸 LTE 版,lenovo_cn
TB360ZU,pad,lenovo,联想,,linden,联想启天 K10 Pro,10.61 英寸 5G 版,lenovo_cn
Lenovo TB-J6C6F,pad,lenovo,联想,,"p11, arnoii",联想启天 K11,11 英寸 Wi-Fi 版,lenovo_cn
Lenovo TB-J6C6X,pad,lenovo,联想,,"p11, arnoii",联想启天 K11,11 英寸 LTE 版,lenovo_cn
Lenovo TB-J607F,pad,lenovo,联想,,arnoz,联想启天 K11 Pro,11 英寸 Wi-Fi 版,lenovo_cn
Lenovo TB-J607Z,pad,lenovo,联想,,arnoz,联想启天 K11 Pro,11 英寸 5G 版,lenovo_cn
TB230FC,pad,lenovo,联想,,tulip,联想启天 K11 Gen2,11.5 英寸 Wi-Fi 版,lenovo_cn
TB230XC,pad,lenovo,联想,,tulip,联想启天 K11 Gen2,11.5 英寸 LTE 版,lenovo_cn
TB240FC,pad,lenovo,联想,,spruce,联想启天 K12,12.7 英寸 Wi-Fi 版,lenovo_cn
SP523FC,pad,lenovo,联想,,,联想启天 SmartPaper,10.3 英寸 Wi-Fi 版,lenovo_cn
TB310FU,pad,lenovo,联想,,pine,联想昭阳 K9,9 英寸 Wi-Fi 版,lenovo_cn
TB310XC,pad,lenovo,联想,,pine,联想昭阳 K9,9 英寸 LTE 版,lenovo_cn
TB305FU,pad,lenovo,联想,,clove,联想昭阳 K9 (二代),8.7 英寸 Wi-Fi 版,lenovo_cn
TB305XC,pad,lenovo,联想,,clove,联想昭阳 K9 (二代),8.7 英寸 LTE 版,lenovo_cn
TB330FU,pad,lenovo,联想,,barley,联想昭阳 K10,10.95 英寸 Wi-Fi 版,lenovo_cn
TB330XC,pad,lenovo,联想,,barley,联想昭阳 K10,10.95 英寸 LTE 版,lenovo_cn
TB360ZU,pad,lenovo,联想,,linden,联想昭阳 K10,10.61 英寸 5G 版,lenovo_cn
TB311FU,pad,lenovo,联想,,poplar,联想昭阳 K10c,10.1 英寸 Wi-Fi 版,lenovo_cn
TB311XC,pad,lenovo,联想,,poplar,联想昭阳 K10c,10.1 英寸 LTE 版,lenovo_cn
TB352FC,pad,lenovo,联想,,citrus,联想昭阳 K11,11.5 英寸 Wi-Fi 版,lenovo_cn
TB352XC,pad,lenovo,联想,,citrus,联想昭阳 K11,11.5 英寸 LTE 版,lenovo_cn
TB336FU,pad,lenovo,联想,,sycamore,联想昭阳 K11 (二代),11 英寸 Wi-Fi 版,lenovo_cn
TB336ZC,pad,lenovo,联想,,sycamore,联想昭阳 K11 (二代),11 英寸 5G 版,lenovo_cn
TB337FU,pad,lenovo,联想,,barley,联想昭阳 K11c,10.95 英寸 Wi-Fi 版,lenovo_cn
TB240FC,pad,lenovo,联想,,spruce,联想昭阳 K12,12.7 英寸 Wi-Fi 版,lenovo_cn
TB373FU,pad,lenovo,联想,,peridot,联想昭阳 K12 (二代),12.7 英寸 Wi-Fi 版,lenovo_cn
TB373ZC,pad,lenovo,联想,,peridot,联想昭阳 K12 (二代),12.7 英寸 5G 版,lenovo_cn
TB361FU,pad,lenovo,联想,,cava,联想昭阳 K12c,12.1 英寸 Wi-Fi 版,lenovo_cn
TB361ZU,pad,lenovo,联想,,cava,联想昭阳 K12c,12.1 英寸 5G 版,lenovo_cn
TB391FC,pad,lenovo,联想,,malbec,联想昭阳 K13,13 英寸 Wi-Fi 版,lenovo_cn
TB-X802F,pad,lenovo,联想,,barley,联想昭阳 G11,10.95 英寸 Wi-Fi 版,lenovo_cn
TB-X903F,pad,lenovo,联想,,citrus,联想昭阳 G12,11.5 英寸 Wi-Fi 版,lenovo_cn
TBY11,pad,lenovo,联想,,barley,联想昭阳 Y11,10.95 英寸 Wi-Fi 版,lenovo_cn
Lenovo TB-J606F,pad,lenovo,联想,,m11,联想平板电脑 K11,11 英寸 Wi-Fi 版,lenovo_cn
Lenovo TB-J606N,pad,lenovo,联想,,m11,联想平板电脑 K11,11 英寸 LTE 版,lenovo_cn
QBH10,pad,lenovo,联想,,barley,联想平板电脑 S11,10.95 英寸 Wi-Fi 版,lenovo_cn
QBH11,pad,lenovo,联想,,citrus,联想平板电脑 S11 Pro,11.5 英寸 Wi-Fi 版,lenovo_cn
TB610FU,computer,lenovo,联想,,gem,ThinkBook Plus Hybrid 2024,平板,lenovo_cn
Letv X600,mob,letv,乐视,,,乐 1,通用版,letv
Letv X608,mob,letv,乐视,,,乐 1,移动定制版,letv
Letv X500,mob,letv,乐视,,,乐 1s,通用版,letv
Letv X501,mob,letv,乐视,,,乐 1s,太子妃版,letv
Letv X508,mob,letv,乐视,,,乐 1s,移动定制版,letv
Letv X502,mob,letv,乐视,,,乐 1s,未知版本,letv
Letv X800,mob,letv,乐视,,,乐 1 Pro,通用版,letv
Letv X800+,mob,letv,乐视,,,乐 1 Pro,全网通版,letv
Letv X900,mob,letv,乐视,,,乐 Max,通用版,letv
Letv X900+,mob,letv,乐视,,,乐 Max,全网通版,letv
Letv X906,mob,letv,乐视,,,乐 Max,电信定制版,letv
Le X620,mob,letv,乐视,,,乐 2 (MTK),全网通版,letv
Le X621,mob,letv,乐视,,,乐 2 (MTK),全网通版,letv
Le X625,mob,letv,乐视,,,乐 2 Pro,全网通版,letv
Le X520,mob,letv,乐视,,,乐 2 (高通),全网通版,letv
Le X521,mob,letv,乐视,,,乐 2 (高通),全网通版,letv
Le X525,mob,letv,乐视,,,乐 2 (高通),全网通版,letv
Le X528,mob,letv,乐视,,,乐 2 (高通),移动定制版,letv
Le X529,mob,letv,乐视,,,乐 2 (高通),未知版本,letv
Le X820,mob,letv,乐视,,,乐 Max 2,全网通版,letv
Le X822,mob,letv,乐视,,,乐 Max 2,电信定制版,letv
Letv X910,mob,letv,乐视,,,乐 Max Pro,,letv
LEX622,mob,letv,乐视,,,乐 S3,全网通版,letv
LEX626,mob,letv,乐视,,,乐 S3,全网通版,letv
LEX623,mob,letv,乐视,,,乐 S3,未知版本,letv
LEX720,mob,letv,乐视,,,乐 Pro 3,全网通版,letv
LEX722,mob,letv,乐视,,,乐 Pro 3,精英版,letv
LEX728,mob,letv,乐视,,,乐 Pro 3,移动定制版,letv
LEX726,mob,letv,乐视,,,乐 Pro 3,未知版本,letv
LEX651,mob,letv,乐视,,,乐 Pro 3 双摄 AI 版,标准版,letv
LEX650,mob,letv,乐视,,,乐 Pro 3 双摄 AI 版,生态版,letv
LEX658,mob,letv,乐视,,,乐 Pro 3 双摄 AI 版,移动定制版,letv
LEX652,mob,letv,乐视,,,乐 Pro 3 双摄 AI 版,未知版本,letv
LEX656,mob,letv,乐视,,,乐 Pro 3 双摄 AI 版,未知版本,letv
LEX659,mob,letv,乐视,,,乐 Pro 3 双摄 AI 版,未知版本,letv
LEX850,mob,letv,乐视,,,未知机型,,letv
L5,mob,letv,乐视,,,Letv S1,5G,letv
Letv L6,mob,letv,乐视,,,Letv Y1 Pro,,letv
Letv L6B,mob,letv,乐视,,,Letv Y1 Pro+,,letv
Letv L7,mob,letv,乐视,,,Letv Y2 Pro,,letv
Letv L8,mob,letv,乐视,,,Letv S1 Pro,5G,letv
Letv L9,mob,letv,乐视,,,Letv S3 Pro,,letv
M8,mob,meizu,魅族,,,魅族 M8,,meizu
M8SE,mob,meizu,魅族,,,魅族 M8,SE,meizu
M9,mob,meizu,魅族,,,魅族 M9,,meizu
M030,mob,meizu,魅族,,,魅族 MX 双核,,meizu
M031,mob,meizu,魅族,,,魅族 MX 双核,新版,meizu
M032,mob,meizu,魅族,,m03,魅族 MX 四核,,meizu
M040,mob,meizu,魅族,,m04,魅族 MX2,联通版,meizu
M045,mob,meizu,魅族,,m04,魅族 MX2,移动版,meizu
M351,mob,meizu,魅族,,m35,魅族 MX3,联通版 (16GB),meizu
M353,mob,meizu,魅族,,m35,魅族 MX3,联通版 (32GB/64GB),meizu
M355,mob,meizu,魅族,,m35,魅族 MX3,移动版 (16GB),meizu
M356,mob,meizu,魅族,,m35,魅族 MX3,移动版 (32GB/64GB),meizu
M460,mob,meizu,魅族,,m75,魅族 MX4,移动版,meizu
M460A,mob,meizu,魅族,,m75,魅族 MX4,YunOS 版,meizu
M461,mob,meizu,魅族,,m75,魅族 MX4,联通版,meizu
M460H,mob,meizu,魅族,,m75,魅族 MX4,国际版,meizu
M462,mob,meizu,魅族,,m76,魅族 MX4 Pro,移动版,meizu
M462U,mob,meizu,魅族,,m76,魅族 MX4 Pro,联通版,meizu
M462H,mob,meizu,魅族,,m76,魅族 MX4 Pro,国际版,meizu
M575,mob,meizu,魅族,,m85,魅族 MX5,公开版,meizu
M575M,mob,meizu,魅族,,m85,魅族 MX5,移动版,meizu
M575U,mob,meizu,魅族,,m85,魅族 MX5,联通版,meizu
M575H,mob,meizu,魅族,,m85,魅族 MX5,国际版,meizu
M685Q,mob,meizu,魅族,,m95,魅族 MX6,公开版,meizu
M685M,mob,meizu,魅族,,m95,魅族 MX6,移动版,meizu
M685U,mob,meizu,魅族,,m95,魅族 MX6,联通版,meizu
M685C,mob,meizu,魅族,,m95,魅族 MX6,电信版,meizu
M685H,mob,meizu,魅族,,m95,魅族 MX6,国际版,meizu
M576,mob,meizu,魅族,,m86,魅族 PRO 5,公开版,meizu
M576U,mob,meizu,魅族,,m86,魅族 PRO 5,联通版,meizu
M576H,mob,meizu,魅族,,m86,魅族 PRO 5,国际版,meizu
M570Q,mob,meizu,魅族,,m80,魅族 PRO 6,公开版,meizu
M570M,mob,meizu,魅族,,m80,魅族 PRO 6,移动版,meizu
M570C,mob,meizu,魅族,,m80,魅族 PRO 6,电信版,meizu
M570H,mob,meizu,魅族,,m80,魅族 PRO 6,国际版,meizu
M570Q-S,mob,meizu,魅族,,m80,魅族 PRO 6s,,meizu
M686,mob,meizu,魅族,,m96,魅族 PRO 6 Plus,64GB,meizu
M686G,mob,meizu,魅族,,m96,魅族 PRO 6 Plus,128GB,meizu
M686H,mob,meizu,魅族,,m96,魅族 PRO 6 Plus,国际版,meizu
M792Q-L,mob,meizu,魅族,,m1792L,魅族 PRO 7,公开版 (64GB),meizu
M792M-L,mob,meizu,魅族,,m1792L,魅族 PRO 7,移动版 (64GB),meizu
M792C-L,mob,meizu,魅族,,m1792L,魅族 PRO 7,电信版 (64GB),meizu
M792H,mob,meizu,魅族,,m1792L,魅族 PRO 7,国际版,meizu
M792Q,mob,meizu,魅族,,m1792,魅族 PRO 7,公开版 (128GB),meizu
M792C,mob,meizu,魅族,,m1792,魅族 PRO 7,电信版 (128GB),meizu
M793Q,mob,meizu,魅族,,m1793,魅族 PRO 7 Plus,公开版,meizu
M793H,mob,meizu,魅族,,m1793,魅族 PRO 7 Plus,国际版,meizu
M881Q,mob,meizu,魅族,,m1881,魅族 15,公开版,meizu
M881M,mob,meizu,魅族,,m1881,魅族 15,移动版,meizu
M881H,mob,meizu,魅族,,m1881,魅族 15,国际版,meizu
M891Q,mob,meizu,魅族,,m1891,魅族 15 Plus,公开版,meizu
M891H,mob,meizu,魅族,,m1891,魅族 15 Plus,国际版,meizu
M871Q,mob,meizu,魅族,,m1871,魅族 M15,公开版,meizu
M871H,mob,meizu,魅族,,m1871,魅族 M15,15 Lite 国际版,meizu
M882Q,mob,meizu,魅族,,m1882,魅族 16th,公开版,meizu
M882H,mob,meizu,魅族,,m1882,魅族 16th,国际版,meizu
M892Q,mob,meizu,魅族,,m1892,魅族 16th Plus,公开版,meizu
M872Q,mob,meizu,魅族,,m1872,魅族 16 X,公开版,meizu
M872H,mob,meizu,魅族,,m1872,魅族 16 X,国际版,meizu
M971Q,mob,meizu,魅族,,m1971,魅族 16s,公开版,meizu
M971H,mob,meizu,魅族,,m1971,魅族 16s,国际版,meizu
M926Q,mob,meizu,魅族,,m1926,魅族 16Xs,公开版,meizu
M926H,mob,meizu,魅族,,m1926,魅族 16Xs,国际版,meizu
M973Q,mob,meizu,魅族,,m1973,魅族 16s Pro,公开版,meizu
M928Q,mob,meizu,魅族,,m1928,魅族 16T,公开版,meizu
M081Q,mob,meizu,魅族,,m2081,魅族 17,公开版,meizu
M081M,mob,meizu,魅族,,m2081,魅族 17,运营商定制版,meizu
M091Q,mob,meizu,魅族,,m2091,魅族 17 Pro,公开版,meizu
M091M,mob,meizu,魅族,,m2091,魅族 17 Pro,运营商定制版,meizu
M181Q,mob,meizu,魅族,,m2181,魅族 18,,meizu
M191Q,mob,meizu,魅族,,m2191,魅族 18 Pro,,meizu
M172Q,mob,meizu,魅族,,m2172,魅族 18X,,meizu
M182Q,mob,meizu,魅族,,m2182,魅族 18s,,meizu
M192Q,mob,meizu,魅族,,m2192,魅族 18s Pro,,meizu
M381Q,mob,meizu,魅族,,m2381,魅族 20,,meizu
M381Q,mob,meizu,魅族,,m2381,魅族 20 Classic,,meizu
M391Q,mob,meizu,魅族,,m2391,魅族 20 PRO,,meizu
M392Q,mob,meizu,魅族,,m2392,魅族 20 INFINITY 无界版,,meizu
M461Q,mob,meizu,魅族,,m2461,魅族 21,公开版,meizu
M461H,mob,meizu,魅族,,m2461,魅族 21,国际版,meizu
M481Q,mob,meizu,魅族,,m2481,魅族 21 PRO,,meizu
M481S,mob,meizu,魅族,,m2481,魅族 21 PRO,Flyme 钛好用版,meizu
M468Q,mob,meizu,魅族,,m2468,魅族 21 Note,公开版,meizu
M468H,mob,meizu,魅族,,m2468,魅族 21 Note,国际版,meizu
M582Q,mob,meizu,魅族,,m2582,魅族 22,,meizu
M582V,mob,meizu,魅族,,m2582,魅族 22,16GB+1TB,meizu
M431Q,mob,meizu,魅族,,m2431,魅族 Lucky 08,公开版,meizu
M852Q,mob,meizu,魅族,,m1852,魅族 X8,公开版,meizu
M852H,mob,meizu,魅族,,m1852,魅族 X8,国际版,meizu
M813Q,mob,meizu,魅族,,m1813,魅族 V8 高配版,,meizu
M813H,mob,meizu,魅族,,m1813,魅族 V8 高配版,M8 国际版,meizu
M816Q,mob,meizu,魅族,,m1816,魅族 V8 标配版,,meizu
M816H,mob,meizu,魅族,,m1816,魅族 V8 标配版,M8 Lite 国际版,meizu
M822Q,mob,meizu,魅族,,m1822,魅族 Note8,公开版,meizu
M822H,mob,meizu,魅族,,m1822,魅族 Note8,国际版,meizu
M923Q,mob,meizu,魅族,,m1923,魅族 Note9,公开版,meizu
M923H,mob,meizu,魅族,,m1923,魅族 Note9,国际版,meizu
M521Q,mob,meizu,魅族,,m2521,魅族 Note 16,,meizu
M531Q,mob,meizu,魅族,,m2531,魅族 Note 16 Pro,,meizu
M411H,mob,meizu,魅族,,m2411,魅族 Note 21,国际版,meizu
M411L,mob,meizu,魅族,,m2411,魅族 Note 21,国际版,meizu
M412H,mob,meizu,魅族,,m2412,魅族 Note 21 Pro,国际版,meizu
M513H,mob,meizu,魅族,,m2513,魅族 Note 22,国际版,meizu
M810H,mob,meizu,魅族,,m1810,魅族 M8c,国际版,meizu
M818H,mob,meizu,魅族,,m1818,魅族 C9,国际版,meizu
M819H,mob,meizu,魅族,,m1819,魅族 C9 Pro,国际版,meizu
M918H,mob,meizu,魅族,,m1918,魅族 M10,国际版,meizu
M463M,mob,meizu,魅族,,m71,魅蓝 note,移动版,meizu
M463U,mob,meizu,魅族,,m71,魅蓝 note,联通版,meizu
M463C,mob,meizu,魅族,,m71,魅蓝 note,电信版,meizu
M463H,mob,meizu,魅族,,m71,魅蓝 note,魅族 m1 note 国际版,meizu
M571,mob,meizu,魅族,,m81,魅蓝 note2,公开版,meizu
M571M,mob,meizu,魅族,,m81,魅蓝 note2,移动版,meizu
M571U,mob,meizu,魅族,,m81,魅蓝 note2,联通版,meizu
M571C,mob,meizu,魅族,,m81,魅蓝 note2,电信版,meizu
M571H,mob,meizu,魅族,,m81,魅蓝 note2,魅族 m2 note 国际版,meizu
M681Q,mob,meizu,魅族,,m91,魅蓝 Note3,公开版,meizu
L681Q,mob,meizu,魅族,,m91,魅蓝 Note3,公开版,meizu
M681M,mob,meizu,魅族,,m91,魅蓝 Note3,移动版,meizu
L681M,mob,meizu,魅族,,m91,魅蓝 Note3,移动版,meizu
M681C,mob,meizu,魅族,,m91,魅蓝 Note3,电信版,meizu
L681C,mob,meizu,魅族,,m91,魅蓝 Note3,电信版,meizu
M681H,mob,meizu,魅族,,m91,魅蓝 Note3,魅族 M3 note 国际版,meizu
L681H,mob,meizu,魅族,,m91,魅蓝 Note3,魅族 M3 note 国际版,meizu
M621Q,mob,meizu,魅族,,m1621,魅蓝 Note5,公开版,meizu
M621M,mob,meizu,魅族,,m1621,魅蓝 Note5,移动版,meizu
M621C,mob,meizu,魅族,,m1621,魅蓝 Note5,电信版,meizu
M621C-S,mob,meizu,魅族,,m1621,魅蓝 Note5,电信版,meizu
M621H,mob,meizu,魅族,,m1621,魅蓝 Note5,魅族 M5 Note 国际版,meizu
M721Q,mob,meizu,魅族,,m1721,魅蓝 Note6,公开版,meizu
M721M,mob,meizu,魅族,,m1721,魅蓝 Note6,移动版,meizu
M721C,mob,meizu,魅族,,m1721,魅蓝 Note6,电信版,meizu
M721H,mob,meizu,魅族,,m1721,魅蓝 Note6,魅族 M6 Note 国际版,meizu
A680Q,mob,meizu,魅族,,a02,魅蓝 E,公开版,meizu
A680M,mob,meizu,魅族,,a02,魅蓝 E,移动版,meizu
A680H,mob,meizu,魅族,,a02,魅蓝 E,魅族 M3E 国际版,meizu
M741A,mob,meizu,魅族,,m1741,魅蓝 E2,公开版,meizu
M741Y,mob,meizu,魅族,,m1741,魅蓝 E2,移动版,meizu
M851Q,mob,meizu,魅族,,m1851,魅蓝 E3,公开版,meizu
M851M,mob,meizu,魅族,,m1851,魅蓝 E3,移动版,meizu
M682Q,mob,meizu,魅族,,m92,魅蓝 X,,meizu
M465M,mob,meizu,魅族,,m79,魅蓝,移动版,meizu
M465A,mob,meizu,魅族,,m79,魅蓝,YunOS 版,meizu
M578,mob,meizu,魅族,,m88,魅蓝 2,公开版,meizu
M578A,mob,meizu,魅族,,m88,魅蓝 2,YunOS 公开版,meizu
M578M,mob,meizu,魅族,,m88,魅蓝 2,移动版,meizu
M578MA,mob,meizu,魅族,,m88,魅蓝 2,YunOS 移动版,meizu
M578U,mob,meizu,魅族,,m88,魅蓝 2,联通版,meizu
M578C,mob,meizu,魅族,,m88,魅蓝 2,电信版,meizu
M578CA,mob,meizu,魅族,,m88,魅蓝 2,YunOS 电信版,meizu
M578CE,mob,meizu,魅族,,m88,魅蓝 2,电信定制版,meizu
M578H,mob,meizu,魅族,,m88,魅蓝 2,魅族 m2 国际版,meizu
M688Q,mob,meizu,魅族,,m98,魅蓝 3,公开版,meizu
M688M,mob,meizu,魅族,,m98,魅蓝 3,移动定制版,meizu
M688U,mob,meizu,魅族,,m98,魅蓝 3,联通版,meizu
M688C,mob,meizu,魅族,,m98,魅蓝 3,电信版,meizu
Y685Q,mob,meizu,魅族,,y15,魅蓝 3s,公开版,meizu
Y685M,mob,meizu,魅族,,y15,魅蓝 3s,移动版,meizu
Y685C,mob,meizu,魅族,,y15,魅蓝 3s,电信版,meizu
Y685H,mob,meizu,魅族,,y15,魅蓝 3s,魅族 M3s 国际版,meizu
M611A,mob,meizu,魅族,,m1611,魅蓝 5,公开版,meizu
M611Y,mob,meizu,魅族,,m1611,魅蓝 5,移动版,meizu
M611D,mob,meizu,魅族,,m1611,魅蓝 5,电信版,meizu
M611H,mob,meizu,魅族,,m1611,魅蓝 5,魅族 M5 国际版,meizu
M612Q,mob,meizu,魅族,,m1612,魅蓝 5s,公开版,meizu
M612M,mob,meizu,魅族,,m1612,魅蓝 5s,移动版,meizu
M612C,mob,meizu,魅族,,m1612,魅蓝 5s,电信版,meizu
M612H,mob,meizu,魅族,,m1612,魅蓝 5s,魅族 M5s 国际版,meizu
M711Q,mob,meizu,魅族,,m1711,魅蓝 6,公开版,meizu
M711M,mob,meizu,魅族,,m1711,魅蓝 6,移动版,meizu
M711C,mob,meizu,魅族,,m1711,魅蓝 6,电信版,meizu
M711H,mob,meizu,魅族,,m1711,魅蓝 6,魅族 M6 国际版,meizu
M712Q,mob,meizu,魅族,,m1712,魅蓝 S6,公开版,meizu
M712Q-B,mob,meizu,魅族,,m1712,魅蓝 S6,公开版,meizu
M712M,mob,meizu,魅族,,m1712,魅蓝 S6,移动版,meizu
M712C,mob,meizu,魅族,,m1712,魅蓝 S6,电信版,meizu
M712H,mob,meizu,魅族,,m1712,魅蓝 S6,魅族 M6s 国际版,meizu
M811Q,mob,meizu,魅族,,m1811,魅蓝 6T,公开版,meizu
M811H,mob,meizu,魅族,,m1811,魅蓝 6T,魅族 M6T 国际版,meizu
M2112,mob,meizu,魅族,,m2112,魅蓝 10,,meizu
M2111,mob,meizu,魅族,,m2111,魅蓝 10s,,meizu
M421Q,mob,meizu,魅族,,m2421,魅蓝 20,,meizu
M421Q,mob,meizu,魅族,,m2421,魅蓝 20C,,meizu
M421Q,mob,meizu,魅族,,m2421,魅族 M20,,meizu
M416H,mob,meizu,魅族,,m2416,魅族 Mblu 21,国际版,meizu
M416L,mob,meizu,魅族,,m2416,魅族 Mblu 21,国际版,meizu
M511H,mob,meizu,魅族,,m2511,魅族 Mblu 22,国际版,meizu
M512H,mob,meizu,魅族,,m2512,魅族 Mblu 22 Pro,国际版,meizu
S685Q,mob,meizu,魅族,,s25,魅蓝 Max,公开版,meizu
S685M,mob,meizu,魅族,,s25,魅蓝 Max,移动版,meizu
S685C,mob,meizu,魅族,,s25,魅蓝 Max,电信版,meizu
S685H,mob,meizu,魅族,,s25,魅蓝 Max,魅族 M3 Max 国际版,meizu
U680A,mob,meizu,魅族,,u10,魅蓝 U10,公开版,meizu
U680Y,mob,meizu,魅族,,u10,魅蓝 U10,移动版,meizu
U680D,mob,meizu,魅族,,u10,魅蓝 U10,电信版,meizu
U680H,mob,meizu,魅族,,u10,魅蓝 U10,国际版,meizu
U685Q,mob,meizu,魅族,,u15,魅蓝 U20,公开版,meizu
U685M,mob,meizu,魅族,,u15,魅蓝 U20,移动版,meizu
U685C,mob,meizu,魅族,,u15,魅蓝 U20,电信版,meizu
U685H,mob,meizu,魅族,,u15,魅蓝 U20,国际版,meizu
M57A,mob,meizu,魅族,,ma01,魅蓝 metal,公开版,meizu
M57AM,mob,meizu,魅族,,ma01,魅蓝 metal,移动版,meizu
M57AU,mob,meizu,魅族,,ma01,魅蓝 metal,联通版,meizu
M57AC,mob,meizu,魅族,,ma01,魅蓝 metal,电信版,meizu
M710M,mob,meizu,魅族,,m1710,魅蓝 A5,移动定制版,meizu
M710H,mob,meizu,魅族,,m1710,魅蓝 A5,魅族 M5c 国际版,meizu
M468Q,mob,meizu,魅族,,m2468l,Lync & Co Phone Note,,meizu
M481S,mob,meizu,魅族,,m2481l,Lync & Co Phone Pro,,meizu
M481S,mob,meizu,魅族,,m2481s,Polestar Phone,,meizu
M481R,mob,meizu,魅族,,m2481r,HongQi Wonder,,meizu
M8,mob,meizu,MEIZU,,,MEIZU M8,,meizu_en
M8SE,mob,meizu,MEIZU,,,MEIZU M8,SE,meizu_en
M9,mob,meizu,MEIZU,,,MEIZU M9,,meizu_en
M030,mob,meizu,MEIZU,,,MEIZU MX,Dual Core,meizu_en
M031,mob,meizu,MEIZU,,,MEIZU MX,(Dual Core) (New),meizu_en
M032,mob,meizu,MEIZU,,m03,MEIZU MX (Quad Core),,meizu_en
M040,mob,meizu,MEIZU,,m04,MEIZU MX2,China Unicom,meizu_en
M045,mob,meizu,MEIZU,,m04,MEIZU MX2,China Mobile,meizu_en
M351,mob,meizu,MEIZU,,m35,MEIZU MX3,16GB China Unicom,meizu_en
M353,mob,meizu,MEIZU,,m35,MEIZU MX3,32GB / 64GB China Unicom,meizu_en
M355,mob,meizu,MEIZU,,m35,MEIZU MX3,16GB China Mobile,meizu_en
M356,mob,meizu,MEIZU,,m35,MEIZU MX3,32GB / 64GB China Mobile,meizu_en
M460H,mob,meizu,MEIZU,,m75,MEIZU MX4,Global,meizu_en
M460,mob,meizu,MEIZU,,m75,MEIZU MX4,China Mobile,meizu_en
M460A,mob,meizu,MEIZU,,m75,MEIZU MX4,YunOS Edition,meizu_en
M461,mob,meizu,MEIZU,,m75,MEIZU MX4,China Unicom,meizu_en
M462H,mob,meizu,MEIZU,,m76,MEIZU MX4 Pro,Global,meizu_en
M462,mob,meizu,MEIZU,,m76,MEIZU MX4 Pro,China Mobile,meizu_en
M462U,mob,meizu,MEIZU,,m76,MEIZU MX4 Pro,China Unicom,meizu_en
M575H,mob,meizu,MEIZU,,m85,MEIZU MX5,Global,meizu_en
M575,mob,meizu,MEIZU,,m85,MEIZU MX5,China,meizu_en
M575M,mob,meizu,MEIZU,,m85,MEIZU MX5,China Mobile,meizu_en
M575U,mob,meizu,MEIZU,,m85,MEIZU MX5,China Unicom,meizu_en
M685H,mob,meizu,MEIZU,,m95,MEIZU MX6,Global,meizu_en
M685Q,mob,meizu,MEIZU,,m95,MEIZU MX6,China,meizu_en
M685M,mob,meizu,MEIZU,,m95,MEIZU MX6,China Mobile,meizu_en
M685U,mob,meizu,MEIZU,,m95,MEIZU MX6,China Unicom,meizu_en
M685C,mob,meizu,MEIZU,,m95,MEIZU MX6,China Telecom,meizu_en
M576H,mob,meizu,MEIZU,,m86,MEIZU PRO 5,Global,meizu_en
M576,mob,meizu,MEIZU,,m86,MEIZU PRO 5,China,meizu_en
M576U,mob,meizu,MEIZU,,m86,MEIZU PRO 5,China Unicom,meizu_en
M570H,mob,meizu,MEIZU,,m80,MEIZU PRO 6,Global,meizu_en
M570Q,mob,meizu,MEIZU,,m80,MEIZU PRO 6,China,meizu_en
M570M,mob,meizu,MEIZU,,m80,MEIZU PRO 6,China Mobile,meizu_en
M570C,mob,meizu,MEIZU,,m80,MEIZU PRO 6,China Telecom,meizu_en
M570Q-S,mob,meizu,MEIZU,,m80,MEIZU PRO 6s,,meizu_en
M686H,mob,meizu,MEIZU,,m96,MEIZU PRO 6 Plus,Global,meizu_en
M686,mob,meizu,MEIZU,,m96,MEIZU PRO 6 Plus,64GB China,meizu_en
M686G,mob,meizu,MEIZU,,m96,MEIZU PRO 6 Plus,128GB China,meizu_en
M792H,mob,meizu,MEIZU,,m1792L,MEIZU PRO 7,Global,meizu_en
M792Q-L,mob,meizu,MEIZU,,m1792L,MEIZU PRO 7,64GB China,meizu_en
M792M-L,mob,meizu,MEIZU,,m1792L,MEIZU PRO 7,64GB China Mobile,meizu_en
M792C-L,mob,meizu,MEIZU,,m1792L,MEIZU PRO 7,64GB China Telecom,meizu_en
M792Q,mob,meizu,MEIZU,,m1792,MEIZU PRO 7,128GB China,meizu_en
M792C,mob,meizu,MEIZU,,m1792,MEIZU PRO 7,128GB China Telecom,meizu_en
M793H,mob,meizu,MEIZU,,m1793,MEIZU PRO 7 Plus,Global,meizu_en
M793Q,mob,meizu,MEIZU,,m1793,MEIZU PRO 7 Plus,China,meizu_en
M881H,mob,meizu,MEIZU,,m1881,MEIZU 15,Global,meizu_en
M881Q,mob,meizu,MEIZU,,m1881,MEIZU 15,China,meizu_en
M881M,mob,meizu,MEIZU,,m1881,MEIZU 15,China Mobile,meizu_en
M891H,mob,meizu,MEIZU,,m1891,MEIZU 15 Plus,Global,meizu_en
M891Q,mob,meizu,MEIZU,,m1891,MEIZU 15 Plus,China,meizu_en
M871H,mob,meizu,MEIZU,,m1871,MEIZU 15 Lite,Global,meizu_en
M871Q,mob,meizu,MEIZU,,m1871,MEIZU 15 Lite,M15 China,meizu_en
M882H,mob,meizu,MEIZU,,m1882,MEIZU 16th,Global,meizu_en
M882Q,mob,meizu,MEIZU,,m1882,MEIZU 16th,China,meizu_en
M892Q,mob,meizu,MEIZU,,m1892,MEIZU 16th Plus,,meizu_en
M872H,mob,meizu,MEIZU,,m1872,MEIZU 16,Global,meizu_en
M872Q,mob,meizu,MEIZU,,m1872,MEIZU 16,X China,meizu_en
M971H,mob,meizu,MEIZU,,m1971,MEIZU 16s,Global,meizu_en
M971Q,mob,meizu,MEIZU,,m1971,MEIZU 16s,China,meizu_en
M926H,mob,meizu,MEIZU,,m1926,MEIZU 16Xs,Global,meizu_en
M926Q,mob,meizu,MEIZU,,m1926,MEIZU 16Xs,China,meizu_en
M973Q,mob,meizu,MEIZU,,m1973,MEIZU 16s Pro,,meizu_en
M928Q,mob,meizu,MEIZU,,m1928,MEIZU 16T,,meizu_en
M081Q,mob,meizu,MEIZU,,m2081,MEIZU 17,China,meizu_en
M081M,mob,meizu,MEIZU,,m2081,MEIZU 17,Carrier version,meizu_en
M091Q,mob,meizu,MEIZU,,m2091,MEIZU 17 Pro,China,meizu_en
M091M,mob,meizu,MEIZU,,m2091,MEIZU 17 Pro,Carrier version,meizu_en
M181Q,mob,meizu,MEIZU,,m2181,MEIZU 18,,meizu_en
M191Q,mob,meizu,MEIZU,,m2191,MEIZU 18 Pro,,meizu_en
M172Q,mob,meizu,MEIZU,,m2172,MEIZU 18X,,meizu_en
M182Q,mob,meizu,MEIZU,,m2182,MEIZU 18s,,meizu_en
M192Q,mob,meizu,MEIZU,,m2192,MEIZU 18s Pro,,meizu_en
M381Q,mob,meizu,MEIZU,,m2381,MEIZU 20,,meizu_en
M381Q,mob,meizu,MEIZU,,m2381,MEIZU 20 Classic,,meizu_en
M391Q,mob,meizu,MEIZU,,m2391,MEIZU 20 PRO,,meizu_en
M392Q,mob,meizu,MEIZU,,m2392,MEIZU 20 INFINITY,,meizu_en
M461Q,mob,meizu,MEIZU,,m2461,MEIZU 21,China,meizu_en
M461H,mob,meizu,MEIZU,,m2461,MEIZU 21,Global,meizu_en
M481Q,mob,meizu,MEIZU,,m2481,MEIZU 21 PRO,,meizu_en
M481S,mob,meizu,MEIZU,,m2481,MEIZU 21 PRO,UWB,meizu_en
M468Q,mob,meizu,MEIZU,,m2468,MEIZU 21 Note,China,meizu_en
M468H,mob,meizu,MEIZU,,m2468,MEIZU 21 Note,Global,meizu_en
M582Q,mob,meizu,MEIZU,,m2582,MEIZU 22,,meizu_en
M582V,mob,meizu,MEIZU,,m2582,MEIZU 22,16GB+1TB,meizu_en
M431Q,mob,meizu,MEIZU,,m2431,MEIZU Lucky 08,,meizu_en
M463H,mob,meizu,MEIZU,,m71,MEIZU m1 note,Global,meizu_en
M463M,mob,meizu,MEIZU,,m71,MEIZU m1 note,China Mobile,meizu_en
M463U,mob,meizu,MEIZU,,m71,MEIZU m1 note,China Unicom,meizu_en
M463C,mob,meizu,MEIZU,,m71,MEIZU m1 note,China Telecom,meizu_en
M571H,mob,meizu,MEIZU,,m81,MEIZU m2 note,Global,meizu_en
M571,mob,meizu,MEIZU,,m81,MEIZU m2 note,China,meizu_en
M571M,mob,meizu,MEIZU,,m81,MEIZU m2 note,China Mobile,meizu_en
M571U,mob,meizu,MEIZU,,m81,MEIZU m2 note,China Unicom,meizu_en
M571C,mob,meizu,MEIZU,,m81,MEIZU m2 note,China Telecom,meizu_en
M681H,mob,meizu,MEIZU,,m91,MEIZU M3 note,Global,meizu_en
L681H,mob,meizu,MEIZU,,m91,MEIZU M3 note,Global,meizu_en
M681Q,mob,meizu,MEIZU,,m91,MEIZU M3 note,China,meizu_en
L681Q,mob,meizu,MEIZU,,m91,MEIZU M3 note,China,meizu_en
M681M,mob,meizu,MEIZU,,m91,MEIZU M3 note,China Mobile,meizu_en
L681M,mob,meizu,MEIZU,,m91,MEIZU M3 note,China Mobile,meizu_en
M681C,mob,meizu,MEIZU,,m91,MEIZU M3 note,China Telecom,meizu_en
L681C,mob,meizu,MEIZU,,m91,MEIZU M3 note,China Telecom,meizu_en
M621H,mob,meizu,MEIZU,,m1621,MEIZU M5 Note,Global,meizu_en
M621Q,mob,meizu,MEIZU,,m1621,MEIZU M5 Note,China,meizu_en
M621M,mob,meizu,MEIZU,,m1621,MEIZU M5 Note,China Mobile,meizu_en
M621C,mob,meizu,MEIZU,,m1621,MEIZU M5 Note,China Telecom,meizu_en
M621C-S,mob,meizu,MEIZU,,m1621,MEIZU M5 Note,China Telecom,meizu_en
M721H,mob,meizu,MEIZU,,m1721,MEIZU M6 Note,Global,meizu_en
M721Q,mob,meizu,MEIZU,,m1721,MEIZU M6 Note,China,meizu_en
M721M,mob,meizu,MEIZU,,m1721,MEIZU M6 Note,China Mobile,meizu_en
M721C,mob,meizu,MEIZU,,m1721,MEIZU M6 Note,China Telecom,meizu_en
M822H,mob,meizu,MEIZU,,m1822,MEIZU Note 8,Global,meizu_en
M822Q,mob,meizu,MEIZU,,m1822,MEIZU Note 8,China,meizu_en
M923H,mob,meizu,MEIZU,,m1923,MEIZU Note 9,Global,meizu_en
M923Q,mob,meizu,MEIZU,,m1923,MEIZU Note 9,China,meizu_en
M521Q,mob,meizu,MEIZU,,m2521,MEIZU Note 16,,meizu_en
M531Q,mob,meizu,MEIZU,,m2531,MEIZU Note 16 Pro,,meizu_en
M411H,mob,meizu,MEIZU,,m2411,MEIZU Note 21,Global,meizu_en
M411L,mob,meizu,MEIZU,,m2411,MEIZU Note 21,Global,meizu_en
M412H,mob,meizu,MEIZU,,m2412,MEIZU Note 21 Pro,Global,meizu_en
M513H,mob,meizu,MEIZU,,m2513,MEIZU Note 22,Global,meizu_en
A680H,mob,meizu,MEIZU,,a02,MEIZU M3E,Global,meizu_en
A680Q,mob,meizu,MEIZU,,a02,MEIZU M3E,1 E China,meizu_en
A680M,mob,meizu,MEIZU,,a02,MEIZU M3E,1 E China Mobile,meizu_en
M741A,mob,meizu,MEIZU,,m1741,MEIZU E2,China,meizu_en
M741Y,mob,meizu,MEIZU,,m1741,MEIZU E2,China Mobile,meizu_en
M851Q,mob,meizu,MEIZU,,m1851,MEIZU E3,China,meizu_en
M851M,mob,meizu,MEIZU,,m1851,MEIZU E3,China Mobile,meizu_en
M852H,mob,meizu,MEIZU,,m1852,MEIZU X8,Global,meizu_en
M852Q,mob,meizu,MEIZU,,m1852,MEIZU X8,China,meizu_en
M682Q,mob,meizu,MEIZU,,m92,MEIZU M3X,,meizu_en
M465M,mob,meizu,MEIZU,,m79,MEIZU m1,China Mobile,meizu_en
M465A,mob,meizu,MEIZU,,m79,MEIZU m1,YunOS Edition,meizu_en
M578H,mob,meizu,MEIZU,,m88,MEIZU m2,Global,meizu_en
M578,mob,meizu,MEIZU,,m88,MEIZU m2,China,meizu_en
M578A,mob,meizu,MEIZU,,m88,MEIZU m2,YunOS Edition,meizu_en
M578M,mob,meizu,MEIZU,,m88,MEIZU m2,China Mobile,meizu_en
M578MA,mob,meizu,MEIZU,,m88,MEIZU m2,YunOS Edition China Mobile,meizu_en
M578U,mob,meizu,MEIZU,,m88,MEIZU m2,China Unicom,meizu_en
M578C,mob,meizu,MEIZU,,m88,MEIZU m2,China Telecom,meizu_en
M578CE,mob,meizu,MEIZU,,m88,MEIZU m2,China Telecom,meizu_en
M578CA,mob,meizu,MEIZU,,m88,MEIZU m2,YunOS Edition China Telecom,meizu_en
M688Q,mob,meizu,MEIZU,,m98,MEIZU M3,China,meizu_en
M688M,mob,meizu,MEIZU,,m98,MEIZU M3,China Mobile,meizu_en
M688U,mob,meizu,MEIZU,,m98,MEIZU M3,China Unicom,meizu_en
M688C,mob,meizu,MEIZU,,m98,MEIZU M3,China Telecom,meizu_en
Y685H,mob,meizu,MEIZU,,y15,MEIZU M3s,Global,meizu_en
Y685Q,mob,meizu,MEIZU,,y15,MEIZU M3s,China,meizu_en
Y685M,mob,meizu,MEIZU,,y15,MEIZU M3s,China Mobile,meizu_en
Y685C,mob,meizu,MEIZU,,y15,MEIZU M3s,China Telecom,meizu_en
M611H,mob,meizu,MEIZU,,m1611,MEIZU M5,Global,meizu_en
M611A,mob,meizu,MEIZU,,m1611,MEIZU M5,China,meizu_en
M611Y,mob,meizu,MEIZU,,m1611,MEIZU M5,China Mobile,meizu_en
M611D,mob,meizu,MEIZU,,m1611,MEIZU M5,China Telecom,meizu_en
M612H,mob,meizu,MEIZU,,m1612,MEIZU M5s,Global,meizu_en
M612Q,mob,meizu,MEIZU,,m1612,MEIZU M5s,China,meizu_en
M612M,mob,meizu,MEIZU,,m1612,MEIZU M5s,China Mobile,meizu_en
M612C,mob,meizu,MEIZU,,m1612,MEIZU M5s,China Telecom,meizu_en
M710H,mob,meizu,MEIZU,,m1710,MEIZU M5c,Global,meizu_en
M710M,mob,meizu,MEIZU,,m1710,MEIZU M5c,China Mobile,meizu_en
M711H,mob,meizu,MEIZU,,m1711,MEIZU M6,Global,meizu_en
M711Q,mob,meizu,MEIZU,,m1711,MEIZU M6,China,meizu_en
M711M,mob,meizu,MEIZU,,m1711,MEIZU M6,China Mobile,meizu_en
M711C,mob,meizu,MEIZU,,m1711,MEIZU M6,China Telecom,meizu_en
M712H,mob,meizu,MEIZU,,m1712,MEIZU M6s,Global,meizu_en
M712Q,mob,meizu,MEIZU,,m1712,MEIZU M6s,China,meizu_en
M712Q-B,mob,meizu,MEIZU,,m1712,MEIZU M6s,China,meizu_en
M712M,mob,meizu,MEIZU,,m1712,MEIZU M6s,China Mobile,meizu_en
M712C,mob,meizu,MEIZU,,m1712,MEIZU M6s,China Telecom,meizu_en
M811H,mob,meizu,MEIZU,,m1811,MEIZU M6T,Global,meizu_en
M811Q,mob,meizu,MEIZU,,m1811,MEIZU M6T,China,meizu_en
M813H,mob,meizu,MEIZU,,m1813,MEIZU M8 (2018),Global,meizu_en
M813Q,mob,meizu,MEIZU,,m1813,MEIZU M8 (2018),V8 Pro China,meizu_en
M816H,mob,meizu,MEIZU,,m1816,MEIZU M8 Lite,Global,meizu_en
M816Q,mob,meizu,MEIZU,,m1816,MEIZU M8 Lite,V8 China,meizu_en
M810H,mob,meizu,MEIZU,,m1810,MEIZU M8c,Global,meizu_en
M918H,mob,meizu,MEIZU,,m1918,MEIZU M10,Global,meizu_en
M2112,mob,meizu,MEIZU,,m2112,mblu 10,,meizu_en
M2111,mob,meizu,MEIZU,,m2111,mblu 10s,,meizu_en
M421Q,mob,meizu,MEIZU,,m2421,MEIZU M20,,meizu_en
M421Q,mob,meizu,MEIZU,,m2421,MEIZU mblu 20,,meizu_en
M416H,mob,meizu,MEIZU,,m2416,MEIZU Mblu 21,Global,meizu_en
M416L,mob,meizu,MEIZU,,m2416,MEIZU Mblu 21,Global,meizu_en
M511H,mob,meizu,MEIZU,,m2511,MEIZU Mblu 22,Global,meizu_en
M512H,mob,meizu,MEIZU,,m2512,MEIZU Mblu 22 Pro,Global,meizu_en
S685H,mob,meizu,MEIZU,,s25,MEIZU M3 Max,Global,meizu_en
S685Q,mob,meizu,MEIZU,,s25,MEIZU M3 Max,China,meizu_en
S685M,mob,meizu,MEIZU,,s25,MEIZU M3 Max,China Mobile,meizu_en
S685C,mob,meizu,MEIZU,,s25,MEIZU M3 Max,China Telecom,meizu_en
M57A,mob,meizu,MEIZU,,ma01,MEIZU m1 metal,China,meizu_en
M57AM,mob,meizu,MEIZU,,ma01,MEIZU m1 metal,China Mobile,meizu_en
M57AU,mob,meizu,MEIZU,,ma01,MEIZU m1 metal,China Unicom,meizu_en
M57AC,mob,meizu,MEIZU,,ma01,MEIZU m1 metal,China Telecom,meizu_en
U680H,mob,meizu,MEIZU,,u10,MEIZU U10,Global,meizu_en
U680A,mob,meizu,MEIZU,,u10,MEIZU U10,China,meizu_en
U680Y,mob,meizu,MEIZU,,u10,MEIZU U10,China Mobile,meizu_en
U680D,mob,meizu,MEIZU,,u10,MEIZU U10,China Telecom,meizu_en
U685H,mob,meizu,MEIZU,,u15,MEIZU U20,Global,meizu_en
U685Q,mob,meizu,MEIZU,,u15,MEIZU U20,China,meizu_en
U685M,mob,meizu,MEIZU,,u15,MEIZU U20,China Mobile,meizu_en
U685C,mob,meizu,MEIZU,,u15,MEIZU U20,China Telecom,meizu_en
M818H,mob,meizu,MEIZU,,m1818,MEIZU C9,Global,meizu_en
M819H,mob,meizu,MEIZU,,m1819,MEIZU C9 Pro,Global,meizu_en
M468Q,mob,meizu,MEIZU,,m2468l,Lync & Co Phone Note,,meizu_en
M481S,mob,meizu,MEIZU,,m2481l,Lync & Co Phone Pro,,meizu_en
M481S,mob,meizu,MEIZU,,m2481s,Polestar Phone,,meizu_en
M481R,mob,meizu,MEIZU,,m2481r,HongQi Wonder,,meizu_en
L47M1-AA,tv,mitv,小米,,,小米电视,47 英寸,mitv_cn
L40M2-AA,tv,mitv,小米,,,小米电视 2,40 英寸,mitv_cn
L49M2-AA,tv,mitv,小米,,,小米电视 2,49 英寸,mitv_cn
L55M2-AA,tv,mitv,小米,,,小米电视 2,55 英寸,mitv_cn
L48M3-AA,tv,mitv,小米,,,小米电视 2S,48 英寸,mitv_cn
L48M3-AR,tv,mitv,小米,,,小米电视 2S,48 英寸,mitv_cn
L55M4-AA,tv,mitv,小米,,,小米电视 3,55 英寸,mitv_cn
L55M4-AR,tv,mitv,小米,,,小米电视 3,55 英寸,mitv_cn
L60M4-AA,tv,mitv,小米,,,小米电视 3,60 英寸,mitv_cn
L60M4-AR,tv,mitv,小米,,,小米电视 3,60 英寸,mitv_cn
L70M4-AA,tv,mitv,小米,,,小米电视 3,70 英寸,mitv_cn
L43M3-AA,tv,mitv,小米,,,小米电视 3s,43 英寸,mitv_cn
L43M3-AR,tv,mitv,小米,,,小米电视 3s,43 英寸,mitv_cn
L48M3-AF,tv,mitv,小米,,,小米电视 3s,48 英寸,mitv_cn
L55M5-AA,tv,mitv,小米,,,小米电视 3s,55 英寸,mitv_cn
L60M5-AA,tv,mitv,小米,,,小米电视 3s,60 英寸,mitv_cn
L65M5-AA,tv,mitv,小米,,,小米电视 3s,65 英寸,mitv_cn
L65M4-AQ,tv,mitv,小米,,,小米电视 3s,65 英寸 曲面,mitv_cn
L32M5-AZ,tv,mitv,小米,,,小米电视 4A,32 英寸,mitv_cn
L32M5-AZ,tv,mitv,小米,,,小米电视 4A,32 英寸 SE,mitv_cn
L40M5-AD,tv,mitv,小米,,,小米电视 4A,40 英寸,mitv_cn
L43M5-AZ,tv,mitv,小米,,,小米电视 4A,43 英寸,mitv_cn
L43M5-AD,tv,mitv,小米,,,小米电视 4A,43 英寸 青春版 (2018),mitv_cn
L43M5-5A,tv,mitv,小米,,,小米电视 4A,43 英寸 青春版 (2019),mitv_cn
L43M5-AD,tv,mitv,小米,,,小米电视 4A,43 英寸 SE,mitv_cn
L49M5-AZ,tv,mitv,小米,,,小米电视 4A,49 英寸,mitv_cn
L50M5-AD,tv,mitv,小米,,,小米电视 4A,50 英寸 (2018),mitv_cn
L50M5-5A,tv,mitv,小米,,,小米电视 4A,50 英寸 (2019),mitv_cn
L50M5-5A,tv,mitv,小米,,,小米电视 4A,50 英寸 SE,mitv_cn
L55M5-AZ,tv,mitv,小米,,,小米电视 4A,55 英寸 (2017),mitv_cn
L55M5-AD,tv,mitv,小米,,,小米电视 4A,55 英寸 (2018),mitv_cn
L55M5-5A,tv,mitv,小米,,,小米电视 4A,55 英寸 (2019),mitv_cn
L58M5-4A,tv,mitv,小米,,,小米电视 4A,58 英寸,mitv_cn
L60M5-4A,tv,mitv,小米,,,小米电视 4A,60 英寸,mitv_cn
L65M5-AZ,tv,mitv,小米,,,小米电视 4A,65 英寸 (2017),mitv_cn
L65M5-AD,tv,mitv,小米,,,小米电视 4A,65 英寸 (2018),mitv_cn
L65M5-5A,tv,mitv,小米,,,小米电视 4A,65 英寸 (2019),mitv_cn
L70M5-4A,tv,mitv,小米,,,小米电视 4A,70 英寸,mitv_cn
L49M5-AB,tv,mitv,小米,,,小米电视 4,49 英寸,mitv_cn
L55M5-AB,tv,mitv,小米,,,小米电视 4,55 英寸,mitv_cn
L65M5-AB,tv,mitv,小米,,,小米电视 4,65 英寸,mitv_cn
L65M5-4,tv,mitv,小米,,,小米电视 4,65 英寸 全面屏旗舰版,mitv_cn
L75M5-AB,tv,mitv,小米,,,小米电视 4,75 英寸,mitv_cn
L32M5-AD,tv,mitv,小米,,,小米电视 4C,32 英寸,mitv_cn
L40M5-4C,tv,mitv,小米,,,小米电视 4C,40 英寸,mitv_cn
L40M5-4C,tv,mitv,小米,,,小米电视 4C,40 英寸 SE,mitv_cn
L43M5-AX,tv,mitv,小米,,,小米电视 4C,43 英寸,mitv_cn
L50M5-AD,tv,mitv,小米,,,小米电视 4C,50 英寸,mitv_cn
L55M5-AZ,tv,mitv,小米,,,小米电视 4C,55 英寸,mitv_cn
L65M5-4C,tv,mitv,小米,,,小米电视 4C,65 英寸,mitv_cn
L32M5-AD,tv,mitv,小米,,,小米电视 4S,32 英寸,mitv_cn
L43M5-AU,tv,mitv,小米,,,小米电视 4S,43 英寸 (2018),mitv_cn
L43M5-5S,tv,mitv,小米,,,小米电视 4S,43 英寸 (2019),mitv_cn
L50M5-AD,tv,mitv,小米,,,小米电视 4S,50 英寸 (2018),mitv_cn
L50M5-5S,tv,mitv,小米,,,小米电视 4S,50 英寸 (2019),mitv_cn
L55M5-AD,tv,mitv,小米,,,小米电视 4S,55 英寸 (2018),mitv_cn
L55M5-5S,tv,mitv,小米,,,小米电视 4S,55 英寸 (2019),mitv_cn
L55M5-AQ,tv,mitv,小米,,,小米电视 4S,55 英寸 曲面,mitv_cn
L58M5-4C,tv,mitv,小米,,,小米电视 4S,58 英寸,mitv_cn
L65M5-AD,tv,mitv,小米,,,小米电视 4S,65 英寸 (2018),mitv_cn
L65M5-5S,tv,mitv,小米,,,小米电视 4S,65 英寸 (2019),mitv_cn
L65M5-AD,tv,mitv,小米,,,小米电视 4S,65 英寸 PRO,mitv_cn
L70M5-4S,tv,mitv,小米,,,小米电视 4S,70 英寸,mitv_cn
L75M5-4S,tv,mitv,小米,,,小米电视 4S,75 英寸,mitv_cn
L43M5-4X,tv,mitv,小米,,,小米电视 4X,43 英寸,mitv_cn
L55M5-AD,tv,mitv,小米,,,小米电视 4X,55 英寸,mitv_cn
L65M5-4X,tv,mitv,小米,,,小米电视 4X,65 英寸,mitv_cn
L55M6-5,tv,mitv,小米,,,小米电视 5,55 英寸,mitv_cn
L65M6-5,tv,mitv,小米,,,小米电视 5,65 英寸,mitv_cn
L75M6-5,tv,mitv,小米,,,小米电视 5,75 英寸,mitv_cn
L55M6-5P,tv,mitv,小米,,,小米电视 5 Pro,55 英寸,mitv_cn
L65M6-5P,tv,mitv,小米,,,小米电视 5 Pro,65 英寸,mitv_cn
L75M6-5P,tv,mitv,小米,,,小米电视 5 Pro,75 英寸,mitv_cn
L55M7-Z2,tv,mitv,小米,,,小米电视 6 OLED,55 英寸,mitv_cn
L65M7-Z2,tv,mitv,小米,,,小米电视 6 OLED,65 英寸,mitv_cn
L55M7-Z1,tv,mitv,小米,,,小米电视 6 至尊版,55 英寸,mitv_cn
L65M7-Z1,tv,mitv,小米,,,小米电视 6 至尊版,65 英寸,mitv_cn
L75M7-Z1,tv,mitv,小米,,,小米电视 6 至尊版,75 英寸,mitv_cn
L32M5-AD,tv,mitv,小米,,,小米全面屏电视,E32A,mitv_cn
L32M5-EC,tv,mitv,小米,,,小米全面屏电视,E32C,mitv_cn
L40M5-FA,tv,mitv,小米,,,小米全面屏电视,E40A,mitv_cn
L43M5-FA,tv,mitv,小米,,,小米全面屏电视,E43A,mitv_cn
L43M5-EC,tv,mitv,小米,,,小米全面屏电视,E43C,mitv_cn
L43M5-EK,tv,mitv,小米,,,小米全面屏电视,E43K,mitv_cn
L43M5-EX,tv,mitv,小米,,,小米全面屏电视,E43X,mitv_cn
L55M5-AZ,tv,mitv,小米,,,小米全面屏电视,E55A,mitv_cn
L55M5-EC,tv,mitv,小米,,,小米全面屏电视,E55C,mitv_cn
L55M5-EX,tv,mitv,小米,,,小米全面屏电视,E55X,mitv_cn
L65M5-EA,tv,mitv,小米,,,小米全面屏电视,E65A,mitv_cn
L65M5-EC,tv,mitv,小米,,,小米全面屏电视,E65C,mitv_cn
L65M5-EA,tv,mitv,小米,,,小米全面屏电视,E65X,mitv_cn
L32M6-ES,tv,mitv,小米,,,小米全面屏电视 Pro,E32S,mitv_cn
L43M5-ES,tv,mitv,小米,,,小米全面屏电视 Pro,E43S,mitv_cn
L55M5-ES,tv,mitv,小米,,,小米全面屏电视 Pro,E55S,mitv_cn
L65M5-ES,tv,mitv,小米,,,小米全面屏电视 Pro,E65S,mitv_cn
L75M5-ES,tv,mitv,小米,,,小米全面屏电视 Pro,E75S,mitv_cn
L55M5-AB,tv,mitv,小米,,,小米全面屏电视 Pro,小米电视 55 英寸 全面屏 PRO,mitv_cn
L65M5-4,tv,mitv,小米,,,小米全面屏电视 Pro,小米电视 65 英寸 全面屏 PRO,mitv_cn
L32M7-EA,tv,mitv,小米,,,小米电视 EA,32 2022,mitv_cn
L40M7-EA,tv,mitv,小米,,,小米电视 EA,40 2022,mitv_cn
L43M7-EA,tv,mitv,小米,,,小米电视 EA,43 2022,mitv_cn
L50M7-EA,tv,mitv,小米,,,小米电视 EA,50 2022,mitv_cn
L55M7-EA,tv,mitv,小米,,,小米电视 EA,55 2022,mitv_cn
L58M7-EA,tv,mitv,小米,,,小米电视 EA,58 2022,mitv_cn
L60M7-EA,tv,mitv,小米,,,小米电视 EA,60 2022,mitv_cn
L65M7-EA,tv,mitv,小米,,,小米电视 EA,65 2022,mitv_cn
L70M7-EA,tv,mitv,小米,,,小米电视 EA,70 2022,mitv_cn
L75M7-EA,tv,mitv,小米,,,小米电视 EA,75 2022,mitv_cn
L32MA-E,tv,mitv,小米,,,小米电视 EA,32 (2023),mitv_cn
L43MA-E,tv,mitv,小米,,,小米电视 EA,43 (2023),mitv_cn
L50MA-EA,tv,mitv,小米,,,小米电视 EA,50 (2023),mitv_cn
L55MA-EA,tv,mitv,小米,,,小米电视 EA,55 (2023),mitv_cn
L65MA-EA,tv,mitv,小米,,,小米电视 EA,65 (2023),mitv_cn
L70MA-EA,tv,mitv,小米,,,小米电视 EA,70 (2023),mitv_cn
L75MA-EA,tv,mitv,小米,,,小米电视 EA,75 (2023),mitv_cn
L55M9-EP,tv,mitv,小米,,,小米电视 EA Pro,55,mitv_cn
L55MA-EP,tv,mitv,小米,,,小米电视 EA Pro,55 高刷版,mitv_cn
L65M9-EP,tv,mitv,小米,,,小米电视 EA Pro,65,mitv_cn
L65MA-EP,tv,mitv,小米,,,小米电视 EA Pro,65 高刷版,mitv_cn
L75M9-EP,tv,mitv,小米,,,小米电视 EA Pro,75,mitv_cn
L75MA-EP,tv,mitv,小米,,,小米电视 EA Pro,75 高刷版,mitv_cn
L86M9-EP,tv,mitv,小米,,,小米电视 EA Pro,86,mitv_cn
L43M7-ES,tv,mitv,小米,,,小米电视 ES,43 2022,mitv_cn
L50M7-ES,tv,mitv,小米,,,小米电视 ES,50 2022,mitv_cn
L55M7-ES,tv,mitv,小米,,,小米电视 ES,55 2022,mitv_cn
L65M7-ES,tv,mitv,小米,,,小米电视 ES,65 2022,mitv_cn
L70M7-ES,tv,mitv,小米,,,小米电视 ES,70 2022,mitv_cn
L75M7-ES,tv,mitv,小米,,,小米电视 ES,75 2022,mitv_cn
L55M9-SP,tv,mitv,小米,,,小米电视 ES Pro,55,mitv_cn
L65M9-SP,tv,mitv,小米,,,小米电视 ES Pro,65,mitv_cn
L75M9-SP,tv,mitv,小米,,,小米电视 ES Pro,75,mitv_cn
L86M8-ES,tv,mitv,小米,,,小米电视 ES Pro,86,mitv_cn
L90M9-EP,tv,mitv,小米,,,小米电视 ES Pro,90,mitv_cn
L32MA-A,tv,mitv,小米,,,小米电视 A,32,mitv_cn
L43MA-A,tv,mitv,小米,,,小米电视 A,43,mitv_cn
L50MA-A,tv,mitv,小米,,,小米电视 A,50,mitv_cn
L55MA-A,tv,mitv,小米,,,小米电视 A,55,mitv_cn
L55MA-AC,tv,mitv,小米,,,小米电视 A,55 竞技版,mitv_cn
L65MA-A,tv,mitv,小米,,,小米电视 A,65,mitv_cn
L65MA-AC,tv,mitv,小米,,,小米电视 A,65 竞技版,mitv_cn
L70MA-A,tv,mitv,小米,,,小米电视 A,70,mitv_cn
L75MA-A,tv,mitv,小米,,,小米电视 A,75,mitv_cn
L75MA-AC,tv,mitv,小米,,,小米电视 A,75 竞技版,mitv_cn
L43MA-AP,tv,mitv,小米,,,小米电视 A Pro,43,mitv_cn
L55MA-AP,tv,mitv,小米,,,小米电视 A Pro,55,mitv_cn
L65MA-AP,tv,mitv,小米,,,小米电视 A Pro,65,mitv_cn
L75MA-AP,tv,mitv,小米,,,小米电视 A Pro,75,mitv_cn
L85RA-EP,tv,mitv,小米,,,小米电视 A Pro,85,mitv_cn
L55M9-S,tv,mitv,小米,,,小米电视 S,55,mitv_cn
L65M9-S,tv,mitv,小米,,,小米电视 S,65,mitv_cn
L75M9-S,tv,mitv,小米,,,小米电视 S,75,mitv_cn
L85MA-S,tv,mitv,小米,,,小米电视 S,85,mitv_cn
L55MA-SPL,tv,mitv,小米,N32,,小米电视 S Mini LED,55 Mini LED,mitv_cn
L65MA-SPL,tv,mitv,小米,N32,,小米电视 S Mini LED,65 Mini LED,mitv_cn
L75MA-SPL,tv,mitv,小米,N32,,小米电视 S Mini LED,75 Mini LED,mitv_cn
L85MA-SPL,tv,mitv,小米,N32,,小米电视 S Mini LED,85 Mini LED,mitv_cn
L55MB-S,tv,mitv,小米,O32,,小米电视 S Mini LED 2025,55 Mini LED 2025,mitv_cn
L65MB-S,tv,mitv,小米,O32,,小米电视 S Mini LED 2025,65 Mini LED 2025,mitv_cn
L75MB-S,tv,mitv,小米,O32,,小米电视 S Mini LED 2025,75 Mini LED 2025,mitv_cn
L85MB-S,tv,mitv,小米,O32,,小米电视 S Mini LED 2025,85 Mini LED 2025,mitv_cn
L98MB-S,tv,mitv,小米,O32,,小米电视 S Mini LED 2025,98 Mini LED 2025,mitv_cn
L55MC-S,tv,mitv,小米,,,小米电视 S Mini LED 2026,55 Mini LED 2026,mitv_cn
L55MC-SD,tv,mitv,小米,,,小米电视 S Mini LED 2026,55 Mini LED 2026 至尊版,mitv_cn
L65MC-S,tv,mitv,小米,,,小米电视 S Mini LED 2026,65 Mini LED 2026,mitv_cn
L65MC-SD,tv,mitv,小米,,,小米电视 S Mini LED 2026,65 Mini LED 2026 至尊版,mitv_cn
L75MC-S,tv,mitv,小米,,,小米电视 S Mini LED 2026,75 Mini LED 2026,mitv_cn
L75MC-SD,tv,mitv,小米,,,小米电视 S Mini LED 2026,75 Mini LED 2026 至尊版,mitv_cn
L85MC-S,tv,mitv,小米,,,小米电视 S Mini LED 2026,85 Mini LED 2026,mitv_cn
L85MC-SD,tv,mitv,小米,,,小米电视 S Mini LED 2026,85 Mini LED 2026 至尊版,mitv_cn
L100MC-S,tv,mitv,小米,,,小米电视 S Mini LED 2026,100 Mini LED 2026,mitv_cn
L100MC-SD,tv,mitv,小米,,,小米电视 S Mini LED 2026,100 Mini LED 2026 至尊版,mitv_cn
L65MA-SM,tv,mitv,小米,,,小米电视 S Pro,65 Mini LED,mitv_cn
L75MA-SM,tv,mitv,小米,,,小米电视 S Pro,75 Mini LED,mitv_cn
L85MA-SM,tv,mitv,小米,,,小米电视 S Pro,85 Mini LED,mitv_cn
L100MA-SP,tv,mitv,小米,,,小米电视 S Pro,100,mitv_cn
L65MB-SP,tv,mitv,小米,,,小米电视 S Pro Mini LED 2025,65 Mini LED 2025,mitv_cn
L75MB-SP,tv,mitv,小米,,,小米电视 S Pro Mini LED 2025,75 Mini LED 2025,mitv_cn
L85MB-SP,tv,mitv,小米,,,小米电视 S Pro Mini LED 2025,85 Mini LED 2025,mitv_cn
L100MB-SP,tv,mitv,小米,,,小米电视 S Pro Mini LED 2025,100 Mini LED 2025,mitv_cn
L65MC-SP,tv,mitv,小米,,,小米电视 S Pro Mini LED 2026,65 Mini LED 2026,mitv_cn
L75MC-SP,tv,mitv,小米,,,小米电视 S Pro Mini LED 2026,75 Mini LED 2026,mitv_cn
L85MC-SP,tv,mitv,小米,,,小米电视 S Pro Mini LED 2026,85 Mini LED 2026,mitv_cn
L98MC-SP,tv,mitv,小米,,,小米电视 S Pro Mini LED 2026,98 Mini LED 2026,mitv_cn
L65M5-BH,tv,mitv,小米,,,小米壁画电视,65 英寸,mitv_cn
L75M5-BH,tv,mitv,小米,,,小米壁画电视,75 英寸,mitv_cn
L55M6-TM,tv,mitv,小米,,,小米透明电视,55 英寸,mitv_cn
L65M5-OD,tv,mitv,小米,,,小米电视 大师系列,65 英寸 OLED,mitv_cn
O77M8-MAS,tv,mitv,小米,,,小米电视 大师系列,77 英寸 OLED,mitv_cn
L82M6-4K,tv,mitv,小米,,,小米电视 大师系列,82 英寸,mitv_cn
L82M6-8KP,tv,mitv,小米,,,小米电视 大师系列,82 英寸 至尊纪念版,mitv_cn
L86M9-MAS,tv,mitv,小米,,,小米电视 大师系列,86 英寸 Mini LED,mitv_cn
L55M8-SP,tv,mitv,小米,,,小米电子水牌,55 英寸,mitv_cn
L40M5-RA,tv,mitv,小米,,,Redmi 智能电视 A,红米电视 40 英寸 R40A,mitv_cn
L42R7-RA,tv,mitv,小米,,,Redmi 智能电视 A,42 英寸,mitv_cn
L70M5-RA,tv,mitv,小米,,,Redmi 智能电视 A,红米电视 70 英寸 R70A,mitv_cn
L32R6-A,tv,mitv,小米,,,Redmi 智能电视 A,32 (2020),mitv_cn
L43R6-A,tv,mitv,小米,,,Redmi 智能电视 A,43 (2020),mitv_cn
L50R6-A,tv,mitv,小米,,,Redmi 智能电视 A,50 (2020),mitv_cn
L55R6-A,tv,mitv,小米,,,Redmi 智能电视 A,55 (2020),mitv_cn
L65R6-A,tv,mitv,小米,,,Redmi 智能电视 A,65 (2020),mitv_cn
L32R8-A,tv,mitv,小米,,,Redmi 智能电视 A 2022,32 2022,mitv_cn
L43R8-A,tv,mitv,小米,,,Redmi 智能电视 A 2022,43 2022,mitv_cn
L50R8-A,tv,mitv,小米,,,Redmi 智能电视 A 2022,50 2022,mitv_cn
L55R8-A,tv,mitv,小米,,,Redmi 智能电视 A 2022,55 2022,mitv_cn
L58R8-A,tv,mitv,小米,,,Redmi 智能电视 A 2022,58 2022,mitv_cn
L65R8-A,tv,mitv,小米,,,Redmi 智能电视 A 2022,65 2022,mitv_cn
L70R8-A,tv,mitv,小米,,,Redmi 智能电视 A 2022,70 2022,mitv_cn
L75R8-A,tv,mitv,小米,,,Redmi 智能电视 A 2022,75 2022,mitv_cn
L32RA-RA,tv,mitv,小米,N39,,Redmi 智能电视 A 2024,32 2024,mitv_cn
L43RA-RA,tv,mitv,小米,N39,,Redmi 智能电视 A 2024,43 2024,mitv_cn
L50RA-RA,tv,mitv,小米,N39,,Redmi 智能电视 A 2024,50 2024,mitv_cn
L55RA-RA,tv,mitv,小米,N39,,Redmi 智能电视 A 2024,55 2024,mitv_cn
L65RA-RA,tv,mitv,小米,N39,,Redmi 智能电视 A 2024,65 2024,mitv_cn
L70RA-RA,tv,mitv,小米,N39,,Redmi 智能电视 A 2024,70 2024,mitv_cn
L75MA-RA,tv,mitv,小米,N39,,Redmi 智能电视 A 2024,75 2024,mitv_cn
L32RA-RA,tv,mitv,小米,O39,,Redmi 智能电视 A 2025,32 2025,mitv_cn
L43RA-RA,tv,mitv,小米,O39,,Redmi 智能电视 A 2025,43 2025,mitv_cn
L50RB-RA,tv,mitv,小米,O39,,Redmi 智能电视 A 2025,50 2025,mitv_cn
L55RB-RA,tv,mitv,小米,O39,,Redmi 智能电视 A 2025,55 2025,mitv_cn
L65RB-RA,tv,mitv,小米,O39,,Redmi 智能电视 A 2025,65 2025,mitv_cn
L70RB-RA,tv,mitv,小米,O39,,Redmi 智能电视 A 2025,70 2025,mitv_cn
L75MA-RA,tv,mitv,小米,O39,,Redmi 智能电视 A 2025,75 2025,mitv_cn
L32RA-RAE,tv,mitv,小米,O39,,REDMI 电视 A 2025,32 2025 节能版 (一级能效),mitv_cn
L43RA-RAE,tv,mitv,小米,O39,,REDMI 电视 A 2025,43 2025 节能版 (一级能效),mitv_cn
L50RB-RAE,tv,mitv,小米,O39,,REDMI 电视 A 2025,50 2025 节能版 (二级能效),mitv_cn
L50RB-RAD,tv,mitv,小米,O39,,REDMI 电视 A 2025,50 一级能效版,mitv_cn
L55RB-RAE,tv,mitv,小米,O39,,REDMI 电视 A 2025,55 2025 节能版 (一级能效),mitv_cn
L65RB-RAE,tv,mitv,小米,O39,,REDMI 电视 A 2025,65 2025 节能版 (一级能效),mitv_cn
L70RB-RAE,tv,mitv,小米,O39,,REDMI 电视 A 2025,70 2025 节能版 (一级能效),mitv_cn
L75MA-RAE,tv,mitv,小米,O39,,REDMI 电视 A 2025,75 2025 节能版 (一级能效),mitv_cn
L43RB-AP,tv,mitv,小米,,,Redmi 智能电视 A Pro,43,mitv_cn
L50RB-AP,tv,mitv,小米,,,Redmi 智能电视 A Pro,50 节能版 (二级能效),mitv_cn
L55RB-AP,tv,mitv,小米,,,Redmi 智能电视 A Pro,55 节能版 (二级能效),mitv_cn
L65RB-AP,tv,mitv,小米,,,Redmi 智能电视 A Pro,65 节能版 (二级能效),mitv_cn
L70RB-AP,tv,mitv,小米,,,Redmi 智能电视 A Pro,70 节能版 (二级能效),mitv_cn
L75RB-AP,tv,mitv,小米,,,Redmi 智能电视 A Pro,75 节能版 (一级能效),mitv_cn
L43RB-APE,tv,mitv,小米,,,REDMI 智能电视 A Pro 2025,43 2025 节能版 (二级能效),mitv_cn
L50RB-APE,tv,mitv,小米,,,REDMI 智能电视 A Pro 2025,50 2025 节能版 (二级能效),mitv_cn
L55RB-APE,tv,mitv,小米,,,REDMI 智能电视 A Pro 2025,55 2025 节能版 (二级能效),mitv_cn
L65RB-APE,tv,mitv,小米,,,REDMI 智能电视 A Pro 2025,65 2025 节能版 (二级能效),mitv_cn
L75RB-APE,tv,mitv,小米,,,REDMI 智能电视 A Pro 2025,75 2025 节能版 (一级能效),mitv_cn
L43RC-AP,tv,mitv,小米,,,REDMI 电视 A Pro 2025,43 2026,mitv_cn
L50RC-AP,tv,mitv,小米,,,REDMI 电视 A Pro 2025,50 2026,mitv_cn
L55RC-AP,tv,mitv,小米,,,REDMI 电视 A Pro 2025,55 2026,mitv_cn
L65RC-AP,tv,mitv,小米,,,REDMI 电视 A Pro 2025,65 2026,mitv_cn
L70RB-APD,tv,mitv,小米,,,REDMI 电视 A Pro 2025,70 2026,mitv_cn
L75RC-AP,tv,mitv,小米,,,REDMI 电视 A Pro 2025,75 2026,mitv_cn
L50M5-RK,tv,mitv,小米,,,Redmi 智能电视 X,50 (2020),mitv_cn
L55M5-RK,tv,mitv,小米,,,Redmi 智能电视 X,55 (2020),mitv_cn
L65M5-RK,tv,mitv,小米,,,Redmi 智能电视 X,65 (2020),mitv_cn
L50R8-X,tv,mitv,小米,,,Redmi 智能电视 X 2022,50 2022,mitv_cn
L55R8-X,tv,mitv,小米,,,Redmi 智能电视 X 2022,55 2022,mitv_cn
L65R8-X,tv,mitv,小米,,,Redmi 智能电视 X 2022,65 2022,mitv_cn
L75R8-X,tv,mitv,小米,,,Redmi 智能电视 X 2022,75 2022,mitv_cn
L85RA-RX,tv,mitv,小米,,,Redmi 智能电视 X 2022,85,mitv_cn
L86R9-X,tv,mitv,小米,,,Redmi 智能电视 X 2022,86,mitv_cn
L55RA-XT,tv,mitv,小米,,,Redmi 智能电视 XT,55T,mitv_cn
L65RA-XT,tv,mitv,小米,,,Redmi 智能电视 XT,65T,mitv_cn
L75RA-XT,tv,mitv,小米,,,Redmi 智能电视 XT,75T,mitv_cn
L55R9-XT,tv,mitv,小米,,,Redmi AI 智能电视 X,55,mitv_cn
L65R9-XT,tv,mitv,小米,,,Redmi AI 智能电视 X,65,mitv_cn
L75R9-XT,tv,mitv,小米,,,Redmi AI 智能电视 X,75,mitv_cn
L55MA-XT,tv,mitv,小米,,,Redmi AI 智能电视 X 2024,55 2024,mitv_cn
L65MA-XT,tv,mitv,小米,,,Redmi AI 智能电视 X 2024,65 2024,mitv_cn
L75MA-XT,tv,mitv,小米,,,Redmi AI 智能电视 X 2024,75 2024,mitv_cn
L55RB-XT,tv,mitv,小米,,,Redmi AI 智能电视 X 2025,55 2025,mitv_cn
L65RB-XT,tv,mitv,小米,,,Redmi AI 智能电视 X 2025,65 2025,mitv_cn
L75RB-XT,tv,mitv,小米,,,Redmi AI 智能电视 X 2025,75 2025,mitv_cn
L55RB-RX,tv,mitv,小米,,,Redmi 智能电视 X 2025,55 2025,mitv_cn
L65RB-RX,tv,mitv,小米,,,Redmi 智能电视 X 2025,65 2025,mitv_cn
L75RB-RX,tv,mitv,小米,,,Redmi 智能电视 X 2025,75 2025,mitv_cn
L85RB-RX,tv,mitv,小米,,,Redmi 智能电视 X 2025,85 2025,mitv_cn
L55RB-RXE,tv,mitv,小米,,,Redmi 电视 X 2025,55 2025 节能版 (二级能效),mitv_cn
L65RB-RXE,tv,mitv,小米,,,Redmi 电视 X 2025,65 2025 节能版 (二级能效),mitv_cn
L75RB-RXE,tv,mitv,小米,,,Redmi 电视 X 2025,75 2025 节能版 (一级能效),mitv_cn
L85RB-RXE,tv,mitv,小米,,,Redmi 电视 X 2025,85 2025 节能版 (一级能效),mitv_cn
L55RC-RX,tv,mitv,小米,,,REDMI 电视 X 2026,55 2026,mitv_cn
L65RC-RX,tv,mitv,小米,,,REDMI 电视 X 2026,65 2026,mitv_cn
L75RC-RX,tv,mitv,小米,,,REDMI 电视 X 2026,75 2026,mitv_cn
L85RC-RX,tv,mitv,小米,,,REDMI 电视 X 2026,85 2026,mitv_cn
L98RC-RX,tv,mitv,小米,,,REDMI 电视 X 2026,98 2026,mitv_cn
L65R9-XP,tv,mitv,小米,,,Redmi 智能电视 X Pro,65,mitv_cn
L75R9-XP,tv,mitv,小米,,,Redmi 智能电视 X Pro,75,mitv_cn
L85RA-RX,tv,mitv,小米,,,Redmi 智能电视 MAX,85 英寸,mitv_cn
L86R6-MAX,tv,mitv,小米,,,Redmi 智能电视 MAX,86 英寸,mitv_cn
L90R9-MAX,tv,mitv,小米,,,Redmi 智能电视 MAX,90 英寸,mitv_cn
L98M6-RK,tv,mitv,小米,,,Redmi 智能电视 MAX,98 英寸,mitv_cn
L100R8-MAX,tv,mitv,小米,,,Redmi 智能电视 MAX,100 英寸,mitv_cn
L85RB-MAX,tv,mitv,小米,N36,,Redmi 智能电视 MAX 2025,85 2025,mitv_cn
L85RB-MAXE,tv,mitv,小米,N36,,Redmi 智能电视 MAX 2025,电视 MAX 85 2025 节能版 (一级能效),mitv_cn
L100RA-MAX,tv,mitv,小米,N36,,Redmi 智能电视 MAX 2025,100 2025,mitv_cn
L100RA-MAXE,tv,mitv,小米,N36,,Redmi 智能电视 MAX 2025,电视 MAX 100 2025 节能版 (一级能效),mitv_cn
L85RC-MAXE,tv,mitv,小米,,,REDMI 电视 MAX 2026,85 一级能效版,mitv_cn
L85RC-AP,tv,mitv,小米,,,REDMI 电视 MAX 2026,85 2026,mitv_cn
L100RC-MAXE,tv,mitv,小米,,,REDMI 电视 MAX 2026,100 一级能效版,mitv_cn
L100RC-AP,tv,mitv,小米,,,REDMI 电视 MAX 2026,100 2026,mitv_cn
P27UDA-RGP,tv,mitv,小米,,,REDMI 显示器 G Pro 27U,,mitv_cn
P27UEA-RGP,tv,mitv,小米,,,REDMI 显示器 G Pro 27U 2026,,mitv_cn
P32UEA-RGP,tv,mitv,小米,,,REDMI 显示器 G Pro 32U 2026,,mitv_cn
MDZ-18-DA,tv_hub,mitv,小米,,,小米电视主机,,mitv_cn
MDZ-19-DA,tv_hub,mitv,小米,,,小米家庭影院,,mitv_cn
MDZ-05-AA,tv_hub,mitv,小米,,,小米盒子,,mitv_cn
MDZ-06-AA,tv_hub,mitv,小米,,,小米盒子,,mitv_cn
MDZ-06-AB,tv_hub,mitv,小米,,,小米盒子,,mitv_cn
MDZ-09-AA,tv_hub,mitv,小米,,,小米盒子,增强版 (iCNTV),mitv_cn
MDZ-09-AK,tv_hub,mitv,小米,,,小米盒子,增强版 (GITV),mitv_cn
MDZ-15-AA,tv_hub,mitv,小米,,,小米盒子,mini,mitv_cn
MDZ-16-AA,tv_hub,mitv,小米,,,小米盒子,3,mitv_cn
MDZ-16-AA,tv_hub,mitv,小米,,,小米盒子,3c,mitv_cn
MDZ-18-AA,tv_hub,mitv,小米,,,小米盒子,3 增强版,mitv_cn
MDZ-19-AA,tv_hub,mitv,小米,,,小米盒子,3s,mitv_cn
MDZ-21-AA,tv_hub,mitv,小米,,,小米盒子,4,mitv_cn
MDZ-20-AA,tv_hub,mitv,小米,,,小米盒子,4c,mitv_cn
MDZ-23-AA,tv_hub,mitv,小米,,,小米盒子,4 SE,mitv_cn
MDZ-25-AA,tv_hub,mitv,小米,,,小米盒子,4S,mitv_cn
MDZ-26-AA,tv_hub,mitv,小米,,,小米盒子,4S Pro,mitv_cn
MDZ-30-AA,tv_hub,mitv,小米,,,小米盒子,4S MAX,mitv_cn
MOB2MB-5P,tv_hub,mitv,小米,,,小米盒子,5,mitv_cn
MOB1MB-5M,tv_hub,mitv,小米,,,小米盒子,5 MAX,mitv_cn
L32M5-AI,tv,mitv,Xiaomi,,,Mi TV 4A,LED Smart TV 4A 32,mitv_global_en
L40M5-5AIN,tv,mitv,Xiaomi,,,Mi TV 4A,LED Smart TV 4A 40,mitv_global_en
L43M5-AI,tv,mitv,Xiaomi,,,Mi TV 4A,LED Smart TV 4A 43,mitv_global_en
L32M5-AL,tv,mitv,Xiaomi,,,Mi TV 4A,LED Smart TV 4A Pro 32,mitv_global_en
L43M5-AN,tv,mitv,Xiaomi,,,Mi TV 4A,LED Smart TV 4A Pro 43,mitv_global_en
L49M5-AN,tv,mitv,Xiaomi,,,Mi TV 4A,LED Smart TV 4A Pro 49,mitv_global_en
L32M6-EI,tv,mitv,Xiaomi,,,Mi TV 4A,32 Horizon,mitv_global_en
L40M6-EI,tv,mitv,Xiaomi,,,Mi TV 4A,40 Horizon,mitv_global_en
L43M6-EI,tv,mitv,Xiaomi,,,Mi TV 4A,43 Horizon,mitv_global_en
L55M5-AI,tv,mitv,Xiaomi,,,Mi TV 4,LED Smart TV 4 55,mitv_global_en
L55M5-AN,tv,mitv,Xiaomi,,,Mi TV 4,LED Smart TV 4 Pro 55,mitv_global_en
L32M6-INC,tv,mitv,Xiaomi,,,Mi TV 4C,32,mitv_global_en
L32M5-AN,tv,mitv,Xiaomi,,,Mi TV 4C,LED Smart TV 4C Pro 32,mitv_global_en
L43M6-INC,tv,mitv,Xiaomi,,,Mi TV 4C,LED TV 4C 43,mitv_global_en
L43M4-4AIN,tv,mitv,Xiaomi,,,Mi TV 4X,43,mitv_global_en
L50M5-5AIN,tv,mitv,Xiaomi,,,Mi TV 4X,50,mitv_global_en
L55M4-4XINA,tv,mitv,Xiaomi,,,Mi TV 4X,LED Smart TV 4X Pro 55,mitv_global_en
L55M5-5XIN,tv,mitv,Xiaomi,,,Mi TV 4X,55,mitv_global_en
L65M5-5SIN,tv,mitv,Xiaomi,,,Mi TV 4X,65,mitv_global_en
L43M6-ES,tv,mitv,Xiaomi,,,Mi TV 5X,43,mitv_global_en
L50M6-ES,tv,mitv,Xiaomi,,,Mi TV 5X,50,mitv_global_en
L55M6-ES,tv,mitv,Xiaomi,,,Mi TV 5X,55,mitv_global_en
L32M7-5AIN,tv,mitv,Xiaomi,,,Xiaomi Smart TV 5A,32,mitv_global_en
L40M7-EAIN,tv,mitv,Xiaomi,,,Xiaomi Smart TV 5A,40,mitv_global_en
L43M7-EAIN,tv,mitv,Xiaomi,,,Xiaomi Smart TV 5A,43,mitv_global_en
L32M8-5AIN,tv,mitv,Xiaomi,,,Xiaomi Smart TV A,32,mitv_global_en
L40M8-5AIN,tv,mitv,Xiaomi,,,Xiaomi Smart TV A,40,mitv_global_en
L43M8-5AIN,tv,mitv,Xiaomi,,,Xiaomi Smart TV A,43,mitv_global_en
L32MA-AIN,tv,mitv,Xiaomi,N39,,Xiaomi Smart TV A,32 2024,mitv_global_en
L43MA-AFIN,tv,mitv,Xiaomi,N39,,Xiaomi Smart TV A,43 2024,mitv_global_en
L43MA-AUIN,tv,mitv,Xiaomi,N39,,Xiaomi Smart TV A Pro,4K 43,mitv_global_en
L32MB-AIN,tv,mitv,Xiaomi,O39,,Xiaomi Smart TV A,32,mitv_global_en
L43MB-AFIN,tv,mitv,Xiaomi,O39,,Xiaomi Smart TV A,43 2025,mitv_global_en
L43M7-A2IN,tv,mitv,Xiaomi,,,Xiaomi Smart TV X,43,mitv_global_en
L43M8-A2IN,tv,mitv,Xiaomi,,,Xiaomi Smart TV X,43 2023,mitv_global_en
L50M7-A2IN,tv,mitv,Xiaomi,,,Xiaomi Smart TV X,50,mitv_global_en
L50M8-A2IN,tv,mitv,Xiaomi,,,Xiaomi Smart TV X,50 2023,mitv_global_en
L55M7-A2IN,tv,mitv,Xiaomi,,,Xiaomi Smart TV X,55,mitv_global_en
L55M8-A2IN,tv,mitv,Xiaomi,,,Xiaomi Smart TV X,55 2023,mitv_global_en
L65M8-A2IN,tv,mitv,Xiaomi,,,Xiaomi Smart TV X,65 2023,mitv_global_en
L43MA-AUIN,tv,mitv,Xiaomi,N39,,Xiaomi Smart TV X,43 2024,mitv_global_en
L50MA-AUIN,tv,mitv,Xiaomi,N39,,Xiaomi Smart TV X,50 2024,mitv_global_en
L55MA-AIN,tv,mitv,Xiaomi,N39,,Xiaomi Smart TV X,55 2024,mitv_global_en
L43MB-AIN,tv,mitv,Xiaomi,O39,,Xiaomi 4K TV X,43,mitv_global_en
L50MB-AIN,tv,mitv,Xiaomi,O39,,Xiaomi 4K TV X,50,mitv_global_en
L55MB-AIN,tv,mitv,Xiaomi,O39,,Xiaomi 4K TV X,55,mitv_global_en
L32MB-FIN,tv,mitv,Xiaomi,O39,,Xiaomi Smart TV F,32,mitv_global_en
L43MB-FIN,tv,mitv,Xiaomi,O39,,Xiaomi 4K TV FX,43,mitv_global_en
L55MB-FIN,tv,mitv,Xiaomi,O39,,Xiaomi 4K TV FX,55,mitv_global_en
L55M6-EQG,tv,mitv,Xiaomi,,,Mi QLED TV,Q1 4K 55,mitv_global_en
L75M6-ESG,tv,mitv,Xiaomi,,,Mi QLED TV,Q1 75,mitv_global_en
L43M8-5XIN,tv,mitv,Xiaomi,,,Xiaomi Smart TV X Pro,43,mitv_global_en
L43MA-SIN,tv,mitv,Xiaomi,,,Xiaomi Smart TV X Pro,QLED Series 43,mitv_global_en
L50M8-5XIN,tv,mitv,Xiaomi,,,Xiaomi Smart TV X Pro,50,mitv_global_en
L55M8-5XIN,tv,mitv,Xiaomi,,,Xiaomi Smart TV X Pro,55,mitv_global_en
L55MA-SIN,tv,mitv,Xiaomi,,,Xiaomi Smart TV X Pro,QLED Series 55,mitv_global_en
L65MA-SIN,tv,mitv,Xiaomi,,,Xiaomi Smart TV X Pro,QLED Series 65,mitv_global_en
L32MB-APIN,tv,mitv,Xiaomi,,,Xiaomi QLED TV A Pro,32,mitv_global_en
L32MB-APIN,tv,mitv,Xiaomi,,,Xiaomi Smart QLED TV,G 32,mitv_global_en
L43MB-APIN,tv,mitv,Xiaomi,,,Xiaomi QLED TV X Pro,43 2025,mitv_global_en
L55MB-APIN,tv,mitv,Xiaomi,,,Xiaomi QLED TV X Pro,55 2025,mitv_global_en
L65MB-APIN,tv,mitv,Xiaomi,,,Xiaomi QLED TV X Pro,65 2025,mitv_global_en
L75MB-APIN,tv,mitv,Xiaomi,,,Xiaomi QLED TV X Pro,75 2026,mitv_global_en
L43MB-FPIN,tv,mitv,Xiaomi,,,Xiaomi QLED TV FX Pro,43,mitv_global_en
L55MB-FPIN,tv,mitv,Xiaomi,,,Xiaomi QLED TV F Pro,55,mitv_global_en
L55MB-FPIN,tv,mitv,Xiaomi,,,Xiaomi QLED TV FX Pro,55,mitv_global_en
O55M7-Z2IN,tv,mitv,Xiaomi,,,Xiaomi OLED Vision TV,55,mitv_global_en
L55MC-IN,tv,mitv,Xiaomi,P32,,Xiaomi TV S Mini LED,55,mitv_global_en
L65MC-IN,tv,mitv,Xiaomi,P32,,Xiaomi TV S Mini LED,65,mitv_global_en
L75MC-IN,tv,mitv,Xiaomi,P32,,Xiaomi TV S Mini LED,75,mitv_global_en
L32M6-RA,tv,mitv,Xiaomi,,,Redmi Smart TV,32,mitv_global_en
L32M7-RA,tv,mitv,Xiaomi,,,Redmi Smart TV,32,mitv_global_en
L43M6-RA,tv,mitv,Xiaomi,,,Redmi Smart TV,43,mitv_global_en
L43M7-RA,tv,mitv,Xiaomi,,,Redmi Smart TV,43,mitv_global_en
L43R7-7AIN,tv,mitv,Xiaomi,,,Redmi Smart TV,X43,mitv_global_en
L50M6-RA,tv,mitv,Xiaomi,,,Redmi Smart TV,X50,mitv_global_en
L55M6-RA,tv,mitv,Xiaomi,,,Redmi Smart TV,X55,mitv_global_en
L65M6-RA,tv,mitv,Xiaomi,,,Redmi Smart TV,X65,mitv_global_en
L32R8-FVIN,tv,mitv,Xiaomi,,,Redmi Smart Fire TV,32,mitv_global_en
L32MA-FVIN,tv,mitv,Xiaomi,,,Redmi Smart Fire TV,32 2024,mitv_global_en
L43R8-FVIN,tv,mitv,Xiaomi,,,Redmi Smart Fire TV,43,mitv_global_en
L43MA-FVIN,tv,mitv,Xiaomi,,,Redmi Smart Fire TV,4K 43 2024,mitv_global_en
L55MA-FVIN,tv,mitv,Xiaomi,,,Redmi Smart Fire TV,4K 55 2024,mitv_global_en
MDZ-22-AB,tv_hub,mitv,Xiaomi,,,Mi Box,4K,mitv_global_en
L32M5-AN,tv,mitv,Xiaomi,,,Mi TV 4 (Indonesia),32,mitv_global_en
L43M5-AN,tv,mitv,Xiaomi,,,Mi TV 4 (Indonesia),43,mitv_global_en
L55M5-5XIN,tv,mitv,Xiaomi,,,Mi TV 4 (Indonesia),55,mitv_global_en
L32M6-EI,tv,mitv,Xiaomi,,,Mi TV 4 (Indonesia),32 Bezel-less,mitv_global_en
L43M6-EI,tv,mitv,Xiaomi,,,Mi TV 4 (Indonesia),43 Bezel-less,mitv_global_en
L55M6-EQG,tv,mitv,Xiaomi,,,Mi TV 4 (Indonesia),55 Bezel-less 4K,mitv_global_en
L32M5-AN,tv,mitv,Xiaomi,,,Mi TV 4A (Indonesia),32,mitv_global_en
L43M5-AN,tv,mitv,Xiaomi,,,Mi TV 4A (Indonesia),43,mitv_global_en
L32M5-5ARU,tv,mitv,Xiaomi,,,Mi TV 4A (Russia),32,mitv_global_en
L43M5-5ARU,tv,mitv,Xiaomi,,,Mi TV 4S (Russia),43,mitv_global_en
L50M5-5ARU,tv,mitv,Xiaomi,,,Mi TV 4S (Russia),50,mitv_global_en
L55M5-5ARU,tv,mitv,Xiaomi,,,Mi TV 4S (Russia),55,mitv_global_en
L32M5-5ASP,tv,mitv,Xiaomi,,,Mi TV 4A (Other regions),32,mitv_global_en
L43M5-5ASP,tv,mitv,Xiaomi,,,Mi TV 4S (Other regions),43,mitv_global_en
L55M5-5ASP,tv,mitv,Xiaomi,,,Mi TV 4S (Other regions),55,mitv_global_en
L65M5-5ASP,tv,mitv,Xiaomi,,,Mi TV 4S (Other regions),65,mitv_global_en
L32M6-6AEU,tv,mitv,Xiaomi,,,Mi TV P1 (Europe),32,mitv_global_en
L43M6-6AEU,tv,mitv,Xiaomi,,,Mi TV P1 (Europe),43,mitv_global_en
L50M6-6AEU,tv,mitv,Xiaomi,,,Mi TV P1 (Europe),50,mitv_global_en
L55M6-6AEU,tv,mitv,Xiaomi,,,Mi TV P1 (Europe),55,mitv_global_en
L32M6-6ARG,tv,mitv,Xiaomi,,,Mi TV P1 (Other regions),32,mitv_global_en
L43M6-6ARG,tv,mitv,Xiaomi,,,Mi TV P1 (Other regions),43,mitv_global_en
L50M6-6ARG,tv,mitv,Xiaomi,,,Mi TV P1 (Other regions),50,mitv_global_en
L55M6-6ARG,tv,mitv,Xiaomi,,,Mi TV P1 (Other regions),55,mitv_global_en
L43M7-7AEU,tv,mitv,Xiaomi,,,Xiaomi TV P1E (Europe),43,mitv_global_en
L55M7-7AEU,tv,mitv,Xiaomi,,,Xiaomi TV P1E (Europe),55,mitv_global_en
L75M6-ESG,tv,mitv,Xiaomi,,,Mi TV Q1,75,mitv_global_en
L55M6-ESG,tv,mitv,Xiaomi,,,Xiaomi TV Q1E,55,mitv_global_en
L50M7-Q2EU,tv,mitv,Xiaomi,,,Xiaomi TV Q2 (Europe),50,mitv_global_en
L55M7-Q2EU,tv,mitv,Xiaomi,,,Xiaomi TV Q2 (Europe),55,mitv_global_en
L65M7-Q2EU,tv,mitv,Xiaomi,,,Xiaomi TV Q2 (Europe),65,mitv_global_en
L50M7-Q2RU,tv,mitv,Xiaomi,,,Xiaomi TV Q2 (Russia),50,mitv_global_en
L55M7-Q2RU,tv,mitv,Xiaomi,,,Xiaomi TV Q2 (Russia),55,mitv_global_en
L65M7-Q2RU,tv,mitv,Xiaomi,,,Xiaomi TV Q2 (Russia),65,mitv_global_en
L65M7-Q2TWN,tv,mitv,Xiaomi,,,Xiaomi 智慧顯示器 Q2 (Taiwan),65 型,mitv_global_en
L32M7-EAEU,tv,mitv,Xiaomi,,,Xiaomi TV A2 (Europe),32,mitv_global_en
L43M7-EAEU,tv,mitv,Xiaomi,,,Xiaomi TV A2 (Europe),43,mitv_global_en
L50M7-EAEU,tv,mitv,Xiaomi,,,Xiaomi TV A2 (Europe),50,mitv_global_en
L55M7-EAEU,tv,mitv,Xiaomi,,,Xiaomi TV A2 (Europe),55,mitv_global_en
L58M7-EAEU,tv,mitv,Xiaomi,,,Xiaomi TV A2 (Europe),58,mitv_global_en
L32M7-EARU,tv,mitv,Xiaomi,,,Xiaomi TV A2 (Russia),32,mitv_global_en
L43M8-AFRU,tv,mitv,Xiaomi,,,Xiaomi TV A2 (Russia),43 FHD,mitv_global_en
L43M7-EARU,tv,mitv,Xiaomi,,,Xiaomi TV A2 (Russia),43 UHD,mitv_global_en
L50M7-EARU,tv,mitv,Xiaomi,,,Xiaomi TV A2 (Russia),50,mitv_global_en
L55M7-EARU,tv,mitv,Xiaomi,,,Xiaomi TV A2 (Russia),55,mitv_global_en
L65M8-A2RU,tv,mitv,Xiaomi,,,Xiaomi TV A2 (Russia),65,mitv_global_en
L43M7-ESEA,tv,mitv,Xiaomi,,,Xiaomi TV A2 (Southeast Asia),43 FHD,mitv_global_en
L58M7-EASEA,tv,mitv,Xiaomi,,,Xiaomi TV A2 (Southeast Asia),58,mitv_global_en
L32M7-EAID,tv,mitv,Xiaomi,,,Xiaomi TV A2 (Indonesia),32,mitv_global_en
L43M7-EAID,tv,mitv,Xiaomi,,,Xiaomi TV A2 (Indonesia),43 UHD,mitv_global_en
L55M7-EAID,tv,mitv,Xiaomi,,,Xiaomi TV A2 (Indonesia),55,mitv_global_en
L43M7-ETI,tv,mitv,Xiaomi,,,Xiaomi TV A2 (Thailand),43 FHD,mitv_global_en
L32M7-EAVN,tv,mitv,Xiaomi,,,Xiaomi TV A2 (Vietnam),32,mitv_global_en
L43M7-ETH,tv,mitv,Xiaomi,,,Xiaomi TV A2 (Vietnam),43 FHD,mitv_global_en
L43M7-EATWN,tv,mitv,Xiaomi,,,Xiaomi 智慧顯示器 A2 (Taiwan),43 型,mitv_global_en
L55M7-EATWN,tv,mitv,Xiaomi,,,Xiaomi 智慧顯示器 A2 (Taiwan),55 型,mitv_global_en
L32M7-EAUKR,tv,mitv,Xiaomi,,,Xiaomi TV A2 (Bangladesh),32,mitv_global_en
L43M7-EAUKR,tv,mitv,Xiaomi,,,Xiaomi TV A2 (Bangladesh),43 UHD,mitv_global_en
L55M7-EAUKR,tv,mitv,Xiaomi,,,Xiaomi TV A2 (Bangladesh),55,mitv_global_en
L32M7-FVEU,tv,mitv,Xiaomi,,,Xiaomi Fire TV F2,32,mitv_global_en
L43M7-FVEU,tv,mitv,Xiaomi,,,Xiaomi Fire TV F2,43,mitv_global_en
L50M7-FVEU,tv,mitv,Xiaomi,,,Xiaomi Fire TV F2,50,mitv_global_en
L55M7-FVEU,tv,mitv,Xiaomi,,,Xiaomi Fire TV F2,55,mitv_global_en
L32M8-P2EU,tv,mitv,Xiaomi,,,Xiaomi TV A (Europe),32,mitv_global_en
L43M8-P2EU,tv,mitv,Xiaomi,,,Xiaomi TV A (Europe),43 FHD,mitv_global_en
L50M8-P2EU,tv,mitv,Xiaomi,,,Xiaomi TV A (Europe),50,mitv_global_en
L55M8-P2EU,tv,mitv,Xiaomi,,,Xiaomi TV A (Europe),55,mitv_global_en
L32M8-A2RU,tv,mitv,Xiaomi,,,Xiaomi TV A (Russia),32,mitv_global_en
L32M8-P2SEA,tv,mitv,Xiaomi,,,Xiaomi TV A (Southeast Asia),32,mitv_global_en
L43M8-P2SEA,tv,mitv,Xiaomi,,,Xiaomi TV A (Southeast Asia),43 FHD,mitv_global_en
L55M8-P2SEA,tv,mitv,Xiaomi,,,Xiaomi TV A (Southeast Asia),55,mitv_global_en
L32M8-P2ID,tv,mitv,Xiaomi,,,Xiaomi TV A (Indonesia),32,mitv_global_en
L43M8-P2ID,tv,mitv,Xiaomi,,,Xiaomi TV A (Indonesia),43 FHD,mitv_global_en
L55M8-P2ID,tv,mitv,Xiaomi,,,Xiaomi TV A (Indonesia),55,mitv_global_en
L43MA-AUEU,tv,mitv,Xiaomi,N39,,Xiaomi TV A (Europe),43 2025,mitv_global_en
L50MA-AEU,tv,mitv,Xiaomi,N39,,Xiaomi TV A (Europe),50 2025,mitv_global_en
L55MA-AEU,tv,mitv,Xiaomi,N39,,Xiaomi TV A (Europe),55 2025,mitv_global_en
L65MA-AEU,tv,mitv,Xiaomi,N39,,Xiaomi TV A (Europe),65 2025,mitv_global_en
L43MA-AFRU,tv,mitv,Xiaomi,N39,,Xiaomi TV A (Russia),43 FHD 2025,mitv_global_en
L43MA-AURU,tv,mitv,Xiaomi,N39,,Xiaomi TV A (Russia),43 2025,mitv_global_en
L50MA-ARU,tv,mitv,Xiaomi,N39,,Xiaomi TV A (Russia),50 2025,mitv_global_en
L55MA-ARU,tv,mitv,Xiaomi,N39,,Xiaomi TV A (Russia),55 2025,mitv_global_en
L65MA-ARU,tv,mitv,Xiaomi,N39,,Xiaomi TV A (Russia),65 2025,mitv_global_en
L43MA-AFTWN,tv,mitv,Xiaomi,N39,,Xiaomi TV A (East Asia),43 FHD 2025,mitv_global_en
L55MA-ATWN,tv,mitv,Xiaomi,N39,,Xiaomi TV A (East Asia),55 2025,mitv_global_en
L65MA-ATWN,tv,mitv,Xiaomi,N39,,Xiaomi TV A (East Asia),65 2025,mitv_global_en
L50MA-AKR,tv,mitv,Xiaomi,N39,,Xiaomi TV A (South Korea),50 2025,mitv_global_en
L43MA-AFSEA,tv,mitv,Xiaomi,N39,,Xiaomi TV A (Southeast Asia),43 FHD 2025,mitv_global_en
L43MA-ASEA,tv,mitv,Xiaomi,N39,,Xiaomi TV A (Southeast Asia),43 UHD 2025,mitv_global_en
L55MA-ASEA,tv,mitv,Xiaomi,N39,,Xiaomi TV A (Southeast Asia),55 2025,mitv_global_en
L43MA-AFID,tv,mitv,Xiaomi,N39,,Xiaomi TV A (Indonesia),43 FHD 2025,mitv_global_en
L55MA-AID,tv,mitv,Xiaomi,N39,,Xiaomi TV A (Indonesia),55 2025,mitv_global_en
L43MA-AFME,tv,mitv,Xiaomi,N39,,Xiaomi TV A (Ukraine/Middle East),43 FHD 2025,mitv_global_en
L43MA-AME,tv,mitv,Xiaomi,N39,,Xiaomi TV A (Ukraine/Middle East),43 UHD 2025,mitv_global_en
L55MA-AME,tv,mitv,Xiaomi,N39,,Xiaomi TV A (Ukraine/Middle East),55 2025,mitv_global_en
L65MA-AME,tv,mitv,Xiaomi,N39,,Xiaomi TV A (Ukraine/Middle East),65 2025,mitv_global_en
L43MA-APH,tv,mitv,Xiaomi,N39,,Xiaomi TV A (Latin America),43 UHD 2025,mitv_global_en
L50MA-APH,tv,mitv,Xiaomi,N39,,Xiaomi TV A (Latin America),50 2025,mitv_global_en
L55MA-APH,tv,mitv,Xiaomi,N39,,Xiaomi TV A (Latin America),55 2025,mitv_global_en
L65MA-APH,tv,mitv,Xiaomi,N39,,Xiaomi TV A (Latin America),65 2025,mitv_global_en
L32MB-ARU,tv,mitv,Xiaomi,O39,,Xiaomi TV A (Russia/Belarus/Kazakhstan),32 2026,mitv_global_en
L43MB-AFRU,tv,mitv,Xiaomi,O39,,Xiaomi TV A (Russia/Belarus/Kazakhstan),43 FHD 2026,mitv_global_en
L43MB-AURU,tv,mitv,Xiaomi,O39,,Xiaomi TV A (Russia/Belarus/Kazakhstan),43 UHD 2026,mitv_global_en
L50MB-ARU,tv,mitv,Xiaomi,O39,,Xiaomi TV A (Russia/Belarus/Kazakhstan),50 2026,mitv_global_en
L50MB-AORU,tv,mitv,Xiaomi,O39,,Xiaomi TV A (Russia/Belarus/Kazakhstan),50 2026,mitv_global_en
L55MB-ARU,tv,mitv,Xiaomi,O39,,Xiaomi TV A (Russia/Belarus/Kazakhstan),55 2026,mitv_global_en
L65MB-ARU,tv,mitv,Xiaomi,O39,,Xiaomi TV A (Russia/Belarus/Kazakhstan),65 2026,mitv_global_en
L65MB-AORU,tv,mitv,Xiaomi,O39,,Xiaomi TV A (Russia/Belarus/Kazakhstan),65 2026,mitv_global_en
L32MB-AEA,tv,mitv,Xiaomi,O39,,Xiaomi TV A (East Asia),32 2026,mitv_global_en
L43MB-AFEA,tv,mitv,Xiaomi,O39,,Xiaomi TV A (East Asia),43 FHD 2026,mitv_global_en
L50MB-AEA,tv,mitv,Xiaomi,O39,,Xiaomi TV A (East Asia),50 2026,mitv_global_en
L55MB-AEA,tv,mitv,Xiaomi,O39,,Xiaomi TV A (East Asia),55 2026,mitv_global_en
L65MB-AEA,tv,mitv,Xiaomi,O39,,Xiaomi TV A (East Asia),65 2026,mitv_global_en
L32MB-ASEA,tv,mitv,Xiaomi,O39,,Xiaomi TV A (Southeast Asia),32 2026,mitv_global_en
L43MB-AFSEA,tv,mitv,Xiaomi,O39,,Xiaomi TV A (Southeast Asia),43 FHD 2026,mitv_global_en
L43MB-AUSEA,tv,mitv,Xiaomi,O39,,Xiaomi TV A (Southeast Asia),43 UHD 2026,mitv_global_en
L55MB-ASEA,tv,mitv,Xiaomi,O39,,Xiaomi TV A (Southeast Asia),55 2026,mitv_global_en
L65MB-ASEA,tv,mitv,Xiaomi,O39,,Xiaomi TV A (Southeast Asia),65 2026,mitv_global_en
L32MB-AID,tv,mitv,Xiaomi,O39,,Xiaomi TV A (Indonesia),32 2026,mitv_global_en
L43MB-AFID,tv,mitv,Xiaomi,O39,,Xiaomi TV A (Indonesia),43 FHD 2026,mitv_global_en
L32MB-AME,tv,mitv,Xiaomi,O39,,Xiaomi TV A (Ukraine/Middle East),32 2026,mitv_global_en
L43MB-AFME,tv,mitv,Xiaomi,O39,,Xiaomi TV A (Ukraine/Middle East),43 FHD 2026,mitv_global_en
L43MB-AUME,tv,mitv,Xiaomi,O39,,Xiaomi TV A (Ukraine/Middle East),43 UHD 2026,mitv_global_en
L50MB-AME,tv,mitv,Xiaomi,O39,,Xiaomi TV A (Ukraine/Middle East),50 2026,mitv_global_en
L55MB-AME,tv,mitv,Xiaomi,O39,,Xiaomi TV A (Ukraine/Middle East),55 2026,mitv_global_en
L65MB-AME,tv,mitv,Xiaomi,O39,,Xiaomi TV A (Ukraine/Middle East),65 2026,mitv_global_en
L55MB-ATR,tv,mitv,Xiaomi,O39,,Xiaomi TV A (Turkey),55 2026,mitv_global_en
L65MB-ATR,tv,mitv,Xiaomi,O39,,Xiaomi TV A (Turkey),65 2026,mitv_global_en
L50MB-AEA,tv,mitv,Xiaomi,O39,,Xiaomi TV A (Latin America),50 2026,mitv_global_en
L32MB-APH,tv,mitv,Xiaomi,O39,,Xiaomi TV A (Philippines/Chile/Peru),32 2026,mitv_global_en
L43MB-AFPH,tv,mitv,Xiaomi,O39,,Xiaomi TV A (Philippines/Chile/Peru),43 FHD 2026,mitv_global_en
L55MB-APH,tv,mitv,Xiaomi,O39,,Xiaomi TV A (Philippines/Chile/Peru),55 2026,mitv_global_en
L65MB-APH,tv,mitv,Xiaomi,O39,,Xiaomi TV A (Philippines/Chile/Peru),65 2026,mitv_global_en
L32MB-AMX,tv,mitv,Xiaomi,O39,,Xiaomi TV A (Mexico),32 2026,mitv_global_en
L43MB-AFMX,tv,mitv,Xiaomi,O39,,Xiaomi TV A (Mexico),43 FHD 2026,mitv_global_en
L55MB-AMX,tv,mitv,Xiaomi,O39,,Xiaomi TV A (Mexico),55 2026,mitv_global_en
L65MB-AMX,tv,mitv,Xiaomi,O39,,Xiaomi TV A (Mexico),65 2026,mitv_global_en
L32MB-FAEU,tv,mitv,Xiaomi,O39,,Xiaomi TV F (Europe),32 2026,mitv_global_en
L43MB-FAEU,tv,mitv,Xiaomi,O39,,Xiaomi TV F (Europe),43 2026,mitv_global_en
L50MB-FAEU,tv,mitv,Xiaomi,O39,,Xiaomi TV F (Europe),50 2026,mitv_global_en
L55MB-FAEU,tv,mitv,Xiaomi,O39,,Xiaomi TV F (Europe),55 2026,mitv_global_en
L65MB-FAEU,tv,mitv,Xiaomi,O39,,Xiaomi TV F (Europe),65 2026,mitv_global_en
L32M8-A2EU,tv,mitv,Xiaomi,,,Xiaomi TV A Pro (Europe),32,mitv_global_en
L43M8-A2EU,tv,mitv,Xiaomi,,,Xiaomi TV A Pro (Europe),43,mitv_global_en
L50M8-A2EU,tv,mitv,Xiaomi,,,Xiaomi TV A Pro (Europe),50,mitv_global_en
L55M8-A2EU,tv,mitv,Xiaomi,,,Xiaomi TV A Pro (Europe),55,mitv_global_en
L65M8-A2EU,tv,mitv,Xiaomi,,,Xiaomi TV A Pro (Europe),65,mitv_global_en
L43MA-SEU,tv,mitv,Xiaomi,,,Xiaomi TV A Pro (Europe),43 2025,mitv_global_en
L55MA-SEU,tv,mitv,Xiaomi,,,Xiaomi TV A Pro (Europe),55 2025,mitv_global_en
L65MA-SEU,tv,mitv,Xiaomi,,,Xiaomi TV A Pro (Europe),65 2025,mitv_global_en
L75MA-SEU,tv,mitv,Xiaomi,,,Xiaomi TV A Pro (Europe),75 2025,mitv_global_en
L32MB-APEU,tv,mitv,Xiaomi,,,Xiaomi TV A Pro (Europe),32 2026,mitv_global_en
L43MB-APEU,tv,mitv,Xiaomi,,,Xiaomi TV A Pro (Europe),43 2026,mitv_global_en
L50MB-APEU,tv,mitv,Xiaomi,,,Xiaomi TV A Pro (Europe),50 2026,mitv_global_en
L55MB-APEU,tv,mitv,Xiaomi,,,Xiaomi TV A Pro (Europe),55 2026,mitv_global_en
L65MB-APEU,tv,mitv,Xiaomi,,,Xiaomi TV A Pro (Europe),65 2026,mitv_global_en
L75MB-APEU,tv,mitv,Xiaomi,,,Xiaomi TV A Pro (Europe),75 2026,mitv_global_en
L43MA-SRU,tv,mitv,Xiaomi,,,Xiaomi TV A Pro (Russia/Belarus/Kazakhstan),43 2025,mitv_global_en
L55MA-SRU,tv,mitv,Xiaomi,,,Xiaomi TV A Pro (Russia/Belarus/Kazakhstan),55 2025,mitv_global_en
L65MA-SRU,tv,mitv,Xiaomi,,,Xiaomi TV A Pro (Russia/Belarus/Kazakhstan),65 2025,mitv_global_en
L75MA-SRU,tv,mitv,Xiaomi,,,Xiaomi TV A Pro (Russia/Belarus/Kazakhstan),75 2025,mitv_global_en
L32MB-APRU,tv,mitv,Xiaomi,,,Xiaomi TV A Pro (Russia/Belarus/Kazakhstan),32 2026,mitv_global_en
L43MB-APRU,tv,mitv,Xiaomi,,,Xiaomi TV A Pro (Russia/Belarus/Kazakhstan),43 2026,mitv_global_en
L50MB-APRU,tv,mitv,Xiaomi,,,Xiaomi TV A Pro (Russia/Belarus/Kazakhstan),50 2026,mitv_global_en
L55MB-APRU,tv,mitv,Xiaomi,,,Xiaomi TV A Pro (Russia/Belarus/Kazakhstan),55 2026,mitv_global_en
L65MB-APRU,tv,mitv,Xiaomi,,,Xiaomi TV A Pro (Russia/Belarus/Kazakhstan),65 2026,mitv_global_en
L75MB-APRU,tv,mitv,Xiaomi,,,Xiaomi TV A Pro (Russia/Belarus/Kazakhstan),75 2026,mitv_global_en
L32M8-A2TWN,tv,mitv,Xiaomi,,,Xiaomi TV A Pro (East Asia),32,mitv_global_en
L43M8-A2TWN,tv,mitv,Xiaomi,,,Xiaomi TV A Pro (East Asia),43,mitv_global_en
L55M8-A2TWN,tv,mitv,Xiaomi,,,Xiaomi TV A Pro (East Asia),55,mitv_global_en
L65M8-A2TWN,tv,mitv,Xiaomi,,,Xiaomi TV A Pro (East Asia),65,mitv_global_en
L43MA-STWN,tv,mitv,Xiaomi,,,Xiaomi TV A Pro (East Asia),43 2025,mitv_global_en
L55MA-STWN,tv,mitv,Xiaomi,,,Xiaomi TV A Pro (East Asia),55 2025,mitv_global_en
L65MA-STWN,tv,mitv,Xiaomi,,,Xiaomi TV A Pro (East Asia),65 2025,mitv_global_en
L75MA-STWN,tv,mitv,Xiaomi,,,Xiaomi TV A Pro (East Asia),75 2025,mitv_global_en
L32MB-APEA,tv,mitv,Xiaomi,,,Xiaomi TV A Pro (East Asia),32 2026,mitv_global_en
L43MB-APTWN,tv,mitv,Xiaomi,,,Xiaomi TV A Pro (East Asia),43 2026,mitv_global_en
L50MB-APTWN,tv,mitv,Xiaomi,,,Xiaomi TV A Pro (East Asia),50 2026,mitv_global_en
L55MB-APTWN,tv,mitv,Xiaomi,,,Xiaomi TV A Pro (East Asia),55 2026,mitv_global_en
L65MB-APTWN,tv,mitv,Xiaomi,,,Xiaomi TV A Pro (East Asia),65 2026,mitv_global_en
L75MB-APTWN,tv,mitv,Xiaomi,,,Xiaomi TV A Pro (East Asia),75 2026,mitv_global_en
L32M8A2T,tv,mitv,Xiaomi,,,Xiaomi TV A Pro (Japan),32,mitv_global_en
L43M8A2T,tv,mitv,Xiaomi,,,Xiaomi TV A Pro (Japan),43,mitv_global_en
L55M8A2T,tv,mitv,Xiaomi,,,Xiaomi TV A Pro (Japan),55,mitv_global_en
L65M8A2T,tv,mitv,Xiaomi,,,Xiaomi TV A Pro (Japan),65,mitv_global_en
L50M8-A2KR,tv,mitv,Xiaomi,,,Xiaomi TV A Pro (South Korea),50,mitv_global_en
L55M8-A2KR,tv,mitv,Xiaomi,,,Xiaomi TV A Pro (South Korea),55,mitv_global_en
L65M8-A2KR,tv,mitv,Xiaomi,,,Xiaomi TV A Pro (South Korea),65,mitv_global_en
L43M8-A2SEA,tv,mitv,Xiaomi,,,Xiaomi TV A Pro (Southeast Asia),43,mitv_global_en
L55M8-A2SEA,tv,mitv,Xiaomi,,,Xiaomi TV A Pro (Southeast Asia),55,mitv_global_en
L65M8-A2SEA,tv,mitv,Xiaomi,,,Xiaomi TV A Pro (Southeast Asia),65,mitv_global_en
L43MA-SSEA,tv,mitv,Xiaomi,,,Xiaomi TV A Pro (Southeast Asia),43 2025,mitv_global_en
L55MA-SSEA,tv,mitv,Xiaomi,,,Xiaomi TV A Pro (Southeast Asia),55 2025,mitv_global_en
L65MA-SSEA,tv,mitv,Xiaomi,,,Xiaomi TV A Pro (Southeast Asia),65 2025,mitv_global_en
L32MB-APSEA,tv,mitv,Xiaomi,,,Xiaomi TV A Pro (Southeast Asia),32 2026,mitv_global_en
L43MB-APSEA,tv,mitv,Xiaomi,,,Xiaomi TV A Pro (Southeast Asia),43 2026,mitv_global_en
L50MB-APSEA,tv,mitv,Xiaomi,,,Xiaomi TV A Pro (Southeast Asia),50 2026,mitv_global_en
L55MB-APSEA,tv,mitv,Xiaomi,,,Xiaomi TV A Pro (Southeast Asia),55 2026,mitv_global_en
L65MB-APSEA,tv,mitv,Xiaomi,,,Xiaomi TV A Pro (Southeast Asia),65 2026,mitv_global_en
L75MB-APSEA,tv,mitv,Xiaomi,,,Xiaomi TV A Pro (Southeast Asia),75 2026,mitv_global_en
L43M8-A2ID,tv,mitv,Xiaomi,,,Xiaomi TV A Pro (Indonesia),43,mitv_global_en
L55M8-A2ID,tv,mitv,Xiaomi,,,Xiaomi TV A Pro (Indonesia),55,mitv_global_en
L65M8-A2ID,tv,mitv,Xiaomi,,,Xiaomi TV A Pro (Indonesia),65,mitv_global_en
L43MA-SID,tv,mitv,Xiaomi,,,Xiaomi TV A Pro (Indonesia),43 2025,mitv_global_en
L55MA-SID,tv,mitv,Xiaomi,,,Xiaomi TV A Pro (Indonesia),55 2025,mitv_global_en
L65MA-SID,tv,mitv,Xiaomi,,,Xiaomi TV A Pro (Indonesia),65 2025,mitv_global_en
L32MB-APID,tv,mitv,Xiaomi,,,Xiaomi TV A Pro (Indonesia),32 2026,mitv_global_en
L43MB-APID,tv,mitv,Xiaomi,,,Xiaomi TV A Pro (Indonesia),43 2026,mitv_global_en
L50MB-APID,tv,mitv,Xiaomi,,,Xiaomi TV A Pro (Indonesia),50 2026,mitv_global_en
L55MB-APID,tv,mitv,Xiaomi,,,Xiaomi TV A Pro (Indonesia),55 2026,mitv_global_en
L65MB-APID,tv,mitv,Xiaomi,,,Xiaomi TV A Pro (Indonesia),65 2026,mitv_global_en
L75MB-APID,tv,mitv,Xiaomi,,,Xiaomi TV A Pro (Indonesia),75 2026,mitv_global_en
L32M8-A2ME,tv,mitv,Xiaomi,,,Xiaomi TV A Pro (Ukraine/Middle East),32,mitv_global_en
L43M8-A2ME,tv,mitv,Xiaomi,,,Xiaomi TV A Pro (Ukraine/Middle East),43,mitv_global_en
L50M8-A2ME,tv,mitv,Xiaomi,,,Xiaomi TV A Pro (Ukraine/Middle East),50,mitv_global_en
L55M8-A2ME,tv,mitv,Xiaomi,,,Xiaomi TV A Pro (Ukraine/Middle East),55,mitv_global_en
L65M8-A2ME,tv,mitv,Xiaomi,,,Xiaomi TV A Pro (Ukraine/Middle East),65,mitv_global_en
L43MA-SME,tv,mitv,Xiaomi,,,Xiaomi TV A Pro (Ukraine/Middle East),43 2025,mitv_global_en
L55MA-SME,tv,mitv,Xiaomi,,,Xiaomi TV A Pro (Ukraine/Middle East),55 2025,mitv_global_en
L65MA-SME,tv,mitv,Xiaomi,,,Xiaomi TV A Pro (Ukraine/Middle East),65 2025,mitv_global_en
L32MB-APME,tv,mitv,Xiaomi,,,Xiaomi TV A Pro (Ukraine/Middle East),32 2026,mitv_global_en
L43MB-APME,tv,mitv,Xiaomi,,,Xiaomi TV A Pro (Ukraine/Middle East),43 2026,mitv_global_en
L50MB-APME,tv,mitv,Xiaomi,,,Xiaomi TV A Pro (Ukraine/Middle East),50 2026,mitv_global_en
L55MB-APME,tv,mitv,Xiaomi,,,Xiaomi TV A Pro (Ukraine/Middle East),55 2026,mitv_global_en
L65MB-APME,tv,mitv,Xiaomi,,,Xiaomi TV A Pro (Ukraine/Middle East),65 2026,mitv_global_en
L75MB-APME,tv,mitv,Xiaomi,,,Xiaomi TV A Pro (Ukraine/Middle East),75 2026,mitv_global_en
L43MB-APTR,tv,mitv,Xiaomi,,,Xiaomi TV A Pro (Turkey),43 2026,mitv_global_en
L50MB-APTR,tv,mitv,Xiaomi,,,Xiaomi TV A Pro (Turkey),50 2026,mitv_global_en
L55MB-APTR,tv,mitv,Xiaomi,,,Xiaomi TV A Pro (Turkey),55 2026,mitv_global_en
L65MB-APTR,tv,mitv,Xiaomi,,,Xiaomi TV A Pro (Turkey),65 2026,mitv_global_en
L75MB-APTR,tv,mitv,Xiaomi,,,Xiaomi TV A Pro (Turkey),75 2026,mitv_global_en
L32M8-A2LA,tv,mitv,Xiaomi,,,Xiaomi TV A Pro (Latin America),32,mitv_global_en
L43M8-A2LA,tv,mitv,Xiaomi,,,Xiaomi TV A Pro (Latin America),43,mitv_global_en
L50M8-A2LA,tv,mitv,Xiaomi,,,Xiaomi TV A Pro (Latin America),50,mitv_global_en
L55M8-A2LA,tv,mitv,Xiaomi,,,Xiaomi TV A Pro (Latin America),55,mitv_global_en
L65M8-A2LA,tv,mitv,Xiaomi,,,Xiaomi TV A Pro (Latin America),65,mitv_global_en
L43MA-SPH,tv,mitv,Xiaomi,,,Xiaomi TV A Pro (Philippines/Chile/Peru),43 2025,mitv_global_en
L55MA-SPH,tv,mitv,Xiaomi,,,Xiaomi TV A Pro (Philippines/Chile/Peru),55 2025,mitv_global_en
L65MA-SPH,tv,mitv,Xiaomi,,,Xiaomi TV A Pro (Philippines/Chile/Peru),65 2025,mitv_global_en
L75MA-SPH,tv,mitv,Xiaomi,,,Xiaomi TV A Pro (Philippines/Chile/Peru),75 2025,mitv_global_en
L32MB-APPH,tv,mitv,Xiaomi,,,Xiaomi TV A Pro (Philippines/Chile/Peru),32 2026,mitv_global_en
L43MB-APPH,tv,mitv,Xiaomi,,,Xiaomi TV A Pro (Philippines/Chile/Peru),43 2026,mitv_global_en
L50MB-APPH,tv,mitv,Xiaomi,,,Xiaomi TV A Pro (Philippines/Chile/Peru),50 2026,mitv_global_en
L55MB-APPH,tv,mitv,Xiaomi,,,Xiaomi TV A Pro (Philippines/Chile/Peru),55 2026,mitv_global_en
L65MB-APPH,tv,mitv,Xiaomi,,,Xiaomi TV A Pro (Philippines/Chile/Peru),65 2026,mitv_global_en
L75MB-APPH,tv,mitv,Xiaomi,,,Xiaomi TV A Pro (Philippines/Chile/Peru),75 2026,mitv_global_en
L43MB-APMX,tv,mitv,Xiaomi,,,Xiaomi TV A Pro (Mexico),43 2026,mitv_global_en
L50MB-APMX,tv,mitv,Xiaomi,,,Xiaomi TV A Pro (Mexico),50 2026,mitv_global_en
L55MB-APMX,tv,mitv,Xiaomi,,,Xiaomi TV A Pro (Mexico),55 2026,mitv_global_en
L65MB-APMX,tv,mitv,Xiaomi,,,Xiaomi TV A Pro (Mexico),65 2026,mitv_global_en
L75MB-APMX,tv,mitv,Xiaomi,,,Xiaomi TV A Pro (Mexico),75 2026,mitv_global_en
L32MB-FPEU,tv,mitv,Xiaomi,,,Xiaomi TV F Pro (Europe),32 2026,mitv_global_en
L43MB-FPEU,tv,mitv,Xiaomi,,,Xiaomi TV F Pro (Europe),43 2026,mitv_global_en
L50MB-FPEU,tv,mitv,Xiaomi,,,Xiaomi TV F Pro (Europe),50 2026,mitv_global_en
L55MB-FPEU,tv,mitv,Xiaomi,,,Xiaomi TV F Pro (Europe),55 2026,mitv_global_en
L65MB-FPEU,tv,mitv,Xiaomi,,,Xiaomi TV F Pro (Europe),65 2026,mitv_global_en
L75MB-FPEU,tv,mitv,Xiaomi,,,Xiaomi TV F Pro (Europe),75 2026,mitv_global_en
L55MA-SPLEU,tv,mitv,Xiaomi,N32,,Xiaomi TV S Mini LED (Europe),55 2025,mitv_global_en
L65MA-SPLEU,tv,mitv,Xiaomi,N32,,Xiaomi TV S Mini LED (Europe),65 2025,mitv_global_en
L75MA-SPLEU,tv,mitv,Xiaomi,N32,,Xiaomi TV S Mini LED (Europe),75 2025,mitv_global_en
L55MA-SPLRU,tv,mitv,Xiaomi,N32,,Xiaomi TV S Mini LED (Russia/Belarus/Kazakhstan),55 2025,mitv_global_en
L65MA-SPLRU,tv,mitv,Xiaomi,N32,,Xiaomi TV S Mini LED (Russia/Belarus/Kazakhstan),65 2025,mitv_global_en
L75MA-SPLRU,tv,mitv,Xiaomi,N32,,Xiaomi TV S Mini LED (Russia/Belarus/Kazakhstan),75 2025,mitv_global_en
L55MA-SPLEA,tv,mitv,Xiaomi,N32,,Xiaomi TV S Mini LED (East Asia),55 2025,mitv_global_en
L65MA-SPLEA,tv,mitv,Xiaomi,N32,,Xiaomi TV S Mini LED (East Asia),65 2025,mitv_global_en
L75MA-SPLEA,tv,mitv,Xiaomi,N32,,Xiaomi TV S Mini LED (East Asia),75 2025,mitv_global_en
L55MA-SPLME,tv,mitv,Xiaomi,N32,,Xiaomi TV S Mini LED (Ukraine/Middle East),55 2025,mitv_global_en
L65MA-SPLME,tv,mitv,Xiaomi,N32,,Xiaomi TV S Mini LED (Ukraine/Middle East),65 2025,mitv_global_en
L75MA-SPLME,tv,mitv,Xiaomi,N32,,Xiaomi TV S Mini LED (Ukraine/Middle East),75 2025,mitv_global_en
L55MB-SEU,tv,mitv,Xiaomi,O32,,Xiaomi TV S Pro Mini LED (Europe),55 2026,mitv_global_en
L65MB-SEU,tv,mitv,Xiaomi,O32,,Xiaomi TV S Pro Mini LED (Europe),65 2026,mitv_global_en
L75MB-SEU,tv,mitv,Xiaomi,O32,,Xiaomi TV S Pro Mini LED (Europe),75 2026,mitv_global_en
L55MB-SRU,tv,mitv,Xiaomi,O32,,Xiaomi TV S Pro Mini LED (Russia/Belarus/Kazakhstan),55 2026,mitv_global_en
L65MB-SRU,tv,mitv,Xiaomi,O32,,Xiaomi TV S Pro Mini LED (Russia/Belarus/Kazakhstan),65 2026,mitv_global_en
L75MB-SRU,tv,mitv,Xiaomi,O32,,Xiaomi TV S Pro Mini LED (Russia/Belarus/Kazakhstan),75 2026,mitv_global_en
L55MB-STWN,tv,mitv,Xiaomi,O32,,Xiaomi TV S Pro Mini LED (East Asia),55 2026,mitv_global_en
L65MB-STWN,tv,mitv,Xiaomi,O32,,Xiaomi TV S Pro Mini LED (East Asia),65 2026,mitv_global_en
L75MB-STWN,tv,mitv,Xiaomi,O32,,Xiaomi TV S Pro Mini LED (East Asia),75 2026,mitv_global_en
L55MB-SSEA,tv,mitv,Xiaomi,O32,,Xiaomi TV S Pro Mini LED (Southeast Asia),55 2026,mitv_global_en
L65MB-SSEA,tv,mitv,Xiaomi,O32,,Xiaomi TV S Pro Mini LED (Southeast Asia),65 2026,mitv_global_en
L75MB-SSEA,tv,mitv,Xiaomi,O32,,Xiaomi TV S Pro Mini LED (Southeast Asia),75 2026,mitv_global_en
L55MB-SME,tv,mitv,Xiaomi,O32,,Xiaomi TV S Pro Mini LED (Ukraine/Middle East),55 2026,mitv_global_en
L65MB-SME,tv,mitv,Xiaomi,O32,,Xiaomi TV S Pro Mini LED (Ukraine/Middle East),65 2026,mitv_global_en
L75MB-SME,tv,mitv,Xiaomi,O32,,Xiaomi TV S Pro Mini LED (Ukraine/Middle East),75 2026,mitv_global_en
L55MB-SPH,tv,mitv,Xiaomi,O32,,Xiaomi TV S Pro Mini LED (Philippines/Chile/Peru),55 2026,mitv_global_en
L65MB-SPH,tv,mitv,Xiaomi,O32,,Xiaomi TV S Pro Mini LED (Philippines/Chile/Peru),65 2026,mitv_global_en
L75MB-SPH,tv,mitv,Xiaomi,O32,,Xiaomi TV S Pro Mini LED (Philippines/Chile/Peru),75 2026,mitv_global_en
L55MB-SMX,tv,mitv,Xiaomi,O32,,Xiaomi TV S Pro Mini LED (Mexico),55 2026,mitv_global_en
L65MB-SMX,tv,mitv,Xiaomi,O32,,Xiaomi TV S Pro Mini LED (Mexico),65 2026,mitv_global_en
L75MB-SMX,tv,mitv,Xiaomi,O32,,Xiaomi TV S Pro Mini LED (Mexico),75 2026,mitv_global_en
L55MC-SEU,tv,mitv,Xiaomi,P32,,Xiaomi TV S Mini LED (Europe),55 2026,mitv_global_en
L65MC-SEU,tv,mitv,Xiaomi,P32,,Xiaomi TV S Mini LED (Europe),65 2026,mitv_global_en
L75MC-SEU,tv,mitv,Xiaomi,P32,,Xiaomi TV S Mini LED (Europe),75 2026,mitv_global_en
L85MC-SEU,tv,mitv,Xiaomi,P32,,Xiaomi TV S Mini LED (Europe),85 2026,mitv_global_en
L98MC-SEU,tv,mitv,Xiaomi,P32,,Xiaomi TV S Mini LED (Europe),98 2026,mitv_global_en
L55MC-SRU,tv,mitv,Xiaomi,P32,,Xiaomi TV S Mini LED (Russia/Belarus/Kazakhstan),55 2026,mitv_global_en
L65MC-SRU,tv,mitv,Xiaomi,P32,,Xiaomi TV S Mini LED (Russia/Belarus/Kazakhstan),65 2026,mitv_global_en
L75MC-SRU,tv,mitv,Xiaomi,P32,,Xiaomi TV S Mini LED (Russia/Belarus/Kazakhstan),75 2026,mitv_global_en
L85MC-SRU,tv,mitv,Xiaomi,P32,,Xiaomi TV S Mini LED (Russia/Belarus/Kazakhstan),85 2026,mitv_global_en
L98MC-SRU,tv,mitv,Xiaomi,P32,,Xiaomi TV S Mini LED (Russia/Belarus/Kazakhstan),98 2026,mitv_global_en
L55MC-STWN,tv,mitv,Xiaomi,P32,,Xiaomi TV S Mini LED (East Asia),55 2026,mitv_global_en
L65MC-STWN,tv,mitv,Xiaomi,P32,,Xiaomi TV S Mini LED (East Asia),65 2026,mitv_global_en
L75MC-STWN,tv,mitv,Xiaomi,P32,,Xiaomi TV S Mini LED (East Asia),75 2026,mitv_global_en
L85MC-STWN,tv,mitv,Xiaomi,P32,,Xiaomi TV S Mini LED (East Asia),85 2026,mitv_global_en
L98MC-STWN,tv,mitv,Xiaomi,P32,,Xiaomi TV S Mini LED (East Asia),98 2026,mitv_global_en
L55MC-SHK,tv,mitv,Xiaomi,P32,,Xiaomi TV S Mini LED (Hong Kong SAR),55 2026,mitv_global_en
L65MC-SHK,tv,mitv,Xiaomi,P32,,Xiaomi TV S Mini LED (Hong Kong SAR),65 2026,mitv_global_en
L75MC-SHK,tv,mitv,Xiaomi,P32,,Xiaomi TV S Mini LED (Hong Kong SAR),75 2026,mitv_global_en
L55MC-SJP,tv,mitv,Xiaomi,P32,,Xiaomi TV S Mini LED (Japan tuner),55 2026,mitv_global_en
L65MC-SJP,tv,mitv,Xiaomi,P32,,Xiaomi TV S Mini LED (Japan tuner),65 2026,mitv_global_en
L75MC-SJP,tv,mitv,Xiaomi,P32,,Xiaomi TV S Mini LED (Japan tuner),75 2026,mitv_global_en
L85MC-SJP,tv,mitv,Xiaomi,P32,,Xiaomi TV S Mini LED (Japan tuner),85 2026,mitv_global_en
L98MC-SJP,tv,mitv,Xiaomi,P32,,Xiaomi TV S Mini LED (Japan tuner),98 2026,mitv_global_en
L55MC-SSEA,tv,mitv,Xiaomi,P32,,Xiaomi TV S Mini LED (Southeast Asia),55 2026,mitv_global_en
L65MC-SSEA,tv,mitv,Xiaomi,P32,,Xiaomi TV S Mini LED (Southeast Asia),65 2026,mitv_global_en
L75MC-SSEA,tv,mitv,Xiaomi,P32,,Xiaomi TV S Mini LED (Southeast Asia),75 2026,mitv_global_en
L85MC-SSEA,tv,mitv,Xiaomi,P32,,Xiaomi TV S Mini LED (Southeast Asia),85 2026,mitv_global_en
L98MC-SSEA,tv,mitv,Xiaomi,P32,,Xiaomi TV S Mini LED (Southeast Asia),98 2026,mitv_global_en
L55MC-SAU,tv,mitv,Xiaomi,P32,,Xiaomi TV S Mini LED (Australia/New Zealand),55 2026,mitv_global_en
L65MC-SAU,tv,mitv,Xiaomi,P32,,Xiaomi TV S Mini LED (Australia/New Zealand),65 2026,mitv_global_en
L75MC-SAU,tv,mitv,Xiaomi,P32,,Xiaomi TV S Mini LED (Australia/New Zealand),75 2026,mitv_global_en
L85MC-SAU,tv,mitv,Xiaomi,P32,,Xiaomi TV S Mini LED (Australia/New Zealand),85 2026,mitv_global_en
L98MC-SAU,tv,mitv,Xiaomi,P32,,Xiaomi TV S Mini LED (Australia/New Zealand),98 2026,mitv_global_en
L55MC-SME,tv,mitv,Xiaomi,P32,,Xiaomi TV S Mini LED (Ukraine/Middle East),55 2026,mitv_global_en
L65MC-SME,tv,mitv,Xiaomi,P32,,Xiaomi TV S Mini LED (Ukraine/Middle East),65 2026,mitv_global_en
L75MC-SME,tv,mitv,Xiaomi,P32,,Xiaomi TV S Mini LED (Ukraine/Middle East),75 2026,mitv_global_en
L85MC-SME,tv,mitv,Xiaomi,P32,,Xiaomi TV S Mini LED (Ukraine/Middle East),85 2026,mitv_global_en
L98MC-SME,tv,mitv,Xiaomi,P32,,Xiaomi TV S Mini LED (Ukraine/Middle East),98 2026,mitv_global_en
L55MC-SPH,tv,mitv,Xiaomi,P32,,Xiaomi TV S Mini LED (Philippines/Chile/Peru),55 2026,mitv_global_en
L65MC-SPH,tv,mitv,Xiaomi,P32,,Xiaomi TV S Mini LED (Philippines/Chile/Peru),65 2026,mitv_global_en
L75MC-SPH,tv,mitv,Xiaomi,P32,,Xiaomi TV S Mini LED (Philippines/Chile/Peru),75 2026,mitv_global_en
L85MC-SPH,tv,mitv,Xiaomi,P32,,Xiaomi TV S Mini LED (Philippines/Chile/Peru),85 2026,mitv_global_en
L98MC-SPH,tv,mitv,Xiaomi,P32,,Xiaomi TV S Mini LED (Philippines/Chile/Peru),98 2026,mitv_global_en
L55MC-SMX,tv,mitv,Xiaomi,P32,,Xiaomi TV S Mini LED (Mexico),55 2026,mitv_global_en
L65MC-SMX,tv,mitv,Xiaomi,P32,,Xiaomi TV S Mini LED (Mexico),65 2026,mitv_global_en
L75MC-SMX,tv,mitv,Xiaomi,P32,,Xiaomi TV S Mini LED (Mexico),75 2026,mitv_global_en
L85MC-SMX,tv,mitv,Xiaomi,P32,,Xiaomi TV S Mini LED (Mexico),85 2026,mitv_global_en
L98MC-SMX,tv,mitv,Xiaomi,P32,,Xiaomi TV S Mini LED (Mexico),98 2026,mitv_global_en
L86M7-ESRU,tv,mitv,Xiaomi,,,Xiaomi TV Max (Russia/Belarus/Kazakhstan),86,mitv_global_en
L86M7-ESTWN,tv,mitv,Xiaomi,,,Xiaomi TV Max (East Asia),86,mitv_global_en
L86M7-ESME,tv,mitv,Xiaomi,,,Xiaomi TV Max (Ukraine/Middle East),86,mitv_global_en
L85MA-MAXEU,tv,mitv,Xiaomi,N36,,Xiaomi TV Max (Europe),85,mitv_global_en
L100MA-MAXEU,tv,mitv,Xiaomi,N36,,Xiaomi TV Max (Europe),100,mitv_global_en
L85MA-MAXRU,tv,mitv,Xiaomi,N36,,Xiaomi TV Max (Russia/Belarus/Kazakhstan),85,mitv_global_en
L100MA-MAXRU,tv,mitv,Xiaomi,N36,,Xiaomi TV Max (Russia/Belarus/Kazakhstan),100,mitv_global_en
L85MA-MAXEA,tv,mitv,Xiaomi,N36,,Xiaomi TV Max (East Asia),85,mitv_global_en
L100MA-MAXEA,tv,mitv,Xiaomi,N36,,Xiaomi TV Max (East Asia),100,mitv_global_en
L85MA-MAXME,tv,mitv,Xiaomi,N36,,Xiaomi TV Max (Ukraine/Middle East),85,mitv_global_en
L100MA-MAXME,tv,mitv,Xiaomi,N36,,Xiaomi TV Max (Ukraine/Middle East),100,mitv_global_en
MDZ-16-AA,tv_hub,mitv,Xiaomi,,,Mi Box,,mitv_global_en
MDZ-16-AB,tv_hub,mitv,Xiaomi,,,Mi Box,,mitv_global_en
MDZ-22-AB,tv_hub,mitv,Xiaomi,,,Mi Box,S,mitv_global_en
MDZ-28-AA,tv_hub,mitv,Xiaomi,,,Xiaomi TV Box,,mitv_global_en
MDZ-28-AA,tv_hub,mitv,Xiaomi,,,Xiaomi TV Box,S (2nd Gen),mitv_global_en
MDZ-32-AA,tv_hub,mitv,Xiaomi,,,Xiaomi TV Box,S (3rd Gen),mitv_global_en
MDZ-24-AA,tv_hub,mitv,Xiaomi,,,Mi TV Stick,,mitv_global_en
MDZ-24-AB,tv_hub,mitv,Xiaomi,,,Mi TV Stick,,mitv_global_en
MDZ-27-AA,tv_hub,mitv,Xiaomi,,,Xiaomi TV Stick,4K,mitv_global_en
MDZ-34-AA,tv_hub,mitv,Xiaomi,,,Xiaomi TV Stick,4K (2nd Gen),mitv_global_en
MDZ-33-AA,tv_hub,mitv,Xiaomi,,,Xiaomi TV Stick,4K (2nd Gen),mitv_global_en
XT1085,mob,motorola,Motorola,,victara,Moto X,,motorola_cn
XT1079,mob,motorola,Motorola,,thea_ds,Moto G LTE,移动/联通版,motorola_cn
XT1077,mob,motorola,Motorola,,thea_ds,Moto G LTE,电信/联通版,motorola_cn
XT1115,mob,motorola,Motorola,,shamu_t,Moto X Pro,,motorola_cn
XT1570,mob,motorola,Motorola,,clark_ds,Moto X Style,,motorola_cn
XT1561,mob,motorola,Motorola,,lux_uds,Moto X Play,,motorola_cn
XT1581,mob,motorola,Motorola,,kinzie_uds,Moto X 极,,motorola_cn
XT1635-03,mob,motorola,Motorola,,addison,Moto Z Play,,motorola_cn
XT1662,mob,motorola,Motorola,,kungfu_m,Moto M,,motorola_cn
XT1650-05,mob,motorola,Motorola,,griffin,Moto Z,,motorola_cn
XT1710-08,mob,motorola,Motorola,,albus,Moto Z2 Play,,motorola_cn
XT1710-11,mob,motorola,Motorola,,albus,Moto Z2 Play,移动定制版,motorola_cn
XT1799-1,mob,motorola,Motorola,,montana,moto 青柚,,motorola_cn
XT1799-2,mob,motorola,Motorola,,montana,moto 青柚,,motorola_cn
XT1789-05,mob,motorola,Motorola,,nash,moto Z 2018,,motorola_cn
XT1925-10,mob,motorola,Motorola,,ali,moto 青柚 1s,,motorola_cn
XT1929-15,mob,motorola,Motorola,,messi,Z3,,motorola_cn
XT1924-9,mob,motorola,Motorola,,ahannah,e5 plus,,motorola_cn
XT1943-1,mob,motorola,Motorola,,robusta,p30,,motorola_cn
XT1942-1,mob,motorola,Motorola,,chef,p30 note,,motorola_cn
XT1941-2,mob,motorola,Motorola,,deen,p30 play,,motorola_cn
XT1965-6,mob,motorola,Motorola,,lake,g7 plus,,motorola_cn
XT1970-5,mob,motorola,Motorola,,kane,p50,,motorola_cn
XT2071-4,mob,motorola,Motorola,,smith,razr 5G,,motorola_cn
XT2125-4,mob,motorola,Motorola,,nio,edge s,,motorola_cn
XT2143-1,mob,motorola,Motorola,,berlin,edge 轻奢版,,motorola_cn
XT2153-1,mob,motorola,Motorola,,pstar,edge s pro,,motorola_cn
XT2137-2,mob,motorola,Motorola,,ibiza,g50,,motorola_cn
XT2171-3,mob,motorola,Motorola,,cypfq,moto g51,,motorola_cn
XT2169-2,mob,motorola,Motorola,,corfur,moto g71,,motorola_cn
XT2225-2,mob,motorola,Motorola,,rhodep,moto g71s,,motorola_cn
XT2175-2,mob,motorola,Motorola,,xpeng,moto edge S30,,motorola_cn
XT2201-2,mob,motorola,Motorola,,hiphic,moto edge X30,,motorola_cn
XT2201-6,mob,motorola,Motorola,,hiphid,moto edge X30 屏下摄像版,,motorola_cn
XT2241-1,mob,motorola,Motorola,,eqs,moto X30 Pro,,motorola_cn
XT2243-2,mob,motorola,Motorola,,tundra,moto S30 Pro,,motorola_cn
XT2251-1,mob,motorola,Motorola,,oneli,moto razr 2022,,motorola_cn
XT2301-5,mob,motorola,Motorola,,rtwo,moto X40,,motorola_cn
XT2335-3,mob,motorola,Motorola,,penang,moto g53,,motorola_cn
XT2323-3,mob,motorola,Motorola,,lynkco,moto razr 40,,motorola_cn
XT2321-2,mob,motorola,Motorola,,zeekr,moto razr 40 Ultra,,motorola_cn
XT2343-3,mob,motorola,Motorola,,cancunf,moto g54,,motorola_cn
XT2363-4,mob,motorola,Motorola,,fogos,moto g34,,motorola_cn
XT2363-4,mob,motorola,Motorola,,fogos,moto g34s,,motorola_cn
XT2401-2,mob,motorola,Motorola,,ctwo,moto X50 Ultra,,motorola_cn
XT2409-5,mob,motorola,Motorola,,vienna,moto S50,,motorola_cn
XT2427-4,mob,motorola,Motorola,,malmo,moto S50 Neo,,motorola_cn
XT2453-2,mob,motorola,Motorola,,aito,moto razr 50,,motorola_cn
XT2451-4,mob,motorola,Motorola,,arcfox,moto razr 50 Ultra,,motorola_cn
XT2435-3,mob,motorola,Motorola,,taipei,moto g55,,motorola_cn
XT2437-4,mob,motorola,Motorola,,paros,moto g75,,motorola_cn
XT2505-4,mob,motorola,Motorola,,scout,moto edge 60,,motorola_cn
XT2503-3,mob,motorola,Motorola,,scout,moto edge 60s,,motorola_cn
XT2507-5,mob,motorola,Motorola,,cybert,moto edge 60 Pro,,motorola_cn
XT2553-2,mob,motorola,Motorola,,aito,moto razr 60,,motorola_cn
XT2557-1,mob,motorola,Motorola,,arcfox,moto razr 60 Pro,,motorola_cn
XT2551-3,mob,motorola,Motorola,,leap,moto razr 60 Ultra,,motorola_cn
XT2527-3,mob,motorola,Motorola,,nice,moto g100 Pro,,motorola_cn
XT2533-4,mob,motorola,Motorola,,portov,moto g100,,motorola_cn
XT2537-4,mob,motorola,Motorola,,mumba,moto g100s,,motorola_cn
XT2601-1,mob,motorola,Motorola,,roadstr,moto X70 Air,,motorola_cn
XT2603-1,mob,motorola,Motorola,,vantage,moto X70 Air Pro,,motorola_cn
XT2651-4,mob,motorola,Motorola,,blanc,moto razr fold,,motorola_cn
XT2655-4,mob,motorola,Motorola,,lhotse,moto razr 70 Ultra,,motorola_cn
TA-1000,mob,nokia,诺基亚,,plate,Nokia 6,,nokia_cn
TA-1054,mob,nokia,诺基亚,,plate2,Nokia 6 (第二代),,nokia_cn
TA-1041,mob,nokia,诺基亚,,charm,Nokia 7,,nokia_cn
TA-1062,mob,nokia,诺基亚,,onyx,Nokia 7 Plus,,nokia_cn
TA-1042,mob,nokia,诺基亚,,avenger,Nokia 8 Sirocco,,nokia_cn
TA-1094,mob,nokia,诺基亚,,beholder,Nokia 9 PureView,,nokia_cn
TA-1109,mob,nokia,诺基亚,,panda,Nokia X5,,nokia_cn
TA-1099,mob,nokia,诺基亚,,dragon,Nokia X6,,nokia_cn
TA-1131,mob,nokia,诺基亚,,phoenix,Nokia X7,,nokia_cn
TA-1172,mob,nokia,诺基亚,,taisun,Nokia X71,,nokia_cn
TA-1117,mob,nokia,诺基亚,,rooster,Nokia 3.1 Plus,,nokia_cn
TA-1335,mob,nokia,诺基亚,,yondu,Nokia C1 Plus,,nokia_cn
TA-1258,mob,nokia,诺基亚,,gamoraplus,Nokia C3,,nokia_cn
TA-1388,mob,nokia,诺基亚,,sirius,Nokia C20 Plus,,nokia_cn
TA-1361,mob,nokia,诺基亚,,punisher,Nokia G50,,nokia_cn
TA-1392,mob,nokia,诺基亚,,riddler,Nokia T20,,nokia_cn
TA-1511,mob,nokia,诺基亚,,vision,Nokia C31,,nokia_cn
A063,mob,nothing,Nothing,,Spacewar,Nothing Phone (1),,nothing
A065,mob,nothing,Nothing,,Pong,Nothing Phone (2),Global,nothing
AIN065,mob,nothing,Nothing,,Pong,Nothing Phone (2),India,nothing
A142,mob,nothing,Nothing,,Pacman,Nothing Phone (2a),,nothing
A142P,mob,nothing,Nothing,,PacmanPro,Nothing Phone (2a) Plus,,nothing
A024,mob,nothing,Nothing,,Metroid,Nothing Phone (3),,nothing
A059,mob,nothing,Nothing,,Asteroids,Nothing Phone (3a),,nothing
A059P,mob,nothing,Nothing,,Asteroids,Nothing Phone (3a) Pro,,nothing
A001T,mob,nothing,Nothing,,Galaxian,Nothing Phone (3a) Lite,,nothing
A069,mob,nothing,Nothing,,Frogger,Nothing Phone (4a),,nothing
A069P,mob,nothing,Nothing,,FroggerPro,Nothing Phone (4a) Pro,,nothing
A009P,mob,nothing,Nothing,,SuperContra,Nothing Phone (4b),,nothing
A015,mob,nothing,Nothing,,Tetris,CMF Phone 1,,nothing
A001,mob,nothing,Nothing,,Galaga,CMF Phone 2 Pro,,nothing
NX501,mob,nubia,努比亚,,,Z5,,nubia
NX401,mob,nubia,努比亚,,,Z5 mini,,nubia
NX402,mob,nubia,努比亚,,,Z5 mini,,nubia
NX503A,mob,nubia,努比亚,,,Z5S,,nubia
NX503J,mob,nubia,努比亚,,,Z5S,,nubia
NX403A,mob,nubia,努比亚,,,Z5S mini,,nubia
NX506J,mob,nubia,努比亚,,,Z7,,nubia
NX507J,mob,nubia,努比亚,,,Z7 mini,全网通版,nubia
NX507H,mob,nubia,努比亚,,,Z7 mini,双 4G 版,nubia
NX505J,mob,nubia,努比亚,,,Z7 Max,全网通版,nubia
NX505H,mob,nubia,努比亚,,,Z7 Max,双 4G 版,nubia
NX508J,mob,nubia,努比亚,,,Z9,全网通版,nubia
NX508H,mob,nubia,努比亚,,,Z9,双 4G 版,nubia
NX511J,mob,nubia,努比亚,,,Z9 mini,全网通版,nubia
NX511H,mob,nubia,努比亚,,,Z9 mini,双 4G 版,nubia
NX510J,mob,nubia,努比亚,,,Z9 Max,全网通版,nubia
NX512H,mob,nubia,努比亚,,,Z9 Max,双 4G 版,nubia
NX512J,mob,nubia,努比亚,,,Z9 Max,极速版,nubia
NX518J,mob,nubia,努比亚,,,Z9 Max,精英版,nubia
NX531J,mob,nubia,努比亚,,,Z11,,nubia
NX529J,mob,nubia,努比亚,,,Z11 mini,,nubia
NX523J,mob,nubia,努比亚,,,Z11 Max,,nubia
NX535J,mob,nubia,努比亚,,,Z11 Max,经典版,nubia
NX549J,mob,nubia,努比亚,,,Z11 miniS,,nubia
NX563J,mob,nubia,努比亚,,,Z17,,nubia
NX591J,mob,nubia,努比亚,,,Z17 畅享版,,nubia
NX569J,mob,nubia,努比亚,,,Z17 mini,标准版,nubia
NX569H,mob,nubia,努比亚,,,Z17 mini,高配版,nubia
NX595J,mob,nubia,努比亚,,,Z17S,,nubia
NX589J,mob,nubia,努比亚,,,Z17 miniS,,nubia
NX606J,mob,nubia,努比亚,,,Z18,,nubia
NX611J,mob,nubia,努比亚,,,Z18 mini,,nubia
NX627J,mob,nubia,努比亚,,,Z20,,nubia
NX667J,mob,nubia,努比亚,,,Z30 Pro,,nubia
NX701J,mob,nubia,努比亚,,,Z40 Pro,,nubia
NX702J,mob,nubia,努比亚,,,Z40S Pro,,nubia
NX711J,mob,nubia,努比亚,,,Z50,,nubia
NX711J,mob,nubia,努比亚,,,Z50S,,nubia
NX712J,mob,nubia,努比亚,,,Z50 Ultra,,nubia
NX713J,mob,nubia,努比亚,,,Z50S Pro,,nubia
NX715J,mob,nubia,努比亚,,,Z50 SE,,nubia
NX721J,mob,nubia,努比亚,,,Z60 Ultra,,nubia
NX721J,mob,nubia,努比亚,,,Z60 Ultra 领先版,,nubia
NX725J,mob,nubia,努比亚,,,Z60S Pro,,nubia
NX733J,mob,nubia,努比亚,,,Z70 Ultra,,nubia
NX736J,mob,nubia,努比亚,,,Z70 Ultra,星空典藏版 (卫星通信),nubia
NX737J,mob,nubia,努比亚,,,Z70S Ultra,摄影师版,nubia
NX741J,mob,nubia,努比亚,,,Z80 Ultra,,nubia
NX601J,mob,nubia,努比亚,,,X6,,nubia
NX616J,mob,nubia,努比亚,,,X,,nubia
NX612J,mob,nubia,努比亚,,,V18,,nubia
NX651J,mob,nubia,努比亚,,,Play,,nubia
NX724J,mob,nubia,努比亚,,,Flip,5G,nubia
NX724J,mob,nubia,努比亚,,,Flip,5G S,nubia
NX732J,mob,nubia,努比亚,,,Flip 2,国行版,nubia
A404ZT,mob,nubia,努比亚,,,Flip 2,SoftBank,nubia
Z8900CA,mob,nubia,努比亚,,,Flip 2,eSIM,nubia
NX302J,mob,nubia,努比亚,,,小牛,,nubia
NX513J,mob,nubia,努比亚,,,My 布拉格,全网通版,nubia
NX513H,mob,nubia,努比亚,,,My 布拉格,双 4G 版,nubia
NX551J,mob,nubia,努比亚,,,M2,,nubia
NX573J,mob,nubia,努比亚,,,M2 青春版,,nubia
NX907J,mob,nubia,努比亚,,,M2 畅玩版,,nubia
P0110,mob,nubia,努比亚,,,M153 豆包手机助手技术预览版,,nubia
NX541J,mob,nubia,努比亚,,,N1,,nubia
NX575J,mob,nubia,努比亚,,,N2,,nubia
NX608J,mob,nubia,努比亚,,,N3,,nubia
NX617J,mob,nubia,努比亚,,,N3,,nubia
NX301J,mob,nubia,努比亚,,,N5,,nubia
nubia 8150N,mob,nubia,努比亚,,,Neo,5G,nubia
Z2352N,mob,nubia,努比亚,,,Neo 2,5G,nubia
Z2461,mob,nubia,努比亚,,,Neo 3,,nubia
Z2464N,mob,nubia,努比亚,,,Neo 3,5G,nubia
Z2465N,mob,nubia,努比亚,,,Neo 3 GT,5G,nubia
Z2571N,mob,nubia,努比亚,,,Neo 5,5G,nubia
Z2570N,mob,nubia,努比亚,,,Neo 5 GT,5G,nubia
Z2353,mob,nubia,努比亚,,,Music,,nubia
Z2460,mob,nubia,努比亚,,,Music 2,,nubia
Z2460,mob,nubia,努比亚,,,Music Pro,,nubia
Z2455,mob,nubia,努比亚,,,Focus,,nubia
Z2462N,mob,nubia,努比亚,,,Focus 2,5G,nubia
Z2463N,mob,nubia,努比亚,,,Focus 2 Ultra,5G,nubia
A502ZT,mob,nubia,努比亚,,,Fold,SoftBank,nubia
Z2468N,mob,nubia,努比亚,,,Air,,nubia
Z2473,mob,nubia,努比亚,,,A56,,nubia
Z6255CA,mob,nubia,努比亚,,,A75,,nubia
Z2474,mob,nubia,努比亚,,,A76,,nubia
Z6657CA,mob,nubia,努比亚,,,A76,,nubia
Z2469N,mob,nubia,努比亚,,,A76,5G,nubia
nubia 8550,mob,nubia,努比亚,,,V50 Vita,,nubia
Z2356,mob,nubia,努比亚,,,V60,,nubia
Z2350,mob,nubia,努比亚,,,V60 Design,,nubia
Z2459,mob,nubia,努比亚,,,V70,,nubia
Z2458,mob,nubia,努比亚,,,V70 Design,,nubia
Z2467,mob,nubia,努比亚,,,V70 Max,,nubia
A403ZT,mob,nubia,努比亚,,,S,5G SoftBank,nubia
A507ZT,mob,nubia,努比亚,,,S2e,SoftBank,nubia
Z6305R,mob,nubia,努比亚,,,S2R,,nubia
LPD-20W,pad,nubia,努比亚,,,Pad 3D,,nubia
NP02J,pad,nubia,努比亚,,,Pad 3D II,,nubia
K99J,pad,nubia,努比亚,,,Pad SE,,nubia
NT01,pad,nubia,努比亚,,,Pad Pro,,nubia
NX609J,mob,nubia,努比亚,,,红魔电竞游戏手机,,nubia
NX619J,mob,nubia,努比亚,,,红魔 Mars 电竞手机,,nubia
NX629J,mob,nubia,努比亚,,,红魔 3,,nubia
NX629J,mob,nubia,努比亚,,,红魔 3S,,nubia
NX659J,mob,nubia,努比亚,,,红魔 5G,,nubia
NX659J,mob,nubia,努比亚,,,红魔 5S,,nubia
NX669J,mob,nubia,努比亚,,,腾讯红魔游戏手机 6,,nubia
NX669J-P,mob,nubia,努比亚,,,腾讯红魔游戏手机 6 Pro,,nubia
NX666J,mob,nubia,努比亚,,,腾讯红魔游戏手机 6R,,nubia
NX669J-S,mob,nubia,努比亚,,,腾讯红魔游戏手机 6S Pro,,nubia
NX679J,mob,nubia,努比亚,,,红魔 7,,nubia
NX709J,mob,nubia,努比亚,,,红魔 7 Pro,,nubia
NX679S,mob,nubia,努比亚,,,红魔 7S,,nubia
NX709S,mob,nubia,努比亚,,,红魔 7S Pro,,nubia
NX729J,mob,nubia,努比亚,,,红魔 8 Pro,,nubia
NX729J,mob,nubia,努比亚,,,红魔 8 Pro+,,nubia
NX729S,mob,nubia,努比亚,,,红魔 8S Pro,,nubia
NX729S,mob,nubia,努比亚,,,红魔 8S Pro+,,nubia
NX769J,mob,nubia,努比亚,,,红魔 9 Pro,,nubia
NX769J,mob,nubia,努比亚,,,红魔 9 Pro+,,nubia
NX769J,mob,nubia,努比亚,,,红魔 9S Pro,,nubia
NX769J,mob,nubia,努比亚,,,红魔 9S Pro+,,nubia
NX789J,mob,nubia,努比亚,,,红魔 10 Pro,,nubia
NX789J,mob,nubia,努比亚,,,红魔 10 Pro+,,nubia
NX779J,mob,nubia,努比亚,,,红魔 10 Air,,nubia
NX789J,mob,nubia,努比亚,,,红魔 10S Pro,,nubia
NX789J,mob,nubia,努比亚,,,红魔 10S Pro+,,nubia
NX809J,mob,nubia,努比亚,,,红魔 11 Pro,,nubia
NX809J,mob,nubia,努比亚,,,红魔 11 Pro+,,nubia
NX799J,mob,nubia,努比亚,,,红魔 11 Air,,nubia
NX809J,mob,nubia,努比亚,,,红魔 11S Pro,,nubia
NX809J,mob,nubia,努比亚,,,红魔 11S Pro+,,nubia
NP01J,pad,nubia,努比亚,,,红魔电竞平板,5G,nubia
NP03J,pad,nubia,努比亚,,,红魔电竞平板 Pro,,nubia
NP02J,pad,nubia,努比亚,,,红魔平板 · 3D 探索版,5G,nubia
NP05J,pad,nubia,努比亚,,,红魔电竞平板 3 Pro,,nubia
NP06J,pad,nubia,努比亚,,,红魔游戏平板 5 Pro,,nubia
ONE A0001,mob,oneplus,一加,,bacon,一加手机,全网通版 / 移动版 / 国际版,oneplus
ONE A1001,mob,oneplus,一加,,bacon,一加手机,联通版,oneplus
ONE A2001,mob,oneplus,一加,,oneplus2,一加手机 2,,oneplus
ONE A2003,mob,oneplus,一加,,oneplus2,一加手机 2,国际版,oneplus
ONE A2005,mob,oneplus,一加,,oneplus2,一加手机 2,北美版,oneplus
ONE E1000,mob,oneplus,一加,,onyx,一加手机 X,全网通版,oneplus
ONE E1001,mob,oneplus,一加,,onyx,一加手机 X,移动版 / 联通版,oneplus
ONE E1003,mob,oneplus,一加,,onyx,一加手机 X,国际版,oneplus
ONE E1005,mob,oneplus,一加,,onyx,一加手机 X,北美版,oneplus
ONEPLUS A3000,mob,oneplus,一加,,oneplus3,一加手机 3,国行版,oneplus
ONEPLUS A3003,mob,oneplus,一加,,oneplus3,一加手机 3,国际版,oneplus
ONEPLUS A3010,mob,oneplus,一加,,oneplus3t,一加手机 3T,国行版,oneplus
ONEPLUS A3013,mob,oneplus,一加,,oneplus3t,一加手机 3T,国际版,oneplus
ONEPLUS A5000,mob,oneplus,一加,,cheeseburger,一加 5,,oneplus
ONEPLUS A5010,mob,oneplus,一加,,dumpling,一加 5T,,oneplus
ONEPLUS A6000,mob,oneplus,一加,,enchilada,一加 6,国行版,oneplus
ONEPLUS A6003,mob,oneplus,一加,,enchilada,一加 6,国际版,oneplus
ONEPLUS A6010,mob,oneplus,一加,,fajita,一加 6T,国行版,oneplus
ONEPLUS A6013,mob,oneplus,一加,,fajita,一加 6T,国际版,oneplus
GM1900,mob,oneplus,一加,,guacamoleb,一加 7,国行版,oneplus
GM1901,mob,oneplus,一加,,guacamoleb,一加 7,印度版,oneplus
GM1903,mob,oneplus,一加,,guacamoleb,一加 7,欧洲版,oneplus
GM1905,mob,oneplus,一加,,guacamoleb,一加 7,北美版 / 国际版,oneplus
GM1910,mob,oneplus,一加,,guacamole,一加 7 Pro,国行版,oneplus
GM1911,mob,oneplus,一加,,guacamole,一加 7 Pro,印度版,oneplus
GM1913,mob,oneplus,一加,,guacamole,一加 7 Pro,欧洲版,oneplus
GM1915,mob,oneplus,一加,,guacamole,一加 7 Pro,北美版 / 国际版,oneplus
GM1917,mob,oneplus,一加,,guacamolet,一加 7 Pro,T-Mobile 版,oneplus
GM1920,mob,oneplus,一加,,guacamoleg,一加 7 Pro 5G,欧洲版,oneplus
GM1925,mob,oneplus,一加,,guacamoles,一加 7 Pro 5G,Sprint 版,oneplus
HD1900,mob,oneplus,一加,,hotdogb,一加 7T,国行版,oneplus
HD1901,mob,oneplus,一加,,hotdogb,一加 7T,印度版,oneplus
HD1903,mob,oneplus,一加,,hotdogb,一加 7T,欧洲版,oneplus
HD1905,mob,oneplus,一加,,hotdogb,一加 7T,北美版 / 国际版,oneplus
HD1907,mob,oneplus,一加,,hotdogt,一加 7T,T-Mobile 版,oneplus
HD1910,mob,oneplus,一加,,hotdog,一加 7T Pro,国行版,oneplus
HD1911,mob,oneplus,一加,,hotdog,一加 7T Pro,印度版,oneplus
HD1913,mob,oneplus,一加,,hotdog,一加 7T Pro,欧洲版 / 国际版,oneplus
HD1925,mob,oneplus,一加,,hotdogg,一加 7T Pro 5G,T-Mobile 版,oneplus
HD1925,mob,oneplus,一加,,hotdogg,一加 7T Pro 5G,Concept One,oneplus
IN2010,mob,oneplus,一加,,instantnoodle,一加 8,国行版,oneplus
IN2011,mob,oneplus,一加,,instantnoodle,一加 8,印度版,oneplus
IN2013,mob,oneplus,一加,,instantnoodle,一加 8,欧洲版,oneplus
IN2015,mob,oneplus,一加,,instantnoodle,一加 8,北美版 / 国际版,oneplus
IN2017,mob,oneplus,一加,,instantnoodlet,一加 8,T-Mobile 版,oneplus
IN2019,mob,oneplus,一加,,instantnoodlevis,一加 8,Visible 版 / Verizon 版,oneplus
IN2020,mob,oneplus,一加,,instantnoodlep,一加 8 Pro,国行版,oneplus
IN2021,mob,oneplus,一加,,instantnoodlep,一加 8 Pro,印度版,oneplus
IN2023,mob,oneplus,一加,,instantnoodlep,一加 8 Pro,欧洲版,oneplus
IN2025,mob,oneplus,一加,,instantnoodlep,一加 8 Pro,北美版 / 国际版,oneplus
KB2000,mob,oneplus,一加,,kebab,一加 8T,国行版,oneplus
KB2001,mob,oneplus,一加,,kebab,一加 8T,印度版,oneplus
KB2003,mob,oneplus,一加,,kebab,一加 8T,欧洲版,oneplus
KB2005,mob,oneplus,一加,,kebab,一加 8T,北美版 / 国际版 / 一加 8T Concept,oneplus
KB2007,mob,oneplus,一加,,kebabt,一加 8T+,T-Mobile 版,oneplus
LE2100,mob,oneplus,一加,,lemonades,一加 9R,国行版,oneplus
LE2101,mob,oneplus,一加,,lemonades,一加 9R,印度版,oneplus
LE2110,mob,oneplus,一加,,lemonade,一加 9,国行版,oneplus
LE2111,mob,oneplus,一加,,lemonade,一加 9,印度版,oneplus
LE2113,mob,oneplus,一加,,lemonade,一加 9,欧洲版,oneplus
LE2115,mob,oneplus,一加,,lemonade,一加 9,北美版 / 国际版,oneplus
LE2117,mob,oneplus,一加,,lemonadet,一加 9,T-Mobile 版,oneplus
LE2119,mob,oneplus,一加,,lemonadev,一加 9,Verzion 版,oneplus
LE2120,mob,oneplus,一加,,lemonadep,一加 9 Pro,国行版,oneplus
LE2121,mob,oneplus,一加,,lemonadep,一加 9 Pro,印度版,oneplus
LE2123,mob,oneplus,一加,,lemonadep,一加 9 Pro,欧洲版,oneplus
LE2125,mob,oneplus,一加,,lemonadep,一加 9 Pro,北美版 / 国际版,oneplus
LE2127,mob,oneplus,一加,,lemonadept,一加 9 Pro,T-Mobile 版,oneplus
MT2110,mob,oneplus,一加,,martini,一加 9RT,国行版,oneplus
MT2111,mob,oneplus,一加,,martini,一加 9RT,印度版,oneplus
NE2210,mob,oneplus,一加,,negroni,一加 10 Pro,国行版,oneplus
NE2211,mob,oneplus,一加,,negroni,一加 10 Pro,印度版,oneplus
NE2213,mob,oneplus,一加,,negroni,一加 10 Pro,欧洲版 / 国际版,oneplus
NE2215,mob,oneplus,一加,,negroni,一加 10 Pro,北美版,oneplus
NE2217,mob,oneplus,一加,,negroni,一加 10 Pro,T-Mobile 版,oneplus
PGKM10,mob,oneplus,一加,,pickle,一加 Ace,国行版,oneplus
CPH2423,mob,oneplus,一加,,pickle,一加 10R,印度版,oneplus
CPH2411,mob,oneplus,一加,,pickle,一加 10R,长寿版 印度版,oneplus
PGZ110,mob,oneplus,一加,,qqcandy,一加 Ace 竞速版,国行版,oneplus
PGP110,mob,oneplus,一加,,ovaltine,一加 Ace Pro,国行版 / 原神限定版,oneplus
CPH2413,mob,oneplus,一加,,ovaltine,一加 10T,印度版,oneplus
CPH2415,mob,oneplus,一加,,ovaltine,一加 10T,欧洲版 / 国际版,oneplus
CPH2417,mob,oneplus,一加,,ovaltine,一加 10T,北美版,oneplus
CPH2419,mob,oneplus,一加,,ovaltine,一加 10T,T-Mobile 版,oneplus
PHB110,mob,oneplus,一加,,salami,一加 11,国行版,oneplus
CPH2447,mob,oneplus,一加,,salami,一加 11,印度版,oneplus
CPH2449,mob,oneplus,一加,,salami,一加 11,欧洲版 / 国际版 / 一加 11 Concept,oneplus
CPH2451,mob,oneplus,一加,,salami,一加 11,北美版,oneplus
PHK110,mob,oneplus,一加,,udon,一加 Ace 2,国行版 / 原神定制礼盒,oneplus
CPH2487,mob,oneplus,一加,,udon,一加 11R,印度版,oneplus
PHP110,mob,oneplus,一加,,vitamin,一加 Ace 2V,国行版,oneplus
CPH2491,mob,oneplus,一加,,vitamin,一加 Nord 3,印度版,oneplus
CPH2493,mob,oneplus,一加,,vitamin,一加 Nord 3,欧洲版,oneplus
PJA110,mob,oneplus,一加,,xigua,一加 Ace 2 Pro,国行版 / 原神派蒙主题礼盒,oneplus
PJD110,mob,oneplus,一加,,waffle,一加 12,国行版,oneplus
CPH2573,mob,oneplus,一加,,waffle,一加 12,印度版,oneplus
CPH2581,mob,oneplus,一加,,waffle,一加 12,欧洲版 / 国际版,oneplus
CPH2583,mob,oneplus,一加,,waffle,一加 12,北美版,oneplus
PJE110,mob,oneplus,一加,,aston,一加 Ace 3,国行版 / 原神刻晴定制机,oneplus
CPH2585,mob,oneplus,一加,,aston,一加 12R,印度版 / 原神刻晴定制机,oneplus
CPH2609,mob,oneplus,一加,,aston,一加 12R,欧洲版 / 国际版 / 原神刻晴定制机,oneplus
CPH2611,mob,oneplus,一加,,aston,一加 12R,北美版 / 原神刻晴定制机,oneplus
PJF110,mob,oneplus,一加,,audi,一加 Ace 3V,国行版,oneplus
PJX110,mob,oneplus,一加,,corvette,一加 Ace 3 Pro,国行版,oneplus
PJZ110,mob,oneplus,一加,,dodge,一加 13,国行版,oneplus
CPH2649,mob,oneplus,一加,,dodge,一加 13,印度版,oneplus
CPH2653,mob,oneplus,一加,,dodge,一加 13,欧洲版 / 国际版,oneplus
CPH2655,mob,oneplus,一加,,dodge,一加 13,北美版,oneplus
PKG110,mob,oneplus,一加,,giulia,一加 Ace 5,国行版,oneplus
CPH2645,mob,oneplus,一加,,giulia,一加 13R,欧洲版 / 国际版,oneplus
CPH2647,mob,oneplus,一加,,giulia,一加 13R,北美版,oneplus
CPH2691,mob,oneplus,一加,,giulia,一加 13R,印度版,oneplus
PKR110,mob,oneplus,一加,,hummer,一加 Ace 5 Pro,国行版,oneplus
PKX110,mob,oneplus,一加,,pagani,一加 13T,国行版,oneplus
CPH2723,mob,oneplus,一加,,pagani,一加 13s,印度版,oneplus
PLC110,mob,oneplus,一加,,emira,一加 Ace 5 至尊版,国行版,oneplus
PLF110,mob,oneplus,一加,,subaru,一加 Ace 5 竞速版,国行版,oneplus
PLK110,mob,oneplus,一加,,infiniti,一加 15,国行版,oneplus
CPH2745,mob,oneplus,一加,,infiniti,一加 15,印度版,oneplus
CPH2747,mob,oneplus,一加,,infiniti,一加 15,欧洲版 / 国际版,oneplus
CPH2749,mob,oneplus,一加,,infiniti,一加 15,北美版,oneplus
PLQ110,mob,oneplus,一加,,ktm,一加 Ace 6,国行版,oneplus
PLR110,mob,oneplus,一加,,macan,一加 Ace 6T,国行版,oneplus
CPH2767,mob,oneplus,一加,,macan,一加 15R,印度版,oneplus
CPH2769,mob,oneplus,一加,,macan,一加 15R,欧洲版 / 国际版,oneplus
CPH2771,mob,oneplus,一加,,macan,一加 15R,北美版,oneplus
PLZ110,mob,oneplus,一加,,fairlady,一加 15T,国行版,oneplus
PMB110,mob,oneplus,一加,,roadster,一加 Ace 6 至尊版,国行版,oneplus
PLU110,mob,oneplus,一加,,volkswagen,一加 Turbo 6,国行版,oneplus
CPH2793,mob,oneplus,一加,,volkswagen,一加 Nord 6,印度版,oneplus
CPH2795,mob,oneplus,一加,,volkswagen,一加 Nord 6,国际版,oneplus
PLY110,mob,oneplus,一加,,prado,一加 Turbo 6V,国行版,oneplus
CPH2805,mob,oneplus,一加,,prado,一加 Nord CE 6,印度版,oneplus
CPH2807,mob,oneplus,一加,,prado,一加 Nord CE 6,国际版,oneplus
PYS110,mob,oneplus,一加,,kof,一加 Turbo 6X,国行版,oneplus
PYR110,mob,oneplus,一加,,lol,一加 Turbo 6X Pro,国行版,oneplus
AC2001,mob,oneplus,一加,,avicii,一加 Nord,印度版,oneplus
AC2003,mob,oneplus,一加,,avicii,一加 Nord,欧洲版 / 国际版,oneplus
DN2101,mob,oneplus,一加,,denniz,一加 Nord 2,印度版,oneplus
DN2103,mob,oneplus,一加,,denniz,一加 Nord 2,欧洲版,oneplus
CPH2399,mob,oneplus,一加,,karen,一加 Nord 2T,国际版,oneplus
CPH2401,mob,oneplus,一加,,karen,一加 Nord 2T,印度版,oneplus
CPH2661,mob,oneplus,一加,,avalon,一加 Nord 4,印度版,oneplus
CPH2663,mob,oneplus,一加,,avalon,一加 Nord 4,欧洲版 / 国际版,oneplus
CPH2707,mob,oneplus,一加,,lexus,一加 Nord 5,印度版,oneplus
CPH2709,mob,oneplus,一加,,lexus,一加 Nord 5,国际版,oneplus
EB2101,mob,oneplus,一加,,ebba,一加 Nord CE,印度版,oneplus
EB2103,mob,oneplus,一加,,ebba,一加 Nord CE,欧洲版 / 国际版,oneplus
IV2201,mob,oneplus,一加,,ivan,一加 Nord CE 2,印度版,oneplus
CPH2381,mob,oneplus,一加,,oscar,一加 Nord CE 2 Lite,印度版,oneplus
CPH2409,mob,oneplus,一加,,oscar,一加 Nord CE 2 Lite,欧洲版 / 国际版,oneplus
CPH2569,mob,oneplus,一加,,ziti,一加 Nord CE 3,印度版,oneplus
CPH2465,mob,oneplus,一加,,larry,一加 Nord CE 3 Lite,国际版,oneplus
CPH2467,mob,oneplus,一加,,larry,一加 Nord CE 3 Lite,印度版,oneplus
CPH2513,mob,oneplus,一加,,larry,一加 Nord N30,北美版,oneplus
CPH2515,mob,oneplus,一加,,larry,一加 Nord N30,T-Mobile 版,oneplus
CPH2613,mob,oneplus,一加,,benz,一加 Nord CE 4,印度版,oneplus
CPH2619,mob,oneplus,一加,,camry,一加 Nord CE 4 Lite,印度版,oneplus
CPH2621,mob,oneplus,一加,,camry,一加 Nord CE 4 Lite,欧洲版 / 国际版,oneplus
CPH2717,mob,oneplus,一加,,honda,一加 Nord CE 5,印度版,oneplus
CPH2719,mob,oneplus,一加,,honda,一加 Nord CE 5,国际版,oneplus
CPH2943,mob,oneplus,一加,,suzuki-o,一加 Nord CE 6 Lite,印度版,oneplus
CPH2955,mob,oneplus,一加,,,一加 N6,印度版,oneplus
BE2025,mob,oneplus,一加,,billie8,一加 Nord N10,Metro 版,oneplus
BE2026,mob,oneplus,一加,,billie8,一加 Nord N10,北美版,oneplus
BE2029,mob,oneplus,一加,,billie8,一加 Nord N10,欧洲版 / 国际版,oneplus
BE2028,mob,oneplus,一加,,billie8t,一加 Nord N10,T-Mobile 版,oneplus
BE2011,mob,oneplus,一加,,bengal,一加 Nord N100,北美版,oneplus
BE2012,mob,oneplus,一加,,bengal,一加 Nord N100,T-Mobile 版,oneplus
BE2013,mob,oneplus,一加,,bengal,一加 Nord N100,国际版,oneplus
BE2015,mob,oneplus,一加,,bengal,一加 Nord N100,Metro 版,oneplus
GN2200,mob,oneplus,一加,,gunnar,一加 Nord N20,,oneplus
CPH2459,mob,oneplus,一加,,gunnar,一加 Nord N20,,oneplus
CPH2469,mob,oneplus,一加,,zhaoyun-o,一加 Nord N20 SE,,oneplus
CPH2605,mob,oneplus,一加,,fanli-o,一加 Nord N30 SE,欧洲版,oneplus
DE2117,mob,oneplus,一加,,dre9,一加 Nord N200,北美版,oneplus
DE2118,mob,oneplus,一加,,dre8t,一加 Nord N200,T-Mobile 版,oneplus
CPH2389,mob,oneplus,一加,,hilda,一加 Nord N300,,oneplus
CPH2551,mob,oneplus,一加,,"hedwig, xueying-9",一加 Open,,oneplus
OPD2203,pad,oneplus,一加,,aries-o,一加平板 (2023),国际版,oneplus
OPD2304,pad,oneplus,一加,,bluey-o,一加平板 Go,LTE,oneplus
OPD2305,pad,oneplus,一加,,bluey-o,一加平板 Go,Wi-Fi,oneplus
OPD2407,pad,oneplus,一加,,dunhuang-o,一加平板 (2024),国行版,oneplus
OPD2404,pad,oneplus,一加,,"rainbow, caihong-o",一加平板 Pro,国行版,oneplus
OPD2403,pad,oneplus,一加,,"rainbow, caihong-o",一加平板 2 (2024),国际版,oneplus
OPD2413,pad,oneplus,一加,,erhai-o,一加平板 2 Pro,国行版,oneplus
OPD2415,pad,oneplus,一加,,erhai-o,一加平板 3,国际版,oneplus
OPD2480,pad,oneplus,一加,,fiji-o,一加平板 Lite,Wi-Fi,oneplus
OPD2481,pad,oneplus,一加,,fiji-o,一加平板 Lite,LTE,oneplus
OPD2504,pad,oneplus,一加,,greenland-o,一加平板 Go 2,Wi-Fi,oneplus
OPD2505,pad,oneplus,一加,,greenland-o,一加平板 Go 2,5G,oneplus
OPD2508,pad,oneplus,一加,,himalayan-o,一加平板 2 (2025),国行版,oneplus
OPD2513,pad,oneplus,一加,,iceland-o,一加平板 3 Pro,国行版,oneplus
OPD2514,pad,oneplus,一加,,iceland-o,一加平板 4,国际版,oneplus
W101IN,band,oneplus,一加,,audio,一加 Band,印度版,oneplus
OPBBE221,watch,oneplus,一加,,newton,一加 Nord Watch,,oneplus
W301CN,watch,oneplus,一加,,,一加手表,国行版 / Cyberpunk 2077 限定版,oneplus
W501CN,watch,oneplus,一加,,,一加手表,钴合金限定版 (国行),oneplus
W301GB,watch,oneplus,一加,,,一加手表,国际版 / 钴合金限定版 (国际) / 哈利波特限定版,oneplus
OPWW234,watch,oneplus,一加,,bagel,一加手表 2,国行版,oneplus
OPWWE234,watch,oneplus,一加,,bagel,一加手表 2R,国际版,oneplus
OPWWE231,watch,oneplus,一加,,almond,一加手表 2,国际版,oneplus
OPWWE251,watch,oneplus,一加,,"chili, chilie",一加手表 3,国际版,oneplus
OPWE242,watch,oneplus,一加,,"chili, chilie",一加手表 3,43mm 国际版,oneplus
OPWWE261,watch,oneplus,一加,,,一加手表 4,国际版,oneplus
ONE A0001,mob,oneplus,OnePlus,,bacon,OnePlus One,China / China Mobile / Global,oneplus_en
ONE A1001,mob,oneplus,OnePlus,,bacon,OnePlus One,China Unicom,oneplus_en
ONE A2001,mob,oneplus,OnePlus,,oneplus2,OnePlus 2,China,oneplus_en
ONE A2003,mob,oneplus,OnePlus,,oneplus2,OnePlus 2,Global,oneplus_en
ONE A2005,mob,oneplus,OnePlus,,oneplus2,OnePlus 2,North America,oneplus_en
ONE E1000,mob,oneplus,OnePlus,,onyx,OnePlus X,China,oneplus_en
ONE E1001,mob,oneplus,OnePlus,,onyx,OnePlus X,China Mobile / China Unicom,oneplus_en
ONE E1003,mob,oneplus,OnePlus,,onyx,OnePlus X,Global,oneplus_en
ONE E1005,mob,oneplus,OnePlus,,onyx,OnePlus X,North America,oneplus_en
ONEPLUS A3000,mob,oneplus,OnePlus,,oneplus3,OnePlus 3,China / North America,oneplus_en
ONEPLUS A3003,mob,oneplus,OnePlus,,oneplus3,OnePlus 3,Global,oneplus_en
ONEPLUS A3010,mob,oneplus,OnePlus,,oneplus3t,OnePlus 3T,China,oneplus_en
ONEPLUS A3013,mob,oneplus,OnePlus,,oneplus3t,OnePlus 3T,Global,oneplus_en
ONEPLUS A5000,mob,oneplus,OnePlus,,cheeseburger,OnePlus 5,,oneplus_en
ONEPLUS A5010,mob,oneplus,OnePlus,,dumpling,OnePlus 5T,,oneplus_en
ONEPLUS A6000,mob,oneplus,OnePlus,,enchilada,OnePlus 6,China,oneplus_en
ONEPLUS A6003,mob,oneplus,OnePlus,,enchilada,OnePlus 6,Global,oneplus_en
ONEPLUS A6010,mob,oneplus,OnePlus,,fajita,OnePlus 6T,China,oneplus_en
ONEPLUS A6013,mob,oneplus,OnePlus,,fajita,OnePlus 6T,Global,oneplus_en
GM1900,mob,oneplus,OnePlus,,guacamoleb,OnePlus 7,China,oneplus_en
GM1901,mob,oneplus,OnePlus,,guacamoleb,OnePlus 7,India,oneplus_en
GM1903,mob,oneplus,OnePlus,,guacamoleb,OnePlus 7,Europe,oneplus_en
GM1905,mob,oneplus,OnePlus,,guacamoleb,OnePlus 7,North America / Global,oneplus_en
GM1910,mob,oneplus,OnePlus,,guacamole,OnePlus 7 Pro,China,oneplus_en
GM1911,mob,oneplus,OnePlus,,guacamole,OnePlus 7 Pro,India,oneplus_en
GM1913,mob,oneplus,OnePlus,,guacamole,OnePlus 7 Pro,Europe,oneplus_en
GM1915,mob,oneplus,OnePlus,,guacamole,OnePlus 7 Pro,North America / Global,oneplus_en
GM1917,mob,oneplus,OnePlus,,guacamolet,OnePlus 7 Pro,T-Mobile,oneplus_en
GM1920,mob,oneplus,OnePlus,,guacamoleg,OnePlus 7 Pro 5G,Europe,oneplus_en
GM1925,mob,oneplus,OnePlus,,guacamoles,OnePlus 7 Pro 5G,Sprint,oneplus_en
HD1900,mob,oneplus,OnePlus,,hotdogb,OnePlus 7T,China,oneplus_en
HD1901,mob,oneplus,OnePlus,,hotdogb,OnePlus 7T,India,oneplus_en
HD1903,mob,oneplus,OnePlus,,hotdogb,OnePlus 7T,Europe,oneplus_en
HD1905,mob,oneplus,OnePlus,,hotdogb,OnePlus 7T,North America / Global,oneplus_en
HD1907,mob,oneplus,OnePlus,,hotdogt,OnePlus 7T,T-Mobile,oneplus_en
HD1910,mob,oneplus,OnePlus,,hotdog,OnePlus 7T Pro,China,oneplus_en
HD1911,mob,oneplus,OnePlus,,hotdog,OnePlus 7T Pro,India,oneplus_en
HD1913,mob,oneplus,OnePlus,,hotdog,OnePlus 7T Pro,Europe / Global,oneplus_en
HD1925,mob,oneplus,OnePlus,,hotdogg,OnePlus 7T Pro 5G,T-Mobile,oneplus_en
HD1925,mob,oneplus,OnePlus,,hotdogg,OnePlus 7T Pro 5G,Concept One,oneplus_en
IN2010,mob,oneplus,OnePlus,,instantnoodle,OnePlus 8,China,oneplus_en
IN2011,mob,oneplus,OnePlus,,instantnoodle,OnePlus 8,India,oneplus_en
IN2013,mob,oneplus,OnePlus,,instantnoodle,OnePlus 8,Europe,oneplus_en
IN2015,mob,oneplus,OnePlus,,instantnoodle,OnePlus 8,North America / Global,oneplus_en
IN2017,mob,oneplus,OnePlus,,instantnoodlet,OnePlus 8,T-Mobile,oneplus_en
IN2019,mob,oneplus,OnePlus,,instantnoodlevis,OnePlus 8,Visible / Verzion,oneplus_en
IN2020,mob,oneplus,OnePlus,,instantnoodlep,OnePlus 8 Pro,China,oneplus_en
IN2021,mob,oneplus,OnePlus,,instantnoodlep,OnePlus 8 Pro,India,oneplus_en
IN2023,mob,oneplus,OnePlus,,instantnoodlep,OnePlus 8 Pro,Europe,oneplus_en
IN2025,mob,oneplus,OnePlus,,instantnoodlep,OnePlus 8 Pro,North America / Global,oneplus_en
KB2000,mob,oneplus,OnePlus,,kebab,OnePlus 8T,China,oneplus_en
KB2001,mob,oneplus,OnePlus,,kebab,OnePlus 8T,India,oneplus_en
KB2003,mob,oneplus,OnePlus,,kebab,OnePlus 8T,Europe,oneplus_en
KB2005,mob,oneplus,OnePlus,,kebab,OnePlus 8T,North America / Global / OnePlus 8T Concept,oneplus_en
KB2007,mob,oneplus,OnePlus,,kebabt,OnePlus 8T+,T-Mobile,oneplus_en
LE2100,mob,oneplus,OnePlus,,lemonades,OnePlus 9R,China,oneplus_en
LE2101,mob,oneplus,OnePlus,,lemonades,OnePlus 9R,India,oneplus_en
LE2110,mob,oneplus,OnePlus,,lemonade,OnePlus 9,China,oneplus_en
LE2111,mob,oneplus,OnePlus,,lemonade,OnePlus 9,India,oneplus_en
LE2113,mob,oneplus,OnePlus,,lemonade,OnePlus 9,Europe,oneplus_en
LE2115,mob,oneplus,OnePlus,,lemonade,OnePlus 9,North America / Global,oneplus_en
LE2117,mob,oneplus,OnePlus,,lemonadet,OnePlus 9,T-Mobile,oneplus_en
LE2119,mob,oneplus,OnePlus,,lemonadev,OnePlus 9,Verzion,oneplus_en
LE2120,mob,oneplus,OnePlus,,lemonadep,OnePlus 9 Pro,China,oneplus_en
LE2121,mob,oneplus,OnePlus,,lemonadep,OnePlus 9 Pro,India,oneplus_en
LE2123,mob,oneplus,OnePlus,,lemonadep,OnePlus 9 Pro,Europe,oneplus_en
LE2125,mob,oneplus,OnePlus,,lemonadep,OnePlus 9 Pro,North America / Global,oneplus_en
LE2127,mob,oneplus,OnePlus,,lemonadept,OnePlus 9 Pro,T-Mobile,oneplus_en
MT2110,mob,oneplus,OnePlus,,martini,OnePlus 9RT,China,oneplus_en
MT2111,mob,oneplus,OnePlus,,martini,OnePlus 9RT,India,oneplus_en
NE2210,mob,oneplus,OnePlus,,negroni,OnePlus 10 Pro,China,oneplus_en
NE2211,mob,oneplus,OnePlus,,negroni,OnePlus 10 Pro,India,oneplus_en
NE2213,mob,oneplus,OnePlus,,negroni,OnePlus 10 Pro,Europe / Global,oneplus_en
NE2215,mob,oneplus,OnePlus,,negroni,OnePlus 10 Pro,North America,oneplus_en
NE2217,mob,oneplus,OnePlus,,negroni,OnePlus 10 Pro,T-Mobile,oneplus_en
PGKM10,mob,oneplus,OnePlus,,pickle,OnePlus Ace,China,oneplus_en
CPH2423,mob,oneplus,OnePlus,,pickle,OnePlus 10R,India,oneplus_en
CPH2411,mob,oneplus,OnePlus,,pickle,OnePlus 10R,Endurance India,oneplus_en
PGZ110,mob,oneplus,OnePlus,,qqcandy,OnePlus Ace Race,China,oneplus_en
PGP110,mob,oneplus,OnePlus,,ovaltine,OnePlus Ace Pro,China / Genshin Impact Edition,oneplus_en
CPH2413,mob,oneplus,OnePlus,,ovaltine,OnePlus 10T,India,oneplus_en
CPH2415,mob,oneplus,OnePlus,,ovaltine,OnePlus 10T,Europe / Global,oneplus_en
CPH2417,mob,oneplus,OnePlus,,ovaltine,OnePlus 10T,North America,oneplus_en
CPH2419,mob,oneplus,OnePlus,,ovaltine,OnePlus 10T,T-Mobile,oneplus_en
PHB110,mob,oneplus,OnePlus,,salami,OnePlus 11,China,oneplus_en
CPH2447,mob,oneplus,OnePlus,,salami,OnePlus 11,India,oneplus_en
CPH2449,mob,oneplus,OnePlus,,salami,OnePlus 11,Europe / Global / OnePlus 11 Concept,oneplus_en
CPH2451,mob,oneplus,OnePlus,,salami,OnePlus 11,North America,oneplus_en
PHK110,mob,oneplus,OnePlus,,udon,OnePlus Ace 2,China / Genshin Impact Edition,oneplus_en
CPH2487,mob,oneplus,OnePlus,,udon,OnePlus 11R,India,oneplus_en
PHP110,mob,oneplus,OnePlus,,vitamin,OnePlus Ace 2V,China,oneplus_en
CPH2491,mob,oneplus,OnePlus,,vitamin,OnePlus Nord 3,India,oneplus_en
CPH2493,mob,oneplus,OnePlus,,vitamin,OnePlus Nord 3,Europe,oneplus_en
PJA110,mob,oneplus,OnePlus,,xigua,OnePlus Ace 2 Pro,China / Genshin Impact Edition,oneplus_en
PJD110,mob,oneplus,OnePlus,,waffle,OnePlus 12,China,oneplus_en
CPH2573,mob,oneplus,OnePlus,,waffle,OnePlus 12,India,oneplus_en
CPH2581,mob,oneplus,OnePlus,,waffle,OnePlus 12,Europe / Global,oneplus_en
CPH2583,mob,oneplus,OnePlus,,waffle,OnePlus 12,North America,oneplus_en
PJE110,mob,oneplus,OnePlus,,aston,OnePlus Ace 3,China / Genshin Impact Edition,oneplus_en
CPH2585,mob,oneplus,OnePlus,,aston,OnePlus 12R,India / Genshin Impact Edition,oneplus_en
CPH2609,mob,oneplus,OnePlus,,aston,OnePlus 12R,Europe / Global / Genshin Impact Edition,oneplus_en
CPH2611,mob,oneplus,OnePlus,,aston,OnePlus 12R,North America / Genshin Impact Edition,oneplus_en
PJF110,mob,oneplus,OnePlus,,audi,OnePlus Ace 3V,China,oneplus_en
PJX110,mob,oneplus,OnePlus,,corvette,OnePlus Ace 3 Pro,China,oneplus_en
PJZ110,mob,oneplus,OnePlus,,dodge,OnePlus 13,China,oneplus_en
CPH2649,mob,oneplus,OnePlus,,dodge,OnePlus 13,India,oneplus_en
CPH2653,mob,oneplus,OnePlus,,dodge,OnePlus 13,Europe / Global,oneplus_en
CPH2655,mob,oneplus,OnePlus,,dodge,OnePlus 13,North America,oneplus_en
PKG110,mob,oneplus,OnePlus,,giulia,OnePlus Ace 5,China,oneplus_en
CPH2645,mob,oneplus,OnePlus,,giulia,OnePlus 13R,Europe / Global,oneplus_en
CPH2647,mob,oneplus,OnePlus,,giulia,OnePlus 13R,North America,oneplus_en
CPH2691,mob,oneplus,OnePlus,,giulia,OnePlus 13R,India,oneplus_en
PKR110,mob,oneplus,OnePlus,,hummer,OnePlus Ace 5 Pro,China,oneplus_en
PLC110,mob,oneplus,OnePlus,,emira,OnePlus Ace 5 Ultra,China,oneplus_en
PLF110,mob,oneplus,OnePlus,,subaru,OnePlus Ace 5 Race,China,oneplus_en
PKX110,mob,oneplus,OnePlus,,pagani,OnePlus 13T,China,oneplus_en
CPH2723,mob,oneplus,OnePlus,,pagani,OnePlus 13s,India,oneplus_en
PLK110,mob,oneplus,OnePlus,,infiniti,OnePlus 15,China,oneplus_en
CPH2745,mob,oneplus,OnePlus,,infiniti,OnePlus 15,India,oneplus_en
CPH2747,mob,oneplus,OnePlus,,infiniti,OnePlus 15,Europe / Global,oneplus_en
CPH2749,mob,oneplus,OnePlus,,infiniti,OnePlus 15,North America,oneplus_en
PLQ110,mob,oneplus,OnePlus,,ktm,OnePlus Ace 6,China,oneplus_en
PLR110,mob,oneplus,OnePlus,,macan,OnePlus Ace 6T,China,oneplus_en
CPH2767,mob,oneplus,OnePlus,,macan,OnePlus 15R,India,oneplus_en
CPH2769,mob,oneplus,OnePlus,,macan,OnePlus 15R,Europe / Global,oneplus_en
CPH2771,mob,oneplus,OnePlus,,macan,OnePlus 15R,North America,oneplus_en
PLZ110,mob,oneplus,OnePlus,,fairlady,OnePlus 15T,China,oneplus_en
PMB110,mob,oneplus,OnePlus,,roadster,OnePlus Ace 6 Ultra,China,oneplus_en
PLU110,mob,oneplus,OnePlus,,volkswagen,OnePlus Turbo 6,China,oneplus_en
CPH2793,mob,oneplus,OnePlus,,volkswagen,OnePlus Nord 6,India,oneplus_en
CPH2795,mob,oneplus,OnePlus,,volkswagen,OnePlus Nord 6,Global,oneplus_en
PLY110,mob,oneplus,OnePlus,,prado,OnePlus Turbo 6V,China,oneplus_en
CPH2805,mob,oneplus,OnePlus,,prado,OnePlus Nord CE 6,India,oneplus_en
CPH2807,mob,oneplus,OnePlus,,prado,OnePlus Nord CE 6,Global,oneplus_en
PYS110,mob,oneplus,OnePlus,,kof,OnePlus Turbo 6X,China,oneplus_en
PYR110,mob,oneplus,OnePlus,,lol,OnePlus Turbo 6X Pro,China,oneplus_en
AC2001,mob,oneplus,OnePlus,,avicii,OnePlus Nord,India,oneplus_en
AC2003,mob,oneplus,OnePlus,,avicii,OnePlus Nord,Europe / Global,oneplus_en
DN2101,mob,oneplus,OnePlus,,denniz,OnePlus Nord 2,India,oneplus_en
DN2103,mob,oneplus,OnePlus,,denniz,OnePlus Nord 2,Europe,oneplus_en
CPH2399,mob,oneplus,OnePlus,,karen,OnePlus Nord 2T,Global,oneplus_en
CPH2401,mob,oneplus,OnePlus,,karen,OnePlus Nord 2T,India,oneplus_en
CPH2661,mob,oneplus,OnePlus,,avalon,OnePlus Nord 4,India,oneplus_en
CPH2663,mob,oneplus,OnePlus,,avalon,OnePlus Nord 4,Europe / Global,oneplus_en
CPH2707,mob,oneplus,OnePlus,,lexus,OnePlus Nord 5,India,oneplus_en
CPH2709,mob,oneplus,OnePlus,,lexus,OnePlus Nord 5,Global,oneplus_en
EB2101,mob,oneplus,OnePlus,,ebba,OnePlus Nord CE,India,oneplus_en
EB2103,mob,oneplus,OnePlus,,ebba,OnePlus Nord CE,Europe / Global,oneplus_en
IV2201,mob,oneplus,OnePlus,,ivan,OnePlus Nord CE 2,India,oneplus_en
CPH2381,mob,oneplus,OnePlus,,oscar,OnePlus Nord CE 2 Lite,India,oneplus_en
CPH2409,mob,oneplus,OnePlus,,oscar,OnePlus Nord CE 2 Lite,Europe / Global,oneplus_en
CPH2569,mob,oneplus,OnePlus,,ziti,OnePlus Nord CE 3,India,oneplus_en
CPH2465,mob,oneplus,OnePlus,,larry,OnePlus Nord CE 3 Lite,Global,oneplus_en
CPH2467,mob,oneplus,OnePlus,,larry,OnePlus Nord CE 3 Lite,India,oneplus_en
CPH2513,mob,oneplus,OnePlus,,larry,OnePlus Nord N30,North America,oneplus_en
CPH2515,mob,oneplus,OnePlus,,larry,OnePlus Nord N30,T-Mobile,oneplus_en
CPH2613,mob,oneplus,OnePlus,,benz,OnePlus Nord CE 4,India,oneplus_en
CPH2619,mob,oneplus,OnePlus,,camry,OnePlus Nord CE 4 Lite,India,oneplus_en
CPH2621,mob,oneplus,OnePlus,,camry,OnePlus Nord CE 4 Lite,Europe / Global,oneplus_en
CPH2717,mob,oneplus,OnePlus,,honda,OnePlus Nord CE 5,India,oneplus_en
CPH2719,mob,oneplus,OnePlus,,honda,OnePlus Nord CE 5,Global,oneplus_en
CPH2943,mob,oneplus,OnePlus,,suzuki-o,OnePlus Nord CE 6 Lite,India,oneplus_en
CPH2955,mob,oneplus,OnePlus,,,OnePlus N6,India,oneplus_en
BE2025,mob,oneplus,OnePlus,,billie8,OnePlus Nord N10,Metro,oneplus_en
BE2026,mob,oneplus,OnePlus,,billie8,OnePlus Nord N10,North America,oneplus_en
BE2029,mob,oneplus,OnePlus,,billie8,OnePlus Nord N10,Europe / Global,oneplus_en
BE2028,mob,oneplus,OnePlus,,billie8t,OnePlus Nord N10,T-Mobile,oneplus_en
BE2011,mob,oneplus,OnePlus,,bengal,OnePlus Nord N100,North America,oneplus_en
BE2012,mob,oneplus,OnePlus,,bengal,OnePlus Nord N100,T-Mobile,oneplus_en
BE2013,mob,oneplus,OnePlus,,bengal,OnePlus Nord N100,Global,oneplus_en
BE2015,mob,oneplus,OnePlus,,bengal,OnePlus Nord N100,Metro,oneplus_en
GN2200,mob,oneplus,OnePlus,,gunnar,OnePlus Nord N20,,oneplus_en
CPH2459,mob,oneplus,OnePlus,,gunnar,OnePlus Nord N20,,oneplus_en
CPH2469,mob,oneplus,OnePlus,,zhaoyun-o,OnePlus Nord N20 SE,20 SE,oneplus_en
CPH2605,mob,oneplus,OnePlus,,fanli-o,OnePlus Nord N30 SE,Europe,oneplus_en
DE2117,mob,oneplus,OnePlus,,dre9,OnePlus Nord N200,North America,oneplus_en
DE2118,mob,oneplus,OnePlus,,dre8t,OnePlus Nord N200,T-Mobile,oneplus_en
CPH2389,mob,oneplus,OnePlus,,hilda,OnePlus Nord N300,,oneplus_en
CPH2551,mob,oneplus,OnePlus,,"hedwig, xueying-9",OnePlus Open,,oneplus_en
OPD2203,pad,oneplus,OnePlus,,aries-o,OnePlus Pad (2023),Global,oneplus_en
OPD2304,pad,oneplus,OnePlus,,bluey-o,OnePlus Pad Go,LTE,oneplus_en
OPD2305,pad,oneplus,OnePlus,,bluey-o,OnePlus Pad Go,Wi-Fi,oneplus_en
OPD2407,pad,oneplus,OnePlus,,dunhuang-o,OnePlus Pad (2024),China,oneplus_en
OPD2404,pad,oneplus,OnePlus,,"rainbow, caihong-o",OnePlus Pad Pro,China,oneplus_en
OPD2403,pad,oneplus,OnePlus,,"rainbow, caihong-o",OnePlus Pad 2 (2024),Global,oneplus_en
OPD2413,pad,oneplus,OnePlus,,erhai-o,OnePlus Pad 2 Pro,China,oneplus_en
OPD2415,pad,oneplus,OnePlus,,erhai-o,OnePlus Pad 3,Global,oneplus_en
OPD2480,pad,oneplus,OnePlus,,fiji-o,OnePlus Pad Lite,Wi-Fi,oneplus_en
OPD2481,pad,oneplus,OnePlus,,fiji-o,OnePlus Pad Lite,LTE,oneplus_en
OPD2504,pad,oneplus,OnePlus,,greenland-o,OnePlus Pad Go 2,Wi-Fi,oneplus_en
OPD2505,pad,oneplus,OnePlus,,greenland-o,OnePlus Pad Go 2,5G,oneplus_en
OPD2508,pad,oneplus,OnePlus,,himalayan-o,OnePlus Pad 2 (2025),China,oneplus_en
OPD2513,pad,oneplus,OnePlus,,iceland-o,OnePlus Pad 3 Pro,China,oneplus_en
OPD2514,pad,oneplus,OnePlus,,iceland-o,OnePlus Pad 4,Global,oneplus_en
W101IN,band,oneplus,OnePlus,,audio,OnePlus Band,India,oneplus_en
OPBBE221,watch,oneplus,OnePlus,,newton,OnePlus Nord Watch,,oneplus_en
W301CN,watch,oneplus,OnePlus,,,OnePlus Watch,China / Cyberpunk 2077 Limited Edition,oneplus_en
W501CN,watch,oneplus,OnePlus,,,OnePlus Watch,Cobalt Limited Edition (China),oneplus_en
W301GB,watch,oneplus,OnePlus,,,OnePlus Watch,Global / Cobalt Limited Edition (Global) / Harry Potter Limited Edition,oneplus_en
OPWW234,watch,oneplus,OnePlus,,bagel,OnePlus Watch 2 China,,oneplus_en
OPWWE234,watch,oneplus,OnePlus,,bagel,OnePlus Watch 2R,,oneplus_en
OPWWE231,watch,oneplus,OnePlus,,almond,OnePlus Watch 2,Global,oneplus_en
OPWWE251,watch,oneplus,OnePlus,,"chili, chilie",OnePlus Watch 3,Global,oneplus_en
OPWE242,watch,oneplus,OnePlus,,"chili, chilie",OnePlus Watch 3,43mm (Global),oneplus_en
OPWWE261,watch,oneplus,OnePlus,,,OnePlus Watch 4,Global,oneplus_en
PAFM00,mob,oppo,OPPO,,,OPPO Find X,标准版 全网通版,oppo_cn
PAFT00,mob,oppo,OPPO,,,OPPO Find X,标准版 移动版,oppo_cn
PAHM00,mob,oppo,OPPO,,,OPPO Find X,超级闪充版/兰博基尼版 全网通版,oppo_cn
PAFT10,mob,oppo,OPPO,,,OPPO Find X,超级闪充版 移动版,oppo_cn
PDEM10,mob,oppo,OPPO,,,OPPO Find X2,全网通版,oppo_cn
PDET10,mob,oppo,OPPO,,,OPPO Find X2,移动版,oppo_cn
PDEM30,mob,oppo,OPPO,,,OPPO Find X2 Pro,,oppo_cn
PEDM00,mob,oppo,OPPO,,horee,OPPO Find X3,,oppo_cn
PEEM00,mob,oppo,OPPO,,fussi,OPPO Find X3 Pro,,oppo_cn
PEEM00,mob,oppo,OPPO,,fluorite,OPPO Find X3 Pro 摄影师版,,oppo_cn
PFFM10,mob,oppo,OPPO,,luwu,OPPO Find X5,,oppo_cn
PFEM10,mob,oppo,OPPO,,baize,OPPO Find X5 Pro,,oppo_cn
PFFM20,mob,oppo,OPPO,,diting,OPPO Find X5 Pro 天玑版,,oppo_cn
PGFM10,mob,oppo,OPPO,,luna,OPPO Find X6,,oppo_cn
PGEM10,mob,oppo,OPPO,,wukong,OPPO Find X6 Pro,,oppo_cn
PHZ110,mob,oppo,OPPO,,nvwa-v,OPPO Find X7,,oppo_cn
PHY110,mob,oppo,OPPO,,pangu,OPPO Find X7 Ultra,,oppo_cn
PHY120,mob,oppo,OPPO,,pangu,OPPO Find X7 Ultra,卫星通信版,oppo_cn
PKB110,mob,oppo,OPPO,,yala,OPPO Find X8,,oppo_cn
PKC110,mob,oppo,OPPO,,konka,OPPO Find X8 Pro,,oppo_cn
PKC130,mob,oppo,OPPO,,konka,OPPO Find X8 Pro,卫星通信版,oppo_cn
PKT110,mob,oppo,OPPO,,koktokay,OPPO Find X8s,,oppo_cn
PLB110,mob,oppo,OPPO,,slmh,OPPO Find X8s+,,oppo_cn
PKJ110,mob,oppo,OPPO,,zhufeng,OPPO Find X8 Ultra,,oppo_cn
PKU110,mob,oppo,OPPO,,zhufeng,OPPO Find X8 Ultra,卫星通信版,oppo_cn
PLJ110,mob,oppo,OPPO,,zhujiang,OPPO Find X9,,oppo_cn
PLG110,mob,oppo,OPPO,,changjiang,OPPO Find X9 Pro,,oppo_cn
PLG120,mob,oppo,OPPO,,changjiang,OPPO Find X9 Pro,卫星通信版,oppo_cn
PME110,mob,oppo,OPPO,,venus,OPPO Find X9s Pro,,oppo_cn
PMA110,mob,oppo,OPPO,,lighthouse,OPPO Find X9 Ultra,,oppo_cn
PMA120,mob,oppo,OPPO,,lighthouse,OPPO Find X9 Ultra,卫星通信版,oppo_cn
PEUM00,mob,oppo,OPPO,,peacock,OPPO Find N,,oppo_cn
PGU110,mob,oppo,OPPO,,whiteswan,OPPO Find N2,,oppo_cn
PGT110,mob,oppo,OPPO,,dragonfly,OPPO Find N2 Flip,,oppo_cn
PHN110,mob,oppo,OPPO,,xueying,OPPO Find N3,,oppo_cn
PHN110,mob,oppo,OPPO,,xueying,OPPO Find N3,典藏版,oppo_cn
PHT110,mob,oppo,OPPO,,flamingo,OPPO Find N3 Flip,,oppo_cn
PKH110,mob,oppo,OPPO,,petrel,OPPO Find N5,,oppo_cn
PKH120,mob,oppo,OPPO,,petrel,OPPO Find N5,卫星通信版,oppo_cn
PLP110,mob,oppo,OPPO,,swangoose,OPPO Find N6,,oppo_cn
PLP120,mob,oppo,OPPO,,swangoose,OPPO Find N6,卫星通信版,oppo_cn
PCAM00,mob,oppo,OPPO,,,OPPO Reno,全网通版,oppo_cn
PCAT00,mob,oppo,OPPO,,,OPPO Reno,移动版,oppo_cn
PCCM00,mob,oppo,OPPO,,,OPPO Reno 10 倍变焦版,全网通版,oppo_cn
PCCT00,mob,oppo,OPPO,,,OPPO Reno 10 倍变焦版,移动版,oppo_cn
PCDM10,mob,oppo,OPPO,,,OPPO Reno Z,全网通版,oppo_cn
PCDT10,mob,oppo,OPPO,,,OPPO Reno Z,移动版,oppo_cn
PCKM00,mob,oppo,OPPO,,,OPPO Reno2,全网通版,oppo_cn
PCKT00,mob,oppo,OPPO,,,OPPO Reno2,移动版,oppo_cn
PCKM80,mob,oppo,OPPO,,,OPPO Reno2 Z,全网通版,oppo_cn
PCKT80,mob,oppo,OPPO,,,OPPO Reno2 Z,移动版,oppo_cn
PDCM00,mob,oppo,OPPO,,,OPPO Reno3,全网通版,oppo_cn
PDCT00,mob,oppo,OPPO,,,OPPO Reno3,移动版,oppo_cn
PCRM00,mob,oppo,OPPO,,,OPPO Reno3 Pro,全网通版,oppo_cn
PCRT00,mob,oppo,OPPO,,,OPPO Reno3 Pro,移动版,oppo_cn
PCLM50,mob,oppo,OPPO,,,OPPO Reno3 元气版,全网通版,oppo_cn
PCRT01,mob,oppo,OPPO,,,OPPO Reno3 元气版,移动版,oppo_cn
PDPM00,mob,oppo,OPPO,,,OPPO Reno4,全网通版,oppo_cn
PDPT00,mob,oppo,OPPO,,,OPPO Reno4,移动版,oppo_cn
PDNM00,mob,oppo,OPPO,,,OPPO Reno4 Pro,全网通版,oppo_cn
PDNT00,mob,oppo,OPPO,,,OPPO Reno4 Pro,移动版,oppo_cn
PEAM00,mob,oppo,OPPO,,,OPPO Reno4 SE,全网通版,oppo_cn
PEAT00,mob,oppo,OPPO,,,OPPO Reno4 SE,移动版,oppo_cn
PEGM00,mob,oppo,OPPO,,kunlun,OPPO Reno5,全网通版,oppo_cn
PEGT00,mob,oppo,OPPO,,kunlun,OPPO Reno5,移动版,oppo_cn
PEGM10,mob,oppo,OPPO,,wudang,OPPO Reno5 K,全网通版,oppo_cn
PEGT10,mob,oppo,OPPO,,wudang,OPPO Reno5 K,移动版,oppo_cn
PDSM00,mob,oppo,OPPO,,chaka,OPPO Reno5 Pro,全网通版,oppo_cn
PDST00,mob,oppo,OPPO,,chaka,OPPO Reno5 Pro,移动版,oppo_cn
PDRM00,mob,oppo,OPPO,,hima,OPPO Reno5 Pro+,,oppo_cn
PEQM00,mob,oppo,OPPO,,garen,OPPO Reno6,,oppo_cn
PEPM00,mob,oppo,OPPO,,yasuo,OPPO Reno6 Pro,,oppo_cn
PENM00,mob,oppo,OPPO,,jin,OPPO Reno6 Pro+,,oppo_cn
PFJM10,mob,oppo,OPPO,,libai,OPPO Reno7,,oppo_cn
PFDM00,mob,oppo,OPPO,,mozi,OPPO Reno7 Pro,,oppo_cn
PFCM00,mob,oppo,OPPO,,dufu,OPPO Reno7 SE,,oppo_cn
PGBM10,mob,oppo,OPPO,,ali,OPPO Reno8,,oppo_cn
PGAM10,mob,oppo,OPPO,,wuyi,OPPO Reno8 Pro,,oppo_cn
PFZM10,mob,oppo,OPPO,,taibai,OPPO Reno8 Pro+,,oppo_cn
PHM110,mob,oppo,OPPO,,lantian,OPPO Reno9,,oppo_cn
PGX110,mob,oppo,OPPO,,linhai,OPPO Reno9 Pro,,oppo_cn
PGW110,mob,oppo,OPPO,,lvzhou,OPPO Reno9 Pro+,,oppo_cn
PHW110,mob,oppo,OPPO,,taylor,OPPO Reno10,,oppo_cn
PHV110,mob,oppo,OPPO,,viven,OPPO Reno10 Pro,,oppo_cn
PHU110,mob,oppo,OPPO,,monroe,OPPO Reno10 Pro+,,oppo_cn
PJH110,mob,oppo,OPPO,,huahai,OPPO Reno11,,oppo_cn
PJJ110,mob,oppo,OPPO,,daoxiang,OPPO Reno11 Pro,,oppo_cn
PJV110,mob,oppo,OPPO,,"omega, omega-c2",OPPO Reno12,,oppo_cn
PJW110,mob,oppo,OPPO,,"omega, omega-c1",OPPO Reno12 Pro,,oppo_cn
PKM110,mob,oppo,OPPO,,"milkyway, milkyway-c2",OPPO Reno13,,oppo_cn
PKK110,mob,oppo,OPPO,,"milkyway, milkyway-c1",OPPO Reno13 Pro,,oppo_cn
PLA110,mob,oppo,OPPO,,"zhuque, zhuque-c2",OPPO Reno14,,oppo_cn
PKZ110,mob,oppo,OPPO,,"zhuque, zhuque-c1",OPPO Reno14 Pro,,oppo_cn
PLW110,mob,oppo,OPPO,,whoopass-c2,OPPO Reno15,,oppo_cn
PLV110,mob,oppo,OPPO,,whoopass-c1,OPPO Reno15 Pro,,oppo_cn
PMD110,mob,oppo,OPPO,,whoopass-c3,OPPO Reno15c,,oppo_cn
PMM110,mob,oppo,OPPO,,lychee-c2,OPPO Reno16,,oppo_cn
PMK110,mob,oppo,OPPO,,lychee-c1,OPPO Reno16 Pro,,oppo_cn
PCLM10,mob,oppo,OPPO,,,OPPO Reno Ace,,oppo_cn
PDHM00,mob,oppo,OPPO,,,OPPO Ace2,,oppo_cn
PACM00,mob,oppo,OPPO,,,OPPO R15,全网通版,oppo_cn
PACT00,mob,oppo,OPPO,,,OPPO R15,移动版,oppo_cn
PAAM00,mob,oppo,OPPO,,,OPPO R15 梦镜版,全网通版,oppo_cn
PAAT00,mob,oppo,OPPO,,,OPPO R15 梦镜版,移动版,oppo_cn
PBCM10,mob,oppo,OPPO,,,OPPO R15x,全网通版,oppo_cn
PBCT10,mob,oppo,OPPO,,,OPPO R15x,移动版,oppo_cn
PBEM00,mob,oppo,OPPO,,,OPPO R17,全网通版,oppo_cn
PBET00,mob,oppo,OPPO,,,OPPO R17,移动版,oppo_cn
PBDM00,mob,oppo,OPPO,,,OPPO R17 Pro,全网通版,oppo_cn
PBDT00,mob,oppo,OPPO,,,OPPO R17 Pro,移动版,oppo_cn
PADM00,mob,oppo,OPPO,,,OPPO A3,全网通版,oppo_cn
PADT00,mob,oppo,OPPO,,,OPPO A3,移动版,oppo_cn
PBAM00,mob,oppo,OPPO,,,OPPO A5,全网通版,oppo_cn
PBBM30,mob,oppo,OPPO,,,OPPO A5,全网通版,oppo_cn
PBAT00,mob,oppo,OPPO,,,OPPO A5,移动版,oppo_cn
PBBT30,mob,oppo,OPPO,,,OPPO A5,移动版,oppo_cn
PBFM00,mob,oppo,OPPO,,,OPPO A7,全网通版,oppo_cn
PBFT00,mob,oppo,OPPO,,,OPPO A7,移动版,oppo_cn
PBBM00,mob,oppo,OPPO,,,OPPO A7x,全网通版,oppo_cn
PBBT00,mob,oppo,OPPO,,,OPPO A7x,移动版,oppo_cn
PCDM00,mob,oppo,OPPO,,,OPPO A7n,全网通版,oppo_cn
PCDT00,mob,oppo,OPPO,,,OPPO A7n,移动版,oppo_cn
PDBM00,mob,oppo,OPPO,,,OPPO A8,全网通版,oppo_cn
PDBT00,mob,oppo,OPPO,,,OPPO A8,移动版,oppo_cn
PCAM10,mob,oppo,OPPO,,,OPPO A9,全网通版,oppo_cn
PCAT10,mob,oppo,OPPO,,,OPPO A9,移动版,oppo_cn
PCEM00,mob,oppo,OPPO,,,OPPO A9x,全网通版,oppo_cn
PCET00,mob,oppo,OPPO,,,OPPO A9x,移动版,oppo_cn
PCHM10,mob,oppo,OPPO,,,OPPO A11,全网通版,oppo_cn
PCHT10,mob,oppo,OPPO,,,OPPO A11,移动版,oppo_cn
PCHM30,mob,oppo,OPPO,,,OPPO A11x,全网通版,oppo_cn
PCHT30,mob,oppo,OPPO,,,OPPO A11x,移动版,oppo_cn
PCHM00,mob,oppo,OPPO,,,OPPO A11n,全网通版,oppo_cn
PCHT00,mob,oppo,OPPO,,,OPPO A11n,移动版,oppo_cn
PDVM00,mob,oppo,OPPO,,,OPPO A11s,,oppo_cn
PDVM00,mob,oppo,OPPO,,,OPPO A32,,oppo_cn
PEFM00,mob,oppo,OPPO,,,OPPO A35,,oppo_cn
PESM10,mob,oppo,OPPO,,,OPPO A36,,oppo_cn
PDAM10,mob,oppo,OPPO,,,OPPO A52,全网通版,oppo_cn
PDAT10,mob,oppo,OPPO,,,OPPO A52,移动版,oppo_cn
PECM20,mob,oppo,OPPO,,,OPPO A53,(2020) 全网通版,oppo_cn
PECM30,mob,oppo,OPPO,,,OPPO A53,(2020) 全网通版,oppo_cn
PECT30,mob,oppo,OPPO,,,OPPO A53,(2020) 移动版,oppo_cn
PEMM00,mob,oppo,OPPO,,,OPPO A55,全网通版,oppo_cn
PEMM20,mob,oppo,OPPO,,,OPPO A55,全网通版,oppo_cn
PEMT00,mob,oppo,OPPO,,,OPPO A55,移动版,oppo_cn
PEMT20,mob,oppo,OPPO,,,OPPO A55,移动版,oppo_cn
PEMM00,mob,oppo,OPPO,,,OPPO A55s,,oppo_cn
PFVM10,mob,oppo,OPPO,,,OPPO A56,,oppo_cn
PFTM20,mob,oppo,OPPO,,,OPPO A56s,,oppo_cn
PFTM20,mob,oppo,OPPO,,,OPPO A57,2022,oppo_cn
PHJ110,mob,oppo,OPPO,,,OPPO A58,,oppo_cn
PHJ110,mob,oppo,OPPO,,,OPPO A58x,,oppo_cn
PDYM20,mob,oppo,OPPO,,,OPPO A72,全网通版,oppo_cn
PDYT20,mob,oppo,OPPO,,,OPPO A72,移动版,oppo_cn
PDYM10,mob,oppo,OPPO,,,OPPO A72n,,oppo_cn
PCPM00,mob,oppo,OPPO,,,OPPO A91,全网通版,oppo_cn
PCPT00,mob,oppo,OPPO,,,OPPO A91,移动版,oppo_cn
PDKM00,mob,oppo,OPPO,,,OPPO A92s,全网通版,oppo_cn
PDKT00,mob,oppo,OPPO,,,OPPO A92s,移动版,oppo_cn
PEHM00,mob,oppo,OPPO,,,OPPO A93,全网通版,oppo_cn
PEHT00,mob,oppo,OPPO,,,OPPO A93,移动版,oppo_cn
PFGM00,mob,oppo,OPPO,,odin-a,OPPO A93s,,oppo_cn
PELM00,mob,oppo,OPPO,,,OPPO A95,,oppo_cn
PFUM10,mob,oppo,OPPO,,mulan,OPPO A96,,oppo_cn
PHA120,mob,oppo,OPPO,,mulan-a,OPPO A96,,oppo_cn
PFTM10,mob,oppo,OPPO,,alice,OPPO A97,,oppo_cn
PHS110,mob,oppo,OPPO,,colombo,OPPO A1,5G (2023),oppo_cn
PHQ110,mob,oppo,OPPO,,hepburn,OPPO A1 Pro,,oppo_cn
PHJ110,mob,oppo,OPPO,,lijing,OPPO A1x,,oppo_cn
PHJ110,mob,oppo,OPPO,,lijing,OPPO A1 活力版,,oppo_cn
PJB110,mob,oppo,OPPO,,fanli,OPPO A1s,,oppo_cn
PJB110,mob,oppo,OPPO,,fanli,OPPO A2,,oppo_cn
PJU110,mob,oppo,OPPO,,lijing-a,OPPO A1i,,oppo_cn
PJU110,mob,oppo,OPPO,,lijing-a,OPPO A2m,,oppo_cn
PJS110,mob,oppo,OPPO,,lijing-a,OPPO A2x,,oppo_cn
PJG110,mob,oppo,OPPO,,givenchy,OPPO A2 Pro,,oppo_cn
PKA110,mob,oppo,OPPO,,avatar-m,OPPO A3,5G (2024),oppo_cn
PKA110,mob,oppo,OPPO,,avatar-m,OPPO A3i Plus,,oppo_cn
PKD110,mob,oppo,OPPO,,avatar-l5,OPPO A3 活力版,,oppo_cn
PKD120,mob,oppo,OPPO,,,OPPO A3m,,oppo_cn
PKD130,mob,oppo,OPPO,,avatar-l5,OPPO A3x,,oppo_cn
PKL110,mob,oppo,OPPO,,avatar-b5,OPPO A3i,,oppo_cn
PJY110,mob,oppo,OPPO,,avatar-h,OPPO A3 Pro,,oppo_cn
PJY110,mob,oppo,OPPO,,avatar-h,OPPO A5 Plus,,oppo_cn
PKQ110,mob,oppo,OPPO,,alpha-m,OPPO A5,5G (2025),oppo_cn
PKQ110,mob,oppo,OPPO,,alpha-m,OPPO A6 Plus,,oppo_cn
PKV110,mob,oppo,OPPO,,alpha-l5,OPPO A5 活力版,,oppo_cn
PKW110,mob,oppo,OPPO,,alpha-b5,OPPO A5x,,oppo_cn
PKW110,mob,oppo,OPPO,,alpha-b5,OPPO A5m,,oppo_cn
PKP110,mob,oppo,OPPO,,"alpha, alpha-h",OPPO A5 Pro,,oppo_cn
PLS120,mob,oppo,OPPO,,baikal-l5,OPPO A6,,oppo_cn
PLL110,mob,oppo,OPPO,,baikal-h,OPPO A6 GT,,oppo_cn
PLL110,mob,oppo,OPPO,,baikal-h,OPPO A6 Max,,oppo_cn
PLL110,mob,oppo,OPPO,,baikal-h,OPPO A6l,,oppo_cn
PLN110,mob,oppo,OPPO,,baikal-m,OPPO A6 Pro,,oppo_cn
PKW120,mob,oppo,OPPO,,alpha-b5,OPPO A6i,,oppo_cn
PLT120,mob,oppo,OPPO,,baikal-b5,OPPO A6s,,oppo_cn
PLT120,mob,oppo,OPPO,,baikal-b5,OPPO A6i+,,oppo_cn
PLT120,mob,oppo,OPPO,,baikal-b5,OPPO A6k,,oppo_cn
PMT110,mob,oppo,OPPO,,cruiser-l5,OPPO A6s Pro,,oppo_cn
PLT130,mob,oppo,OPPO,,baikal-b5,OPPO A6v,,oppo_cn
PLT140,mob,oppo,OPPO,,baikal-b5,OPPO A6x,,oppo_cn
PLT140,mob,oppo,OPPO,,baikal-b5,OPPO A6m,,oppo_cn
PMC110,mob,oppo,OPPO,,baikal-b4,OPPO A6c,,oppo_cn
PYC110,mob,oppo,OPPO,,doraemon-m,OPPO A7 Pro Max,,oppo_cn
PBCM30,mob,oppo,OPPO,,,OPPO K1,,oppo_cn
PCGM00,mob,oppo,OPPO,,,OPPO K3,全网通版,oppo_cn
PCGT00,mob,oppo,OPPO,,,OPPO K3,移动版,oppo_cn
PCNM00,mob,oppo,OPPO,,,OPPO K5,全网通版,oppo_cn
PCNT00,mob,oppo,OPPO,,,OPPO K5,移动版,oppo_cn
PCLM50,mob,oppo,OPPO,,,OPPO K7,,oppo_cn
PERM00,mob,oppo,OPPO,,,OPPO K7x,,oppo_cn
PEXM00,mob,oppo,OPPO,,ciri,OPPO K9,,oppo_cn
PERM10,mob,oppo,OPPO,,walle,OPPO K9s,,oppo_cn
PERM10,mob,oppo,OPPO,,walle-k,OPPO K10 活力版,,oppo_cn
PEYM00,mob,oppo,OPPO,,tiga,OPPO K9 Pro,,oppo_cn
PGCM10,mob,oppo,OPPO,,apollo-o,OPPO K9x,,oppo_cn
PGJM10,mob,oppo,OPPO,,qqcandy,OPPO K10,,oppo_cn
PGIM10,mob,oppo,OPPO,,eva,OPPO K10 Pro,,oppo_cn
PGGM10,mob,oppo,OPPO,,oscar-y,OPPO K10x,,oppo_cn
PJC110,mob,oppo,OPPO,,ziti,OPPO K11,,oppo_cn
PHF110,mob,oppo,OPPO,,larry,OPPO K11x,,oppo_cn
PJR110,mob,oppo,OPPO,,benz,OPPO K12,,oppo_cn
PKS110,mob,oppo,OPPO,,jeep,OPPO K12 Plus,,oppo_cn
PJT110,mob,oppo,OPPO,,camry,OPPO K12x,,oppo_cn
PLD110,mob,oppo,OPPO,,knight-l,OPPO K12s,,oppo_cn
PLL110,mob,oppo,OPPO,,baikal-h,OPPO K13s,,oppo_cn
PKV110,mob,oppo,OPPO,,alpha-l5,OPPO K13x,,oppo_cn
PLM110,mob,oppo,OPPO,,knight,OPPO K13 Turbo,,oppo_cn
PLE110,mob,oppo,OPPO,,knight-h,OPPO K13 Turbo Pro,,oppo_cn
PYD110,mob,oppo,OPPO,,jinx-m,OPPO K15,,oppo_cn
PMH110,mob,oppo,OPPO,,lux-m,OPPO K15 Pro,,oppo_cn
PMG110,mob,oppo,OPPO,,lux-h,OPPO K15 Pro+,,oppo_cn
OPD2101,pad,oppo,OPPO,,oslo,OPPO Pad,,oppo_cn
OPD2102,pad,oppo,OPPO,,reeves,OPPO Pad Air,,oppo_cn
OPD2201,pad,oppo,OPPO,,aries,OPPO Pad 2,,oppo_cn
OPD2301,pad,oppo,OPPO,,bluey,OPPO Pad Air2,,oppo_cn
OPD2405,pad,oppo,OPPO,,dunhuang,OPPO Pad 3,,oppo_cn
OPD2401,pad,oppo,OPPO,,caihong,OPPO Pad 3 Pro,,oppo_cn
OPD2409,pad,oppo,OPPO,,erhai,OPPO Pad 4 Pro,,oppo_cn
OPD2417,pad,oppo,OPPO,,fiji,OPPO Pad SE,,oppo_cn
OPD2506,pad,oppo,OPPO,,himalayan,OPPO Pad 5,,oppo_cn
OPD2501,pad,oppo,OPPO,,greenland,OPPO Pad Air5,,oppo_cn
OPD2511,pad,oppo,OPPO,,iceland,OPPO Pad 5 Pro,,oppo_cn
OPD2515,pad,oppo,OPPO,,ivy,OPPO Pad Mini,,oppo_cn
OPD2601,pad,oppo,OPPO,,jinggangshan,OPPO Pad 6,,oppo_cn
OB19B1,band,oppo,OPPO,,,OPPO Band,运动版,oppo_cn
OB19O1,band,oppo,OPPO,,,OPPO Band,运动版,oppo_cn
OB19B1,band,oppo,OPPO,,,OPPO Band,运动版 (国际版),oppo_cn
OB19O3,band,oppo,OPPO,,,OPPO Band,运动版 (国际版),oppo_cn
OB19B1,band,oppo,OPPO,,,OPPO Band,活力版,oppo_cn
OB19O7,band,oppo,OPPO,,,OPPO Band,活力版,oppo_cn
OB19B3,band,oppo,OPPO,,,OPPO Band,时尚版 (NFC 版),oppo_cn
OB19O0,band,oppo,OPPO,,,OPPO Band,时尚版 (NFC 版),oppo_cn
OB19B3,band,oppo,OPPO,,,OPPO Band,EVA 限定版,oppo_cn
OB19O2,band,oppo,OPPO,,,OPPO Band,EVA 限定版,oppo_cn
OB19B3,band,oppo,OPPO,,,OPPO Band,名侦探柯南限定版,oppo_cn
OB19O8,band,oppo,OPPO,,,OPPO Band,名侦探柯南限定版,oppo_cn
OBB211,band,oppo,OPPO,,haisenberg,OPPO Band 2,标准版,oppo_cn
OBB213,band,oppo,OPPO,,haisenberg,OPPO Band 2,NFC 版,oppo_cn
OR19R1,watch,oppo,OPPO,,,OPPO Watch RX,英雄联盟限定版,oppo_cn
OWW206,watch,oppo,OPPO,,,OPPO Watch Free,标准版,oppo_cn
OWW208,watch,oppo,OPPO,,,OPPO Watch Free,NFC 版,oppo_cn
OW19W1,watch,oppo,OPPO,,,OPPO Watch,46mm / EVA 限定版 / 故宫新禧版,oppo_cn
OW19W2,watch,oppo,OPPO,,,OPPO Watch,41mm,oppo_cn
OW19W3,watch,oppo,OPPO,,,OPPO Watch,ECG / 精钢版,oppo_cn
OWW202,watch,oppo,OPPO,,maxwell,OPPO Watch 2,42mm 蓝牙版,oppo_cn
OW20W1,watch,oppo,OPPO,,maxwell,OPPO Watch 2,46mm eSIM 版 / 李宁限定版,oppo_cn
OW20W2,watch,oppo,OPPO,,maxwell,OPPO Watch 2,42mm eSIM 版 / 名侦探柯南限定版,oppo_cn
OW20W3,watch,oppo,OPPO,,maxwell,OPPO Watch 2,46mm ECG,oppo_cn
OWW213,watch,oppo,OPPO,,oersted,OPPO Watch SE,,oppo_cn
OWW212,watch,oppo,OPPO,,oersted,OPPO Watch 3,,oppo_cn
OWW211,watch,oppo,OPPO,,oersted,OPPO Watch 3,Pro,oppo_cn
OWW221,watch,oppo,OPPO,,"comet, huixing",OPPO Watch 4 Pro,,oppo_cn
OWW231,watch,oppo,OPPO,,"star, hengxing",OPPO Watch X,,oppo_cn
OWW235,watch,oppo,OPPO,,sport,OPPO Watch Sport,,oppo_cn
OWW242,watch,oppo,OPPO,,xingchen,OPPO Watch X2 Mini,,oppo_cn
OWW251,watch,oppo,OPPO,,"starriver, xinghe",OPPO Watch X2,,oppo_cn
OWW262,watch,oppo,OPPO,,,OPPO Watch S,,oppo_cn
OWW261,watch,oppo,OPPO,,taycan,OPPO Watch X3,,oppo_cn
OWW263,watch,oppo,OPPO,,,OPPO Watch X3 Mini,,oppo_cn
CPH1871,mob,oppo,OPPO,,,OPPO Find X,,oppo_global_en
CPH1875,mob,oppo,OPPO,,,OPPO Find X,,oppo_global_en
CPH2023,mob,oppo,OPPO,,,OPPO Find X2,,oppo_global_en
CPH2025,mob,oppo,OPPO,,,OPPO Find X2 Pro,,oppo_global_en
OPG01,mob,oppo,OPPO,,,OPPO Find X2 Pro,KDDI,oppo_global_en
CPH2005,mob,oppo,OPPO,,,OPPO Find X2 Lite,,oppo_global_en
CPH2009,mob,oppo,OPPO,,,OPPO Find X2 Neo,,oppo_global_en
CPH2173,mob,oppo,OPPO,,fussi,OPPO Find X3 Pro,,oppo_global_en
OPG03,mob,oppo,OPPO,,fussi,OPPO Find X3 Pro,KDDI,oppo_global_en
CPH2145,mob,oppo,OPPO,,,OPPO Find X3 Lite,,oppo_global_en
CPH2207,mob,oppo,OPPO,,,OPPO Find X3 Neo,,oppo_global_en
CPH2307,mob,oppo,OPPO,,luwu,OPPO Find X5,,oppo_global_en
CPH2305,mob,oppo,OPPO,,baize,OPPO Find X5 Pro,,oppo_global_en
CPH2371,mob,oppo,OPPO,,,OPPO Find X5 Lite,,oppo_global_en
CPH2651,mob,oppo,OPPO,,yala,OPPO Find X8,,oppo_global_en
CPH2659,mob,oppo,OPPO,,konka,OPPO Find X8 Pro,,oppo_global_en
CPH2797,mob,oppo,OPPO,,zhujiang,OPPO Find X9,,oppo_global_en
OPG07,mob,oppo,OPPO,,zhujiang,OPPO Find X9,KDDI,oppo_global_en
CPH2791,mob,oppo,OPPO,,changjiang,OPPO Find X9 Pro,,oppo_global_en
CPH2873,mob,oppo,OPPO,,,OPPO Find X9s,,oppo_global_en
CPH2841,mob,oppo,OPPO,,lighthouse,OPPO Find X9 Ultra,,oppo_global_en
CPH2439,mob,oppo,OPPO,,whiteswan,OPPO Find N2,,oppo_global_en
CPH2437,mob,oppo,OPPO,,dragonfly,OPPO Find N2 Flip,,oppo_global_en
CPH2499,mob,oppo,OPPO,,hedwig,OPPO Find N3,,oppo_global_en
CPH2519,mob,oppo,OPPO,,flamingo,OPPO Find N3 Flip,,oppo_global_en
CPH2671,mob,oppo,OPPO,,petrel,OPPO Find N5,,oppo_global_en
CPH2765,mob,oppo,OPPO,,swangoose,OPPO Find N6,,oppo_global_en
CPH1917,mob,oppo,OPPO,,,OPPO Reno,,oppo_global_en
CPH1921,mob,oppo,OPPO,,,OPPO Reno 5G,,oppo_global_en
CPH1919,mob,oppo,OPPO,,,OPPO Reno 10x Zoom,,oppo_global_en
CPH1983,mob,oppo,OPPO,,,OPPO Reno A,,oppo_global_en
CPH1979,mob,oppo,OPPO,,,OPPO Reno Z,,oppo_global_en
CPH1907,mob,oppo,OPPO,,,OPPO Reno2,,oppo_global_en
CPH1945,mob,oppo,OPPO,,,OPPO Reno2 Z,,oppo_global_en
CPH1951,mob,oppo,OPPO,,,OPPO Reno2 Z,,oppo_global_en
CPH1951RU,mob,oppo,OPPO,,,OPPO Reno2 Z,,oppo_global_en
CPH1989,mob,oppo,OPPO,,,OPPO Reno2 F,,oppo_global_en
CPH2043,mob,oppo,OPPO,,,OPPO Reno3,,oppo_global_en
A001OP,mob,oppo,OPPO,,,OPPO Reno3,SoftBank,oppo_global_en
CPH2035,mob,oppo,OPPO,,,OPPO Reno3 Pro,Global,oppo_global_en
CPH2036,mob,oppo,OPPO,,,OPPO Reno3 Pro,Global,oppo_global_en
CPH2037,mob,oppo,OPPO,,,OPPO Reno3 Pro,Global,oppo_global_en
CPH2009,mob,oppo,OPPO,,,OPPO Reno3 Pro,India,oppo_global_en
CPH2013,mob,oppo,OPPO,,,OPPO Reno3 A,,oppo_global_en
A002OP,mob,oppo,OPPO,,,OPPO Reno3 A,SoftBank,oppo_global_en
CPH2091,mob,oppo,OPPO,,,OPPO Reno4,,oppo_global_en
CPH2113,mob,oppo,OPPO,,,OPPO Reno4,,oppo_global_en
CPH2089,mob,oppo,OPPO,,,OPPO Reno4 Pro,,oppo_global_en
CPH2109,mob,oppo,OPPO,,,OPPO Reno4 Pro,,oppo_global_en
CPH2119,mob,oppo,OPPO,,,OPPO Reno4 Lite,,oppo_global_en
CPH2125,mob,oppo,OPPO,,,OPPO Reno4 Lite,,oppo_global_en
CPH2209,mob,oppo,OPPO,,,OPPO Reno4 F,,oppo_global_en
CPH2065,mob,oppo,OPPO,,,OPPO Reno4 Z,,oppo_global_en
CPH2159,mob,oppo,OPPO,,,OPPO Reno5,,oppo_global_en
CPH2145,mob,oppo,OPPO,,,OPPO Reno5,5G,oppo_global_en
CPH2201,mob,oppo,OPPO,,,OPPO Reno5 Pro,,oppo_global_en
CPH2207,mob,oppo,OPPO,,,OPPO Reno5 Pro,5G,oppo_global_en
CPH2205,mob,oppo,OPPO,,,OPPO Reno5 Lite,,oppo_global_en
CPH2199,mob,oppo,OPPO,,,OPPO Reno5 A,,oppo_global_en
A101OP,mob,oppo,OPPO,,,OPPO Reno5 A,SoftBank,oppo_global_en
CPH2217,mob,oppo,OPPO,,,OPPO Reno5 F,,oppo_global_en
CPH2211,mob,oppo,OPPO,,,OPPO Reno5 Z,,oppo_global_en
CPH2213,mob,oppo,OPPO,,,OPPO Reno5 Z,,oppo_global_en
CPH2235,mob,oppo,OPPO,,,OPPO Reno6,,oppo_global_en
CPH2251,mob,oppo,OPPO,,,OPPO Reno6,5G,oppo_global_en
CPH2247,mob,oppo,OPPO,,,OPPO Reno6 Pro,5G,oppo_global_en
CPH2249,mob,oppo,OPPO,,,OPPO Reno6 Pro,5G,oppo_global_en
CPH2237,mob,oppo,OPPO,,,OPPO Reno6 Z,,oppo_global_en
CPH2365,mob,oppo,OPPO,,,OPPO Reno6 Lite,,oppo_global_en
CPH2363,mob,oppo,OPPO,,,OPPO Reno7,,oppo_global_en
CPH2371,mob,oppo,OPPO,,,OPPO Reno7,5G,oppo_global_en
CPH2293,mob,oppo,OPPO,,,OPPO Reno7 Pro,5G,oppo_global_en
CPH2353,mob,oppo,OPPO,,,OPPO Reno7 A,,oppo_global_en
A201OP,mob,oppo,OPPO,,,OPPO Reno7 A,SoftBank,oppo_global_en
OPG04,mob,oppo,OPPO,,,OPPO Reno7 A,KDDI,oppo_global_en
CPH2343,mob,oppo,OPPO,,,OPPO Reno7 Z,5G,oppo_global_en
CPH2343,mob,oppo,OPPO,,,OPPO Reno7 Lite,5G,oppo_global_en
CPH2343,mob,oppo,OPPO,,,OPPO Reno8 Lite,5G,oppo_global_en
CPH2461,mob,oppo,OPPO,,,OPPO Reno8,,oppo_global_en
CPH2359,mob,oppo,OPPO,,,OPPO Reno8,5G,oppo_global_en
CPH2357,mob,oppo,OPPO,,,OPPO Reno8 Pro,5G,oppo_global_en
CPH2457,mob,oppo,OPPO,,,OPPO Reno8 Z,5G,oppo_global_en
CPH2481,mob,oppo,OPPO,,,OPPO Reno8 T,,oppo_global_en
CPH2505,mob,oppo,OPPO,,,OPPO Reno8 T,5G,oppo_global_en
CPH2523,mob,oppo,OPPO,,,OPPO Reno9 A,,oppo_global_en
A301OP,mob,oppo,OPPO,,,OPPO Reno9 A,SoftBank,oppo_global_en
CPH2531,mob,oppo,OPPO,,,OPPO Reno10,5G,oppo_global_en
CPH2525,mob,oppo,OPPO,,,OPPO Reno10 Pro,5G,oppo_global_en
CPH2541,mob,oppo,OPPO,,,OPPO Reno10 Pro,5G (Japan),oppo_global_en
CPH2521,mob,oppo,OPPO,,,OPPO Reno10 Pro+,5G,oppo_global_en
CPH2599,mob,oppo,OPPO,,,OPPO Reno11,5G,oppo_global_en
CPH2607,mob,oppo,OPPO,,,OPPO Reno11 Pro,5G,oppo_global_en
CPH2603,mob,oppo,OPPO,,,OPPO Reno11 F,5G,oppo_global_en
CPH2603,mob,oppo,OPPO,,,OPPO Reno11 A,,oppo_global_en
CPH2625,mob,oppo,OPPO,,"omega, omega-s3",OPPO Reno12,5G,oppo_global_en
CPH2629,mob,oppo,OPPO,,"omega, omega-s2",OPPO Reno12 Pro,5G,oppo_global_en
CPH2637,mob,oppo,OPPO,,"omega, omega-s1",OPPO Reno12 F,5G,oppo_global_en
CPH2637,mob,oppo,OPPO,,"omega, omega-s1",OPPO Reno12 FS,5G,oppo_global_en
CPH2689,mob,oppo,OPPO,,"milkyway, milkyway-s2",OPPO Reno13,5G,oppo_global_en
CPH2697,mob,oppo,OPPO,,"milkyway, milkyway-s1",OPPO Reno13 Pro,5G,oppo_global_en
CPH2701,mob,oppo,OPPO,,"milkyway, milkyway-s3",OPPO Reno13 F,,oppo_global_en
CPH2699,mob,oppo,OPPO,,"milkyway, milkyway-s3",OPPO Reno13 F,5G,oppo_global_en
CPH2699,mob,oppo,OPPO,,"milkyway, milkyway-s3",OPPO Reno13 FS,5G,oppo_global_en
CPH2699,mob,oppo,OPPO,,"milkyway, milkyway-s3",OPPO Reno13 A,,oppo_global_en
CPH2737,mob,oppo,OPPO,,"zhuque, zhuque-s2",OPPO Reno14,5G,oppo_global_en
CPH2739,mob,oppo,OPPO,,"zhuque, zhuque-s1",OPPO Reno14 Pro,5G,oppo_global_en
CPH2743,mob,oppo,OPPO,,"zhuque, zhuque-s3",OPPO Reno14 F,5G,oppo_global_en
CPH2743,mob,oppo,OPPO,,"zhuque, zhuque-s3",OPPO Reno14 FS,5G,oppo_global_en
CPH2825,mob,oppo,OPPO,,,OPPO Reno15,5G,oppo_global_en
CPH2813,mob,oppo,OPPO,,,OPPO Reno15 Pro,5G,oppo_global_en
CPH2813,mob,oppo,OPPO,,,OPPO Reno15 Pro Mini,5G,oppo_global_en
CPH2811,mob,oppo,OPPO,,,OPPO Reno15 Pro,5G,oppo_global_en
CPH2811,mob,oppo,OPPO,,,OPPO Reno15 Pro Max,5G,oppo_global_en
CPH2801,mob,oppo,OPPO,,,OPPO Reno15 F,5G,oppo_global_en
CPH2801,mob,oppo,OPPO,,,OPPO Reno15 FS,5G,oppo_global_en
CPH2801,mob,oppo,OPPO,,,OPPO Reno15c,5G,oppo_global_en
CPH2801,mob,oppo,OPPO,,,OPPO Reno15 A,,oppo_global_en
CPH2865,mob,oppo,OPPO,,,OPPO Reno16,5G,oppo_global_en
CPH2859,mob,oppo,OPPO,,,OPPO Reno16 F,5G,oppo_global_en
CPH2859,mob,oppo,OPPO,,,OPPO Reno16 FS,5G,oppo_global_en
CPH2859,mob,oppo,OPPO,,,OPPO Reno16c,5G,oppo_global_en
CPH1819,mob,oppo,OPPO,,,OPPO F7,,oppo_global_en
CPH1821,mob,oppo,OPPO,,,OPPO F7,,oppo_global_en
CPH1859,mob,oppo,OPPO,,,OPPO F7 Youth,,oppo_global_en
CPH1823,mob,oppo,OPPO,,,OPPO F9,,oppo_global_en
CPH1825,mob,oppo,OPPO,,,OPPO F9,,oppo_global_en
CPH1881,mob,oppo,OPPO,,,OPPO F9,,oppo_global_en
CPH1911,mob,oppo,OPPO,,,OPPO F11,,oppo_global_en
CPH1969,mob,oppo,OPPO,,,OPPO F11 Pro,,oppo_global_en
CPH1987,mob,oppo,OPPO,,,OPPO F11 Pro,,oppo_global_en
CPH2001,mob,oppo,OPPO,,,OPPO F15,,oppo_global_en
CPH2095,mob,oppo,OPPO,,,OPPO F17,,oppo_global_en
CPH2119,mob,oppo,OPPO,,,OPPO F17 Pro,,oppo_global_en
CPH2197,mob,oppo,OPPO,,,OPPO F19,,oppo_global_en
CPH2219,mob,oppo,OPPO,,,OPPO F19,,oppo_global_en
CPH2217,mob,oppo,OPPO,,,OPPO F19 Pro,,oppo_global_en
CPH2285,mob,oppo,OPPO,,,OPPO F19 Pro,,oppo_global_en
CPH2213,mob,oppo,OPPO,,,OPPO F19 Pro+,5G,oppo_global_en
CPH2223,mob,oppo,OPPO,,,OPPO F19s,,oppo_global_en
CPH2363,mob,oppo,OPPO,,,OPPO F21 Pro,,oppo_global_en
CPH2341,mob,oppo,OPPO,,,OPPO F21 Pro,5G,oppo_global_en
CPH2343,mob,oppo,OPPO,,,OPPO F21 Pro,5G,oppo_global_en
CPH2461,mob,oppo,OPPO,,,OPPO F21s Pro,,oppo_global_en
CPH2455,mob,oppo,OPPO,,,OPPO F21s Pro,5G,oppo_global_en
CPH2481,mob,oppo,OPPO,,,OPPO F23,,oppo_global_en
CPH2527,mob,oppo,OPPO,,,OPPO F23,5G,oppo_global_en
CPH2603,mob,oppo,OPPO,,,OPPO F25 Pro,5G,oppo_global_en
CPH2637,mob,oppo,OPPO,,,OPPO F27,5G,oppo_global_en
CPH2643,mob,oppo,OPPO,,,OPPO F27 Pro+,5G,oppo_global_en
CPH2721,mob,oppo,OPPO,,,OPPO F29,5G,oppo_global_en
CPH2705,mob,oppo,OPPO,,,OPPO F29 Pro,5G,oppo_global_en
CPH2781,mob,oppo,OPPO,,,OPPO F31,5G,oppo_global_en
CPH2763,mob,oppo,OPPO,,,OPPO F31 Pro,5G,oppo_global_en
CPH2757,mob,oppo,OPPO,,,OPPO F31 Pro+,5G,oppo_global_en
CPH2777,mob,oppo,OPPO,,,OPPO F33,5G,oppo_global_en
CPH2835,mob,oppo,OPPO,,,OPPO F33 Pro,5G,oppo_global_en
CPH1835,mob,oppo,OPPO,,,OPPO R15,,oppo_global_en
CPH1831,mob,oppo,OPPO,,,OPPO R15 Pro,,oppo_global_en
CPH1833,mob,oppo,OPPO,,,OPPO R15 Pro,,oppo_global_en
CPH1879,mob,oppo,OPPO,,,OPPO R17,,oppo_global_en
CPH1877,mob,oppo,OPPO,,,OPPO R17 Pro,,oppo_global_en
CPH1893,mob,oppo,OPPO,,,OPPO R17 Neo,,oppo_global_en
CPH1893RU,mob,oppo,OPPO,,,OPPO R17 Neo,,oppo_global_en
CPH1923,mob,oppo,OPPO,,,OPPO A1k,,oppo_global_en
CPH1923RU,mob,oppo,OPPO,,,OPPO A1k,,oppo_global_en
CPH1837,mob,oppo,OPPO,,,OPPO A3,,oppo_global_en
CPH2669,mob,oppo,OPPO,,,OPPO A3,2024,oppo_global_en
CPH2639,mob,oppo,OPPO,,,OPPO A3,5G,oppo_global_en
CPH2683,mob,oppo,OPPO,,,OPPO A3,5G,oppo_global_en
A402OP,mob,oppo,OPPO,,,OPPO A3,5G (SoftBank),oppo_global_en
CPH1803,mob,oppo,OPPO,,,OPPO A3s,,oppo_global_en
CPH1853,mob,oppo,OPPO,,,OPPO A3s,,oppo_global_en
CPH1805,mob,oppo,OPPO,,,OPPO A3s,,oppo_global_en
CPH2641,mob,oppo,OPPO,,,OPPO A3x,,oppo_global_en
CPH2681,mob,oppo,OPPO,,,OPPO A3x,5G,oppo_global_en
CPH2639,mob,oppo,OPPO,,,OPPO A3 Pro,5G,oppo_global_en
CPH2665,mob,oppo,OPPO,,,OPPO A3 Pro,5G,oppo_global_en
CPH1809,mob,oppo,OPPO,,,OPPO A5,,oppo_global_en
CPH1909,mob,oppo,OPPO,,,OPPO A5s,,oppo_global_en
CPH1909RU,mob,oppo,OPPO,,,OPPO A5s,,oppo_global_en
CPH1912,mob,oppo,OPPO,,,OPPO A5s,,oppo_global_en
CPH1851,mob,oppo,OPPO,,,OPPO AX5,,oppo_global_en
CPH1920,mob,oppo,OPPO,,,OPPO AX5s,,oppo_global_en
CPH1931,mob,oppo,OPPO,,,OPPO A5 2020,,oppo_global_en
CPH1933,mob,oppo,OPPO,,,OPPO A5 2020,,oppo_global_en
CPH1943,mob,oppo,OPPO,,,OPPO A5 2020,,oppo_global_en
CPH2735,mob,oppo,OPPO,,,OPPO A5 5G,,oppo_global_en
CPH2751,mob,oppo,OPPO,,,OPPO A5 5G,,oppo_global_en
A502OP,mob,oppo,OPPO,,,OPPO A5 5G,SoftBank,oppo_global_en
CPH2727,mob,oppo,OPPO,,,OPPO A5,2025,oppo_global_en
CPH2727,mob,oppo,OPPO,,,OPPO A5m,,oppo_global_en
CPH2711,mob,oppo,OPPO,,,OPPO A5 Pro,,oppo_global_en
CPH2695,mob,oppo,OPPO,,,OPPO A5 Pro,5G,oppo_global_en
CPH2773,mob,oppo,OPPO,,,OPPO A5i,,oppo_global_en
CPH2755,mob,oppo,OPPO,,,OPPO A5i Pro,,oppo_global_en
CPH2821,mob,oppo,OPPO,,,OPPO A5i Pro,5G,oppo_global_en
CPH2725,mob,oppo,OPPO,,,OPPO A5x,,oppo_global_en
CPH2733,mob,oppo,OPPO,,,OPPO A5x,5G,oppo_global_en
CPH2817,mob,oppo,OPPO,,,OPPO A6,,oppo_global_en
CPH2831,mob,oppo,OPPO,,,OPPO A6,5G Global,oppo_global_en
CPH2785,mob,oppo,OPPO,,,OPPO A6,5G India,oppo_global_en
CPH2799,mob,oppo,OPPO,,,OPPO A6 Pro,,oppo_global_en
CPH2781,mob,oppo,OPPO,,,OPPO A6 Pro,5G Global,oppo_global_en
CPH2827,mob,oppo,OPPO,,,OPPO A6 Pro,5G India,oppo_global_en
CPH2815,mob,oppo,OPPO,,,OPPO A6s,,oppo_global_en
CPH2789,mob,oppo,OPPO,,,OPPO A6s,5G Global,oppo_global_en
CPH2889,mob,oppo,OPPO,,,OPPO A6s,5G India,oppo_global_en
CPH2819,mob,oppo,OPPO,,,OPPO A6x,,oppo_global_en
CPH2783,mob,oppo,OPPO,,,OPPO A6x,5G Global,oppo_global_en
CPH2823,mob,oppo,OPPO,,,OPPO A6x,5G India,oppo_global_en
CPH2847,mob,oppo,OPPO,,,OPPO A6t,,oppo_global_en
CPH2853,mob,oppo,OPPO,,,OPPO A6t,5G,oppo_global_en
CPH2849,mob,oppo,OPPO,,,OPPO A6t Pro,,oppo_global_en
CPH2851,mob,oppo,OPPO,,,OPPO A6t Pro,5G,oppo_global_en
CPH2895,mob,oppo,OPPO,,,OPPO A6c,,oppo_global_en
CPH1901,mob,oppo,OPPO,,,OPPO A7,,oppo_global_en
CPH1905,mob,oppo,OPPO,,,OPPO A7,,oppo_global_en
CPH1903,mob,oppo,OPPO,,,OPPO AX7,,oppo_global_en
CPH1893,mob,oppo,OPPO,,,OPPO AX7 Pro,,oppo_global_en
CPH1893RU,mob,oppo,OPPO,,,OPPO AX7 Pro,,oppo_global_en
CPH1938,mob,oppo,OPPO,,,OPPO A9,,oppo_global_en
CPH1937,mob,oppo,OPPO,,,OPPO A9 2020,,oppo_global_en
CPH1941,mob,oppo,OPPO,,,OPPO A9 2020,,oppo_global_en
CPH1931,mob,oppo,OPPO,,,OPPO A11,,oppo_global_en
CPH1941,mob,oppo,OPPO,,,OPPO A11,,oppo_global_en
CPH1943,mob,oppo,OPPO,,,OPPO A11,,oppo_global_en
CPH2071,mob,oppo,OPPO,,,OPPO A11k,,oppo_global_en
CPH2083,mob,oppo,OPPO,,,OPPO A11k,,oppo_global_en
CPH2077,mob,oppo,OPPO,,,OPPO A12,,oppo_global_en
CPH2083,mob,oppo,OPPO,,,OPPO A12,,oppo_global_en
CPH2185,mob,oppo,OPPO,,,OPPO A15,,oppo_global_en
CPH2179,mob,oppo,OPPO,,,OPPO A15s,,oppo_global_en
CPH2269,mob,oppo,OPPO,,,OPPO A16,,oppo_global_en
CPH2275,mob,oppo,OPPO,,,OPPO A16,,oppo_global_en
CPH2349,mob,oppo,OPPO,,,OPPO A16k,,oppo_global_en
CPH2351,mob,oppo,OPPO,,,OPPO A16k,,oppo_global_en
CPH2271,mob,oppo,OPPO,,,OPPO A16s,,oppo_global_en
CPH2421,mob,oppo,OPPO,,,OPPO A16e,,oppo_global_en
CPH2477,mob,oppo,OPPO,,,OPPO A17,,oppo_global_en
CPH2471,mob,oppo,OPPO,,,OPPO A17k,,oppo_global_en
CPH2591,mob,oppo,OPPO,,,OPPO A18,,oppo_global_en
CPH2641,mob,oppo,OPPO,,,OPPO A20,,oppo_global_en
CPH2015,mob,oppo,OPPO,,,OPPO A31,,oppo_global_en
CPH2031,mob,oppo,OPPO,,,OPPO A31,,oppo_global_en
CPH2073,mob,oppo,OPPO,,,OPPO A31,,oppo_global_en
CPH2081,mob,oppo,OPPO,,,OPPO A31,,oppo_global_en
CPH2127,mob,oppo,OPPO,,,OPPO A33,,oppo_global_en
CPH2137,mob,oppo,OPPO,,,OPPO A33,,oppo_global_en
CPH2579,mob,oppo,OPPO,,,OPPO A38,,oppo_global_en
CPH2669,mob,oppo,OPPO,,,OPPO A40,,oppo_global_en
CPH2669,mob,oppo,OPPO,,,OPPO A40m,,oppo_global_en
CPH2061,mob,oppo,OPPO,,,OPPO A52,,oppo_global_en
CPH2069,mob,oppo,OPPO,,,OPPO A52,,oppo_global_en
CPH2127,mob,oppo,OPPO,,,OPPO A53,,oppo_global_en
CPH2131,mob,oppo,OPPO,,,OPPO A53,,oppo_global_en
CPH2133,mob,oppo,OPPO,,,OPPO A53,,oppo_global_en
CPH2137,mob,oppo,OPPO,,,OPPO A53,,oppo_global_en
CPH2139,mob,oppo,OPPO,,,OPPO A53,,oppo_global_en
CPH2135,mob,oppo,OPPO,,,OPPO A53s,,oppo_global_en
CPH2321,mob,oppo,OPPO,,,OPPO A53s,5G,oppo_global_en
CPH2239,mob,oppo,OPPO,,,OPPO A54,,oppo_global_en
CPH2195,mob,oppo,OPPO,,,OPPO A54,5G,oppo_global_en
CPH2303,mob,oppo,OPPO,,,OPPO A54,5G,oppo_global_en
OPG02,mob,oppo,OPPO,,,OPPO A54,5G (KDDI),oppo_global_en
CPH2273,mob,oppo,OPPO,,,OPPO A54s,,oppo_global_en
CPH2325,mob,oppo,OPPO,,,OPPO A55,,oppo_global_en
CPH2309,mob,oppo,OPPO,,,OPPO A55s,5G,oppo_global_en
A102OP,mob,oppo,OPPO,,,OPPO A55s,5G (SoftBank),oppo_global_en
CPH1701,mob,oppo,OPPO,,,OPPO A57,2016,oppo_global_en
CPH2387,mob,oppo,OPPO,,,OPPO A57,,oppo_global_en
CPH2407,mob,oppo,OPPO,,,OPPO A57,,oppo_global_en
CPH2385,mob,oppo,OPPO,,,OPPO A57s,,oppo_global_en
CPH2577,mob,oppo,OPPO,,,OPPO A58,,oppo_global_en
CPH2617,mob,oppo,OPPO,,,OPPO A59,5G,oppo_global_en
CPH2631,mob,oppo,OPPO,,,OPPO A60,,oppo_global_en
CPH3669,mob,oppo,OPPO,,,OPPO A60,,oppo_global_en
CPH2683,mob,oppo,OPPO,,,OPPO A60,5G,oppo_global_en
CPH2067,mob,oppo,OPPO,,,OPPO A72,,oppo_global_en
CPH2095,mob,oppo,OPPO,,,OPPO A73,,oppo_global_en
CPH2099,mob,oppo,OPPO,,,OPPO A73,,oppo_global_en
CPH2161,mob,oppo,OPPO,,,OPPO A73,5G,oppo_global_en
CPH2219,mob,oppo,OPPO,,,OPPO A74,,oppo_global_en
CPH2197,mob,oppo,OPPO,,,OPPO A74,5G,oppo_global_en
CPH2263,mob,oppo,OPPO,,,OPPO A74,5G,oppo_global_en
CPH2375,mob,oppo,OPPO,,,OPPO A76,,oppo_global_en
CPH2385,mob,oppo,OPPO,,,OPPO A77,,oppo_global_en
CPH2339,mob,oppo,OPPO,,,OPPO A77,5G,oppo_global_en
CPH2473,mob,oppo,OPPO,,,OPPO A77s,,oppo_global_en
CPH2565,mob,oppo,OPPO,,,OPPO A78,,oppo_global_en
CPH2483,mob,oppo,OPPO,,,OPPO A78,5G,oppo_global_en
CPH2495,mob,oppo,OPPO,,,OPPO A78,5G,oppo_global_en
CPH2553,mob,oppo,OPPO,,,OPPO A79,5G,oppo_global_en
CPH2557,mob,oppo,OPPO,,,OPPO A79,5G,oppo_global_en
A303OP,mob,oppo,OPPO,,,OPPO A79,5G (SoftBank),oppo_global_en
CPH2639,mob,oppo,OPPO,,,OPPO A80,5G,oppo_global_en
CPH2001,mob,oppo,OPPO,,,OPPO A91,,oppo_global_en
CPH2021,mob,oppo,OPPO,,,OPPO A91,,oppo_global_en
CPH2059,mob,oppo,OPPO,,,OPPO A92,,oppo_global_en
CPH2121,mob,oppo,OPPO,,,OPPO A93,,oppo_global_en
CPH2123,mob,oppo,OPPO,,,OPPO A93,,oppo_global_en
CPH2203,mob,oppo,OPPO,,,OPPO A94,,oppo_global_en
CPH2211,mob,oppo,OPPO,,,OPPO A94,5G,oppo_global_en
CPH2365,mob,oppo,OPPO,,,OPPO A95,,oppo_global_en
CPH2333,mob,oppo,OPPO,,,OPPO A96,,oppo_global_en
CPH2529,mob,oppo,OPPO,,,OPPO A98,5G,oppo_global_en
CPH1955,mob,oppo,OPPO,,,OPPO K3,,oppo_global_en
CPH2373,mob,oppo,OPPO,,,OPPO K10,,oppo_global_en
CPH2237,mob,oppo,OPPO,,,OPPO K10,5G,oppo_global_en
CPH2667,mob,oppo,OPPO,,,OPPO K12x,5G,oppo_global_en
CPH2729,mob,oppo,OPPO,,,OPPO K13,5G,oppo_global_en
CPH2753,mob,oppo,OPPO,,,OPPO K13x,5G,oppo_global_en
CPH2761,mob,oppo,OPPO,,knight,OPPO K13 Turbo,5G,oppo_global_en
CPH2731,mob,oppo,OPPO,,knight-h,OPPO K13 Turbo Pro,5G,oppo_global_en
CPH2869,mob,oppo,OPPO,,,OPPO K14,5G,oppo_global_en
CPH2871,mob,oppo,OPPO,,,OPPO K14x,5G,oppo_global_en
OPD2102A,pad,oppo,OPPO,,,OPPO Pad Air,,oppo_global_en
OPD2202,pad,oppo,OPPO,,aries,OPPO Pad 2,,oppo_global_en
OPD2302,pad,oppo,OPPO,,bluey,OPPO Pad Neo,Wi-Fi,oppo_global_en
OPD2303,pad,oppo,OPPO,,bluey,OPPO Pad Neo,LTE,oppo_global_en
OPD2406,pad,oppo,OPPO,,dunhuang,OPPO Pad 3,,oppo_global_en
OPD2402,pad,oppo,OPPO,,caihong,OPPO Pad 3 Pro,,oppo_global_en
OPD2502,pad,oppo,OPPO,,greenland,OPPO Pad 5,Wi-Fi,oppo_global_en
OPD2503,pad,oppo,OPPO,,greenland,OPPO Pad 5,5G,oppo_global_en
OPD2419,pad,oppo,OPPO,,fiji,OPPO Pad SE,Wi-Fi,oppo_global_en
OPD2420,pad,oppo,OPPO,,fiji,OPPO Pad SE,LTE,oppo_global_en
OB19B1,band,oppo,OPPO,,,OPPO Band,Style,oppo_global_en
OB19O3,band,oppo,OPPO,,,OPPO Band,Style,oppo_global_en
OBBE215,band,oppo,OPPO,,heisenberg,OPPO Band 2,Japan,oppo_global_en
OWWE201,watch,oppo,OPPO,,,OPPO Watch Free,,oppo_global_en
OW19W6,watch,oppo,OPPO,,beluga,OPPO Watch (Wi-Fi),41mm,oppo_global_en
OW19W8,watch,oppo,OPPO,,belugaxl,OPPO Watch (Wi-Fi),46mm,oppo_global_en
OW19W12,watch,oppo,OPPO,,orca,OPPO Watch (LTE),46mm LTE,oppo_global_en
OWWE231,watch,oppo,OPPO,,wuyi,OPPO Watch X,,oppo_global_en
OWWE251,watch,oppo,OPPO,,"starriver, starrivere, xinghe",OPPO Watch X2,,oppo_global_en
OWWE242,watch,oppo,OPPO,,xingchen,OPPO Watch X2 Mini,,oppo_global_en
OWWE261,watch,oppo,OPPO,,taycan,OPPO Watch X3,,oppo_global_en
OWWE262,watch,oppo,OPPO,,,OPPO Watch S,,oppo_global_en
RMX1901,mob,realme,realme,,,真我 X,,realme_cn
RMX1851,mob,realme,realme,,,真我 X 青春版,,realme_cn
RMX1991,mob,realme,realme,,,真我 X2,,realme_cn
RMX1931,mob,realme,realme,,samurai,真我 X2 Pro,,realme_cn
RMX2051,mob,realme,realme,,,真我 X50,5G 全网通版,realme_cn
RMX2025,mob,realme,realme,,,真我 X50,5G 移动版,realme_cn
RMX2071,mob,realme,realme,,bladerunner,真我 X50 Pro,5G,realme_cn
RMX2072,mob,realme,realme,,bladerunner_48m,真我 X50 Pro 玩家版,,realme_cn
RMX2141,mob,realme,realme,,,真我 X50m,5G,realme_cn
RMX2142,mob,realme,realme,,,真我 X50m,5G 运营商定制版,realme_cn
RMX2052,mob,realme,realme,,,真我 X50t,5G 电信合作版,realme_cn
RMX2176,mob,realme,realme,,,真我 X7,5G,realme_cn
RMX2121,mob,realme,realme,,,真我 X7 Pro,5G,realme_cn
RMX3115,mob,realme,realme,,,真我 X7 Pro 至尊版,5G 全网通版,realme_cn
RMX3116,mob,realme,realme,,,真我 X7 Pro 至尊版,5G 运营商定制版,realme_cn
RMX2202,mob,realme,realme,,cupid,真我 GT,5G,realme_cn
RMX3361,mob,realme,realme,,lunaa,真我 GT 大师版,,realme_cn
RMX3366,mob,realme,realme,,rivena,真我 GT 大师探索版,,realme_cn
RMX3310,mob,realme,realme,,porsche,真我 GT2,,realme_cn
RMX3300,mob,realme,realme,,ferrari,真我 GT2 Pro,,realme_cn
RMX3551,mob,realme,realme,,jennie,真我 GT2 大师探索版,,realme_cn
RMX3820,mob,realme,realme,,zonda-a,真我 GT5,,realme_cn
RMX3823,mob,realme,realme,,zonda-b,真我 GT5 240W,,realme_cn
RMX3888,mob,realme,realme,,enzo,真我 GT5 Pro,,realme_cn
RMX3800,mob,realme,realme,,divo,真我 GT6,,realme_cn
RMX6688,mob,realme,realme,,targa,真我 GT7,,realme_cn
RMX6688,mob,realme,realme,,targa,真我 GT7,阿斯顿马丁 F1 限量版,realme_cn
RMX5010,mob,realme,realme,,pista,真我 GT7 Pro,,realme_cn
RMX5090,mob,realme,realme,,piloti,真我 GT7 Pro 竞速版,,realme_cn
RMX6699,mob,realme,realme,,amg,真我 GT8,,realme_cn
RMX5200,mob,realme,realme,,lafa,真我 GT8 Pro,,realme_cn
RMX5200,mob,realme,realme,,lafa,真我 GT8 Pro,阿斯顿马丁 F1 限量版,realme_cn
RMX3031,mob,realme,realme,,,真我 GT Neo,5G,realme_cn
RMX3350,mob,realme,realme,,,真我 GT Neo 闪速版,,realme_cn
RMX3370,mob,realme,realme,,bitra,真我 GT Neo2,,realme_cn
RMX3370,mob,realme,realme,,bitra,真我 GT Neo2,龙珠定制版,realme_cn
RMX3357,mob,realme,realme,,,真我 GT Neo2T,,realme_cn
RMX3560,mob,realme,realme,,lisa-a,真我 GT Neo3,,realme_cn
RMX3562,mob,realme,realme,,lisa-b,真我 GT Neo3 150W,,realme_cn
RMX3562,mob,realme,realme,,lisa-b,真我 GT Neo3 150W,火影限定版,realme_cn
RMX3706,mob,realme,realme,,senna-b,真我 GT Neo5,,realme_cn
RMX3708,mob,realme,realme,,senna-c,真我 GT Neo5 240W,,realme_cn
RMX3700,mob,realme,realme,,senna-a,真我 GT Neo5 SE,,realme_cn
RMX3852,mob,realme,realme,,bale-b,真我 GT Neo6,,realme_cn
RMX3852,mob,realme,realme,,bale-b,真我 GT Neo6,完美世界》动画云曦限定礼盒,realme_cn
RMX3850,mob,realme,realme,,bale-a,真我 GT Neo6 SE,,realme_cn
RMX5060,mob,realme,realme,,cayman-a,真我 Neo7,,realme_cn
RMX5060,mob,realme,realme,,cayman-a,真我 Neo7,画江湖之不良人》限定礼盒,realme_cn
RMX5062,mob,realme,realme,,cayman-c,真我 Neo7 Turbo,,realme_cn
RMX5062,mob,realme,realme,,cayman-c,真我 Neo7 Turbo,AI版,realme_cn
RMX5080,mob,realme,realme,,brz-a,真我 Neo7 SE,,realme_cn
RMX5071,mob,realme,realme,,dongfeng,真我 Neo7x,,realme_cn
RMX8899,mob,realme,realme,,u9,真我 Neo8,,realme_cn
RMX1971,mob,realme,realme,,,真我 Q,,realme_cn
RMX2117,mob,realme,realme,,,真我 Q2,5G,realme_cn
RMX2173,mob,realme,realme,,,真我 Q2 Pro,5G,realme_cn
RMX2200,mob,realme,realme,,,真我 Q2i,5G,realme_cn
RMX3161,mob,realme,realme,,zeus,真我 Q3,5G,realme_cn
RMX2205,mob,realme,realme,,,真我 Q3 Pro,5G,realme_cn
RMX3142,mob,realme,realme,,luna,真我 Q3 Pro 狂欢版,,realme_cn
RMX3042,mob,realme,realme,,,真我 Q3i,5G,realme_cn
RMX3461,mob,realme,realme,,ice,真我 Q3s,,realme_cn
RMX3462,mob,realme,realme,,ice,真我 Q3t,,realme_cn
RMX3478,mob,realme,realme,,oscar,真我 Q5,,realme_cn
RMX3372,mob,realme,realme,,spartan,真我 Q5 Pro,,realme_cn
RMX3574,mob,realme,realme,,alice,真我 Q5i,,realme_cn
RMX3616,mob,realme,realme,,blade,真我 Q5x,,realme_cn
RMX3615,mob,realme,realme,,blade,真我 10,,realme_cn
RMX3617,mob,realme,realme,,blade,真我 10s,,realme_cn
RMX3663,mob,realme,realme,,luigi,真我 10 Pro,,realme_cn
RMX3687,mob,realme,realme,,roma,真我 10 Pro+,,realme_cn
RMX3751,mob,realme,realme,,hawaii,真我 11,,realme_cn
RMX3770,mob,realme,realme,,chengdu-b,真我 11 Pro,,realme_cn
RMX3740,mob,realme,realme,,chengdu,真我 11 Pro+,,realme_cn
RMX3992,mob,realme,realme,,,真我 12,,realme_cn
RMX3993,mob,realme,realme,,,真我 12x,,realme_cn
RMX3843,mob,realme,realme,,coffee-a,真我 12 Pro,,realme_cn
RMX3843,mob,realme,realme,,coffee-a,真我 12 Pro,至尊版,realme_cn
RMX3841,mob,realme,realme,,coffee,真我 12 Pro+,,realme_cn
RMX3952,mob,realme,realme,,barley-x,真我 13,,realme_cn
RMX5002,mob,realme,realme,,casio,真我 13 Pro,,realme_cn
RMX3989,mob,realme,realme,,amber-t,真我 13 Pro 至尊版,,realme_cn
RMX3920,mob,realme,realme,,amber,真我 13 Pro+,,realme_cn
RMX5075,mob,realme,realme,,dongfeng,真我 14,,realme_cn
RMX5055,mob,realme,realme,,casio-x,真我 14 Pro,,realme_cn
RMX5050,mob,realme,realme,,piaget,真我 14 Pro+,,realme_cn
RMX5105,mob,realme,realme,,casio-y,真我 15,,realme_cn
RMX5100,mob,realme,realme,,neutron,真我 15 Pro,,realme_cn
RMX5100,mob,realme,realme,,neutron,真我 15 Pro,权力的游戏》限定版,realme_cn
RMX5112,mob,realme,realme,,chopard-a,真我 15T,,realme_cn
RMX2200,mob,realme,realme,,,真我 V3,5G 全网通版,realme_cn
RMX2201,mob,realme,realme,,,真我 V3,5G 运营商定制版,realme_cn
RMX2111,mob,realme,realme,,,真我 V5,5G 全网通版,realme_cn
RMX2112,mob,realme,realme,,,真我 V5,5G 运营商定制版,realme_cn
RMX3121,mob,realme,realme,,,真我 V11,5G 全网通版,realme_cn
RMX3122,mob,realme,realme,,,真我 V11,5G 运营商定制版,realme_cn
RMX3125,mob,realme,realme,,,真我 V11s,5G,realme_cn
RMX3041,mob,realme,realme,,,真我 V13,5G 全网通版,realme_cn
RMX3043,mob,realme,realme,,,真我 V13,5G 运营商定制版,realme_cn
RMX3092,mob,realme,realme,,,真我 V15,5G 全网通版,realme_cn
RMX3093,mob,realme,realme,,,真我 V15,5G 运营商定制版,realme_cn
RMX3610,mob,realme,realme,,blade,真我 V20,,realme_cn
RMX3611,mob,realme,realme,,blade,真我 V20,,realme_cn
RMX3571,mob,realme,realme,,alice,真我 V23,,realme_cn
RMX3576,mob,realme,realme,,alice,真我 V23i,,realme_cn
RMX3475,mob,realme,realme,,oscar,真我 V25,,realme_cn
RMX3619,mob,realme,realme,,blade,真我 V30,,realme_cn
RMX3618,mob,realme,realme,,blade,真我 V30t,,realme_cn
RMX3783,mob,realme,realme,,chongqing,真我 V50,,realme_cn
RMX3781,mob,realme,realme,,chongqing,真我 V50s,,realme_cn
RMX3995,mob,realme,realme,,barley-d,真我 V60,,realme_cn
RMX3996,mob,realme,realme,,barley-d,真我 V60s,,realme_cn
RMX3953,mob,realme,realme,,rado,真我 V60 Pro,,realme_cn
RMX3946,mob,realme,realme,,rado,真我 V70,,realme_cn
RMX3948,mob,realme,realme,,rado,真我 V70s,,realme_cn
RMP2108,pad,realme,realme,,tyr,真我平板 X,,realme_cn
CPH1859,mob,realme,realme,,,1,,realme_global_en
CPH1861,mob,realme,realme,,,1,,realme_global_en
RMX1805,mob,realme,realme,,,2,,realme_global_en
RMX1801,mob,realme,realme,,,2 Pro,,realme_global_en
RMX1821,mob,realme,realme,,,3,,realme_global_en
RMX1822,mob,realme,realme,,,3,,realme_global_en
RMX1825,mob,realme,realme,,,3,,realme_global_en
RMX1827,mob,realme,realme,,,3i,,realme_global_en
RMX1851,mob,realme,realme,,,3 Pro,,realme_global_en
RMX1853,mob,realme,realme,,,3 Pro,,realme_global_en
RMX1911,mob,realme,realme,,,5,,realme_global_en
RMX1915,mob,realme,realme,,,5,,realme_global_en
RMX1919,mob,realme,realme,,,5,,realme_global_en
RMX1925,mob,realme,realme,,,5,,realme_global_en
RMX1926,mob,realme,realme,,,5,,realme_global_en
RMX1927,mob,realme,realme,,,5,,realme_global_en
RMX1925,mob,realme,realme,,,5s,,realme_global_en
RMX2030,mob,realme,realme,,,5i,,realme_global_en
RMX2031,mob,realme,realme,,,5i,,realme_global_en
RMX2032,mob,realme,realme,,,5i,,realme_global_en
RMX1971,mob,realme,realme,,,5 Pro,,realme_global_en
RMX1973,mob,realme,realme,,,5 Pro,,realme_global_en
RMX2001,mob,realme,realme,,nemo,6,,realme_global_en
RMX2003,mob,realme,realme,,nemo,6,,realme_global_en
RMX2061,mob,realme,realme,,,6 Pro,,realme_global_en
RMX2063,mob,realme,realme,,,6 Pro,,realme_global_en
RMX2002,mob,realme,realme,,nemo,6s,Global,realme_global_en
RMX2002,mob,realme,realme,,nemo,6i,India,realme_global_en
RMX2040,mob,realme,realme,,,6i,EU,realme_global_en
RMX2041,mob,realme,realme,,,6i,Global,realme_global_en
RMX2042,mob,realme,realme,,,6i,Global,realme_global_en
RMX2151,mob,realme,realme,,salaa,7,India,realme_global_en
RMX2155,mob,realme,realme,,salaa,7,Global,realme_global_en
RMX2111,mob,realme,realme,,,7 5G,,realme_global_en
RMX2170,mob,realme,realme,,,7 Pro,,realme_global_en
RMX2103,mob,realme,realme,,,7i,India,realme_global_en
RMX2104,mob,realme,realme,,,7i,India,realme_global_en
RMX2193,mob,realme,realme,,,7i,Global,realme_global_en
RMX3085,mob,realme,realme,,,8,,realme_global_en
RMX3081,mob,realme,realme,,,8 Pro,,realme_global_en
RMX3241,mob,realme,realme,,,8 5G,,realme_global_en
RMX3151,mob,realme,realme,,spaced,8i,,realme_global_en
RMX3381,mob,realme,realme,,,8s 5G,,realme_global_en
RMX3521,mob,realme,realme,,messi,9,,realme_global_en
RMX3491,mob,realme,realme,,kasa,9i,India / Global,realme_global_en
RMX3492,mob,realme,realme,,kasa,9i,,realme_global_en
RMX3493,mob,realme,realme,,kasa,9i,EU,realme_global_en
RMX3388,mob,realme,realme,,,9 5G,India,realme_global_en
RMX3474,mob,realme,realme,,oscar,9 5G,EU,realme_global_en
RMX3612,mob,realme,realme,,blade,9i 5G,,realme_global_en
RMX3471,mob,realme,realme,,oscar,9 Pro 5G,India,realme_global_en
RMX3472,mob,realme,realme,,oscar,9 Pro 5G,Global,realme_global_en
RMX3392,mob,realme,realme,,moss,9 Pro+ 5G,India,realme_global_en
RMX3393,mob,realme,realme,,moss,9 Pro+ 5G,Global,realme_global_en
RMX3461,mob,realme,realme,,ice,9 5G Speed Edition,India,realme_global_en
RMX3630,mob,realme,realme,,doki,10,,realme_global_en
RMX3660,mob,realme,realme,,luigi,10 Pro 5G,India,realme_global_en
RMX3660,mob,realme,realme,,luigi,10 Pro 5G,Coca-Cola® Edition,realme_global_en
RMX3661,mob,realme,realme,,luigi,10 Pro 5G,Global,realme_global_en
RMX3661,mob,realme,realme,,luigi,10 Pro 5G,Coca-Cola® Edition,realme_global_en
RMX3686,mob,realme,realme,,roma,10 Pro+ 5G,,realme_global_en
RMX3612,mob,realme,realme,,blade,10T 5G,,realme_global_en
RMX3636,mob,realme,realme,,doki-a,11,,realme_global_en
RMX3780,mob,realme,realme,,chongqing,11 5G,,realme_global_en
RMX3785,mob,realme,realme,,chongqing,11x 5G,,realme_global_en
RMX3771,mob,realme,realme,,chengdu-b,11 Pro 5G,,realme_global_en
RMX3741,mob,realme,realme,,chengdu,11 Pro+ 5G,,realme_global_en
RMX3871,mob,realme,realme,,tacoo-f,12,4G,realme_global_en
RMX3999,mob,realme,realme,,,12 5G,,realme_global_en
RMX3998,mob,realme,realme,,,12x 5G,,realme_global_en
RMX3867,mob,realme,realme,,tacoo,12+ 5G,,realme_global_en
RMX3842,mob,realme,realme,,coffee-a,12 Pro 5G,,realme_global_en
RMX3840,mob,realme,realme,,coffee,12 Pro+ 5G,,realme_global_en
RMX3871,mob,realme,realme,,tacoo-f,13,4G,realme_global_en
RMX3951,mob,realme,realme,,barley-x,13 5G,,realme_global_en
RMX5000,mob,realme,realme,,casio,13+ 5G,,realme_global_en
RMX3990,mob,realme,realme,,amber-n,13 Pro 5G,,realme_global_en
RMX3990,mob,realme,realme,,amber-n,14 Pro Lite 5G,,realme_global_en
RMX3921,mob,realme,realme,,amber,13 Pro+ 5G,,realme_global_en
RMX5070,mob,realme,realme,,dongfeng,14 5G,Global,realme_global_en
RMX3940,mob,realme,realme,,rado,14x 5G,India,realme_global_en
RMX3943,mob,realme,realme,,rado,14x 5G,Global,realme_global_en
RMX5074,mob,realme,realme,,dongfeng,14T 5G,Global,realme_global_en
RMX5078,mob,realme,realme,,dongfeng,14T 5G,India,realme_global_en
RMX5056,mob,realme,realme,,casio-x,14 Pro 5G,India,realme_global_en
RMX5057,mob,realme,realme,,casio-x,14 Pro 5G,Global,realme_global_en
RMX5051,mob,realme,realme,,piaget,14 Pro+ 5G,India,realme_global_en
RMX5054,mob,realme,realme,,piaget,14 Pro+ 5G,Global,realme_global_en
RMX5106,mob,realme,realme,,casio-y,15 5G,,realme_global_en
RMX5101,mob,realme,realme,,neutron,15 Pro 5G,,realme_global_en
RMX5101,mob,realme,realme,,neutron,15 Pro 5G,Game of Thrones Limited Edition,realme_global_en
RMX5111,mob,realme,realme,,chopard-a,15T 5G,,realme_global_en
RMX5000,mob,realme,realme,,casio,15 Lite 5G,,realme_global_en
RMX5250,mob,realme,realme,,mumbai,15x 5G,,realme_global_en
RMX5171,mob,realme,realme,,chopard-b,16 5G,,realme_global_en
RMX5120,mob,realme,realme,,iwc,16 Pro 5G,,realme_global_en
RMX5131,mob,realme,realme,,zenith,16 Pro+ 5G,,realme_global_en
RMX5268,mob,realme,realme,,mumbai-h,16T 5G,,realme_global_en
RMX1901,mob,realme,realme,,,X,,realme_global_en
RMX1921,mob,realme,realme,,,XT,Global,realme_global_en
RMX1922,mob,realme,realme,,,XT,India,realme_global_en
RMX1992,mob,realme,realme,,,X2,India,realme_global_en
RMX1993,mob,realme,realme,,,X2,Global,realme_global_en
RMX1931,mob,realme,realme,,samurai,X2 Pro,,realme_global_en
RMX2081,mob,realme,realme,,,X3,India,realme_global_en
RMX2083,mob,realme,realme,,,X3,Global,realme_global_en
RMX2085,mob,realme,realme,,,X3 SuperZoom,India,realme_global_en
RMX2086,mob,realme,realme,,,X3 SuperZoom,Global,realme_global_en
RMX2144,mob,realme,realme,,,X50,Global,realme_global_en
RMX2075,mob,realme,realme,,bladerunner,X50 Pro,Global,realme_global_en
RMX2076,mob,realme,realme,,bladerunner,X50 Pro,India,realme_global_en
RMX3092,mob,realme,realme,,,X7,India,realme_global_en
RMX2121,mob,realme,realme,,,X7 Pro,,realme_global_en
RMX3031,mob,realme,realme,,,X7 Max,,realme_global_en
RMX2202,mob,realme,realme,,cupid,GT,5G,realme_global_en
RMX3360,mob,realme,realme,,lunaa,GT Master Edition,,realme_global_en
RMX3363,mob,realme,realme,,lunaa,GT Master Edition,,realme_global_en
RMX3370,mob,realme,realme,,bitra,GT NEO 2,5G,realme_global_en
RMX3311,mob,realme,realme,,porsche,GT 2,5G,realme_global_en
RMX3312,mob,realme,realme,,porsche,GT 2,5G,realme_global_en
RMX3301,mob,realme,realme,,ferrari,GT 2 Pro,5G,realme_global_en
RMX3561,mob,realme,realme,,lisa-a,GT NEO 3,,realme_global_en
RMX3563,mob,realme,realme,,lisa-b,GT NEO 3 150W,,realme_global_en
RMX3371,mob,realme,realme,,spartan,GT NEO 3T,,realme_global_en
RMX3701,mob,realme,realme,,senna-a,GT Neo5 SE,,realme_global_en
RMX3709,mob,realme,realme,,senna-c,GT 3,240W,realme_global_en
RMX3851,mob,realme,realme,,bale-c,GT 6,,realme_global_en
RMX3853,mob,realme,realme,,bale-d,GT 6T,,realme_global_en
RMX5061,mob,realme,realme,,cayman-b,GT 7,,realme_global_en
RMX5061,mob,realme,realme,,cayman-b,GT 7,Dream Edition,realme_global_en
RMX5085,mob,realme,realme,,brz-b,GT 7T,,realme_global_en
RMX5011,mob,realme,realme,,pista,GT 7 Pro,,realme_global_en
RMX5210,mob,realme,realme,,lafa,GT 8 Pro,,realme_global_en
RMX5210,mob,realme,realme,,lafa,GT 8 Pro,Dream Edition,realme_global_en
RMX1805,mob,realme,realme,,,C1,,realme_global_en
RMX1941,mob,realme,realme,,,C2,,realme_global_en
RMX1942,mob,realme,realme,,,C2,,realme_global_en
RMX1943,mob,realme,realme,,,C2,,realme_global_en
RMX1945,mob,realme,realme,,,C2,,realme_global_en
RMX1946,mob,realme,realme,,,C2,,realme_global_en
RMX2020,mob,realme,realme,,monet,C3,Global,realme_global_en
RMX2021,mob,realme,realme,,monet,C3,Global,realme_global_en
RMX2022,mob,realme,realme,,monet,C3,Global,realme_global_en
RMX2027,mob,realme,realme,,monet,C3,India,realme_global_en
RMX2027,mob,realme,realme,,monet,C3i,Vietnam,realme_global_en
RMX2185,mob,realme,realme,,,C11,,realme_global_en
RMX2186,mob,realme,realme,,,C11,,realme_global_en
RMX3231,mob,realme,realme,,,C11 2021,,realme_global_en
RMX2184,mob,realme,realme,,,C12,,realme_global_en
RMX2189,mob,realme,realme,,,C12,,realme_global_en
RMX2180,mob,realme,realme,,,C15,,realme_global_en
RMX2181,mob,realme,realme,,,C15,,realme_global_en
RMX2183,mob,realme,realme,,,C15,,realme_global_en
RMX2195,mob,realme,realme,,,C15 Qualcomm Edition,,realme_global_en
RMX2101,mob,realme,realme,,,C17,,realme_global_en
RMX3061,mob,realme,realme,,,C20,,realme_global_en
RMX3063,mob,realme,realme,,,C20,,realme_global_en
RMX3201,mob,realme,realme,,,C21,,realme_global_en
RMX3202,mob,realme,realme,,,C21,,realme_global_en
RMX3203,mob,realme,realme,,,C21,,realme_global_en
RMX3261,mob,realme,realme,,,C21Y,,realme_global_en
RMX3262,mob,realme,realme,,,C21Y,,realme_global_en
RMX3263,mob,realme,realme,,,C21Y,,realme_global_en
RMX3191,mob,realme,realme,,even,C25,,realme_global_en
RMX3193,mob,realme,realme,,even,C25,,realme_global_en
RMX3195,mob,realme,realme,,even,C25s,,realme_global_en
RMX3197,mob,realme,realme,,even,C25s,,realme_global_en
RMX3265,mob,realme,realme,,,C25Y,,realme_global_en
RMX3269,mob,realme,realme,,,C25Y,,realme_global_en
RMX3581,mob,realme,realme,,nico-c,C30,,realme_global_en
RMX3623,mob,realme,realme,,nico-c,C30,,realme_global_en
RMX3690,mob,realme,realme,,milan,C30s,,realme_global_en
RMX3501,mob,realme,realme,,nico-a,C31,,realme_global_en
RMX3502,mob,realme,realme,,nico-a,C31,,realme_global_en
RMX3503,mob,realme,realme,,nico-a,C31,,realme_global_en
RMX3624,mob,realme,realme,,beidou-b,C33,,realme_global_en
RMX3627,mob,realme,realme,,beidou-e,C33 2023,,realme_global_en
RMX3511,mob,realme,realme,,nicky,C35,,realme_global_en
RMX3512,mob,realme,realme,,nicky,C35,,realme_global_en
RMX3513,mob,realme,realme,,nicky,C35,,realme_global_en
RMX3830,mob,realme,realme,,hulk,C51,,realme_global_en
RMX3765,mob,realme,realme,,hulk-m,C51s,,realme_global_en
RMX3760,mob,realme,realme,,hulk-b,C53,Global,realme_global_en
RMX3762,mob,realme,realme,,hulk-d,C53,India,realme_global_en
RMX3710,mob,realme,realme,,miami-b,C55,,realme_global_en
RMX3834,mob,realme,realme,,hulk-k,C60,,realme_global_en
RMX3930,mob,realme,realme,,latte,C61,Global,realme_global_en
RMX3939,mob,realme,realme,,latte-h,C61,Global,realme_global_en
RMX3933,mob,realme,realme,,latte-a,C61,India,realme_global_en
RMX3939,mob,realme,realme,,latte-b,C63,,realme_global_en
RMX3950,mob,realme,realme,,barley-d,C63 5G,,realme_global_en
RMX3910,mob,realme,realme,,ark,C65,,realme_global_en
RMX3997,mob,realme,realme,,barley-e,C65 5G,,realme_global_en
RMX3939,mob,realme,realme,,latte-b,C65s,,realme_global_en
RMX3890,mob,realme,realme,,zoe,C67,,realme_global_en
RMX3782,mob,realme,realme,,chongqing,C67 5G,,realme_global_en
RMX5303,mob,realme,realme,,dhaka,C71,,realme_global_en
RMX3945,mob,realme,realme,,rado-c,C73,5G,realme_global_en
RMX3941,mob,realme,realme,,oris-c,C75,,realme_global_en
RMX3943,mob,realme,realme,,rado,C75 5G,India,realme_global_en
RMX3963,mob,realme,realme,,rado,C75 5G,Global,realme_global_en
RMX5020,mob,realme,realme,,oris-a,C75x,,realme_global_en
RMX5256,mob,realme,realme,,mumbai,C83,5G,realme_global_en
RMX5566,mob,realme,realme,,moscow-b,C85,,realme_global_en
RMX5253,mob,realme,realme,,mumbai,C85 5G,,realme_global_en
RMX5555,mob,realme,realme,,moscow-a,C85 Pro,,realme_global_en
RMX5353,mob,realme,realme,,madrid,C100,,realme_global_en
RMX5258,mob,realme,realme,,mumbai-d,C100 5G,,realme_global_en
RMX5377,mob,realme,realme,,nairobi-a,C100i,,realme_global_en
RMX5366,mob,realme,realme,,nairobi,C100x,,realme_global_en
RMX3834,mob,realme,realme,,hulk-k,Note 50,,realme_global_en
RMX3933,mob,realme,realme,,latte-a,Note 60,,realme_global_en
RMX3933,mob,realme,realme,,latte-a,Note 60s,,realme_global_en
RMX3938,mob,realme,realme,,latte-k,Note 60x,,realme_global_en
RMX5313,mob,realme,realme,,latte-t,Note 70,,realme_global_en
RMX5313,mob,realme,realme,,latte-t,Note 70T,,realme_global_en
RMX5313,mob,realme,realme,,latte-t,Note 70s,,realme_global_en
RMX5388,mob,realme,realme,,latte-m,Note 80,,realme_global_en
RMX5388,mob,realme,realme,,latte-m,Note 80s,,realme_global_en
RMX1831,mob,realme,realme,,,U1,,realme_global_en
RMX1833,mob,realme,realme,,,U1,,realme_global_en
RMX3870,mob,realme,realme,,tacoo-c,P1,5G,realme_global_en
RMX3844,mob,realme,realme,,coffee-a,P1 Pro,5G,realme_global_en
RMX5004,mob,realme,realme,,casio,P1 Speed,5G,realme_global_en
RMX3987,mob,realme,realme,,amber-x,P2 Pro,5G,realme_global_en
RMX5070,mob,realme,realme,,dongfeng,P3,5G,realme_global_en
RMX5079,mob,realme,realme,,dongfeng,P3,5G,realme_global_en
RMX3944,mob,realme,realme,,rado-f,P3x,5G,realme_global_en
RMX5032,mob,realme,realme,,piaget-p,P3 Pro,5G,realme_global_en
RMX5030,mob,realme,realme,,yamaha,P3 Ultra,5G,realme_global_en
RMX5031,mob,realme,realme,,yamaha,P3 Ultra,5G,realme_global_en
RMX5300,mob,realme,realme,,dhaka-a,P3 Lite,,realme_global_en
RMX3943,mob,realme,realme,,rado,P3 Lite 5G,,realme_global_en
RMX5555,mob,realme,realme,,moscow-a,P4,,realme_global_en
RMX5110,mob,realme,realme,,casio-p,P4 5G,,realme_global_en
RMX5116,mob,realme,realme,,neutron-p,P4 Pro,5G,realme_global_en
RMX5367,mob,realme,realme,,nairobi-p,P4x,,realme_global_en
RMX5108,mob,realme,realme,,suzuki,P4x 5G,,realme_global_en
RMX5107,mob,realme,realme,,casio-m,P4 Power,5G,realme_global_en
RMX5313,mob,realme,realme,,latte-t,P4 Lite,,realme_global_en
RMX5261,mob,realme,realme,,mumbai-c2,P4 Lite 5G,,realme_global_en
RMX5266,mob,realme,realme,,,P4R 5G,,realme_global_en
RMX2002,mob,realme,realme,,nemo,Narzo,Indonesia,realme_global_en
RMX2040,mob,realme,realme,,,Narzo 10,India,realme_global_en
RMX2020,mob,realme,realme,,,Narzo 10A,India,realme_global_en
RMX2191,mob,realme,realme,,,Narzo 20,Global,realme_global_en
RMX2193,mob,realme,realme,,,Narzo 20,India,realme_global_en
RMX2161,mob,realme,realme,,salaa,Narzo 20 Pro,India,realme_global_en
RMX2163,mob,realme,realme,,salaa,Narzo 20 Pro,Global,realme_global_en
RMX2050,mob,realme,realme,,,Narzo 20A,,realme_global_en
RMX2156,mob,realme,realme,,salaa,Narzo 30,,realme_global_en
RMX3242,mob,realme,realme,,,Narzo 30 5G,,realme_global_en
RMX2117,mob,realme,realme,,,Narzo 30 Pro,5G,realme_global_en
RMX3171,mob,realme,realme,,,Narzo 30A,,realme_global_en
RMX3286,mob,realme,realme,,spaced,Narzo 50,,realme_global_en
RMX3571,mob,realme,realme,,alice,Narzo 50 5G,India,realme_global_en
RMX3572,mob,realme,realme,,alice,Narzo 50 5G,Global,realme_global_en
RMX3395,mob,realme,realme,,moss,Narzo 50 Pro,5G India,realme_global_en
RMX3396,mob,realme,realme,,moss,Narzo 50 Pro,5G Global,realme_global_en
RMX3430,mob,realme,realme,,even,Narzo 50A,,realme_global_en
RMX3516,mob,realme,realme,,nicky-a,Narzo 50A Prime,,realme_global_en
RMX3517,mob,realme,realme,,nicky-a,Narzo 50A Prime,,realme_global_en
RMX3231,mob,realme,realme,,,Narzo 50i,India,realme_global_en
RMX3235,mob,realme,realme,,,Narzo 50i,Global,realme_global_en
RMX3506,mob,realme,realme,,nico-b,Narzo 50i Prime,,realme_global_en
RMX3761,mob,realme,realme,,hulk-c,Narzo N53,,realme_global_en
RMX3710,mob,realme,realme,,miami-b,Narzo N55,,realme_global_en
RMX3750,mob,realme,realme,,hawaii,Narzo 60,5G,realme_global_en
RMX3771,mob,realme,realme,,chengdu-b,Narzo 60 Pro,5G,realme_global_en
RMX3782,mob,realme,realme,,chongqing,Narzo 60x,5G,realme_global_en
RMX3933,mob,realme,realme,,latte-a,NARZO N61,,realme_global_en
RMX3939,mob,realme,realme,,latte-c,NARZO N63,,realme_global_en
RMX3997,mob,realme,realme,,barley-e,NARZO N65,5G,realme_global_en
RMX3869,mob,realme,realme,,tacoo-b,NARZO 70,5G,realme_global_en
RMX3868,mob,realme,realme,,tacoo,NARZO 70 Pro,5G,realme_global_en
RMX3998,mob,realme,realme,,,NARZO 70x,5G,realme_global_en
RMX5003,mob,realme,realme,,casio,NARZO 70 Turbo,5G,realme_global_en
RMX5033,mob,realme,realme,,casio-x,NARZO 80 Pro,5G,realme_global_en
RMX3944,mob,realme,realme,,rado-f,NARZO 80x,5G,realme_global_en
RMX5313,mob,realme,realme,,latte-t,NARZO 80 Lite,,realme_global_en
RMX3945,mob,realme,realme,,rado-c,NARZO 80 Lite 5G,,realme_global_en
RMX5111,mob,realme,realme,,chopard-a,NARZO 90,5G,realme_global_en
RMX5264,mob,realme,realme,,mumbai,NARZO 90x,5G,realme_global_en
RMX5107,mob,realme,realme,,casio-m,NARZO Power,5G,realme_global_en
RMX5261,mob,realme,realme,,mumbai-c2,NARZO 100 Lite,5G,realme_global_en
RMP2102,pad,realme,realme,,,Pad,LTE,realme_global_en
RMP2103,pad,realme,realme,,,Pad,Wi-Fi,realme_global_en
RMP2105,pad,realme,realme,,freya,Pad mini,LTE,realme_global_en
RMP2106,pad,realme,realme,,freya,Pad mini,Wi-Fi,realme_global_en
RMP2107,pad,realme,realme,,tyr,Pad X,5G,realme_global_en
RMP2108,pad,realme,realme,,tyr,Pad X,Wi-Fi,realme_global_en
RMP2204,pad,realme,realme,,sonic,Pad 2,LTE,realme_global_en
RMP2205,pad,realme,realme,,sonic,Pad 2,Wi-Fi,realme_global_en
RMP2402,pad,realme,realme,,sonic-s,Pad 2 Lite,,realme_global_en
RMP2501,pad,realme,realme,,chrome,Pad 3,5G,realme_global_en
RMP2502,pad,realme,realme,,chrome,Pad 3,Wi-Fi,realme_global_en
GT-I9000,mob,samsung,三星,,,Galaxy S,公开版,samsung_cn
GT-I9008,mob,samsung,三星,,,Galaxy S,移动定制版,samsung_cn
GT-I9008L,mob,samsung,三星,,,Galaxy S,移动定制版,samsung_cn
GT-I9018,mob,samsung,三星,,,Galaxy S,移动定制版,samsung_cn
SCH-i909,mob,samsung,三星,,,Galaxy S,电信定制版,samsung_cn
GT-I9100,mob,samsung,三星,,,Galaxy S2,Exynos,samsung_cn
GT-I9100G,mob,samsung,三星,,,Galaxy S2,德州仪器,samsung_cn
GT-I9108,mob,samsung,三星,,,Galaxy S2,移动定制版,samsung_cn
SCH-I919,mob,samsung,三星,,,Galaxy S Duos,电信定制版,samsung_cn
GT-I9300,mob,samsung,三星,,m0,Galaxy S3,公开版,samsung_cn
GT-I9308,mob,samsung,三星,,m0cmcc,Galaxy S3,移动定制版,samsung_cn
SCH-I939,mob,samsung,三星,,m0ctc,Galaxy S3,电信定制版,samsung_cn
SCH-I939D,mob,samsung,三星,,m0ctcduos,Galaxy S3,电信双卡定制版,samsung_cn
GT-I9300I,mob,samsung,三星,,s3ve3g,Galaxy S3 Neo+,公开版,samsung_cn
GT-I9308I,mob,samsung,三星,,s3ve3g,Galaxy S3 Neo+,移动定制版,samsung_cn
SCH-I939I,mob,samsung,三星,,s3ve3g,Galaxy S3 Neo+,电信定制版,samsung_cn
GT-I8190N,mob,samsung,三星,,golden,Galaxy S3 Mini,,samsung_cn
GT-I9500,mob,samsung,三星,,ja3g,Galaxy S4,公开版,samsung_cn
GT-I9502,mob,samsung,三星,,ja3gchnduos,Galaxy S4,联通定制版,samsung_cn
GT-I9508,mob,samsung,三星,,jflte,Galaxy S4,移动定制版,samsung_cn
SCH-I959,mob,samsung,三星,,ja3gduosctc,Galaxy S4,电信定制版,samsung_cn
GT-I9507V,mob,samsung,三星,,jftdd,Galaxy S4,联通 4G 定制版,samsung_cn
GT-I9508V,mob,samsung,三星,,jsglte,Galaxy S4,移动 4G 定制版,samsung_cn
SM-C101,mob,samsung,三星,,mproject3g,Galaxy S4 Zoom,,samsung_cn
SM-G9009D,mob,samsung,三星,,k3g,Galaxy S5,电信 3G 双卡版,samsung_cn
SM-G9006V,mob,samsung,三星,,klte,Galaxy S5,联通 4G 单卡版,samsung_cn
SM-G9008V,mob,samsung,三星,,klte,Galaxy S5,移动 4G 单卡版,samsung_cn
SM-G9006W,mob,samsung,三星,,klte,Galaxy S5,联通 4G 双卡版,samsung_cn
SM-G9008W,mob,samsung,三星,,klte,Galaxy S5,移动 4G 双卡版,samsung_cn
SM-G9009W,mob,samsung,三星,,klte,Galaxy S5,电信 4G 双卡版,samsung_cn
SM-G9200,mob,samsung,三星,,zerofltechn,Galaxy S6,全网通版,samsung_cn
SM-G9208,mob,samsung,三星,,zerofltechn,Galaxy S6,移动定制版,samsung_cn
SM-G9209,mob,samsung,三星,,zerofltectc,Galaxy S6,电信定制版,samsung_cn
SM-G9250,mob,samsung,三星,,zeroltechn,Galaxy S6 edge,,samsung_cn
SM-G9280,mob,samsung,三星,,zenltechn,Galaxy S6 edge+,,samsung_cn
SM-G9300,mob,samsung,三星,,heroqltechn,Galaxy S7,全网通版,samsung_cn
SM-G9308,mob,samsung,三星,,heroqltechn,Galaxy S7,移动定制版,samsung_cn
SM-G9350,mob,samsung,三星,,hero2qltechn,Galaxy S7 edge,,samsung_cn
SM-G9500,mob,samsung,三星,,dreamqltechn,Galaxy S8,全网通版,samsung_cn
SM-G9508,mob,samsung,三星,,dreamqltecmcc,Galaxy S8,4G+,samsung_cn
SM-G9550,mob,samsung,三星,,dream2qltechn,Galaxy S8+,,samsung_cn
SM-G9600/DS,mob,samsung,三星,,starqltechn,Galaxy S9,全网通版,samsung_cn
SM-G9608/DS,mob,samsung,三星,,starqltecmcc,Galaxy S9,4G+,samsung_cn
SM-G9650/DS,mob,samsung,三星,,star2qltechn,Galaxy S9+,,samsung_cn
SM-G8750,mob,samsung,三星,,dreamliteqltechn,Galaxy S 轻奢版,,samsung_cn
SM-G9700,mob,samsung,三星,,beyond0q,Galaxy S10e,全网通版,samsung_cn
SM-G9708,mob,samsung,三星,,beyond0q,Galaxy S10e,4G+,samsung_cn
SM-G9730,mob,samsung,三星,,beyond1q,Galaxy S10,全网通版,samsung_cn
SM-G9738,mob,samsung,三星,,beyond1q,Galaxy S10,4G+,samsung_cn
SM-G9750,mob,samsung,三星,,beyond2q,Galaxy S10+,全网通版,samsung_cn
SM-G9758,mob,samsung,三星,,beyond2q,Galaxy S10+,4G+,samsung_cn
SM-G9810,mob,samsung,三星,,x1q,Galaxy S20,5G,samsung_cn
SM-G9860,mob,samsung,三星,,y2q,Galaxy S20+,5G,samsung_cn
SM-G9880,mob,samsung,三星,,z3q,Galaxy S20 Ultra,5G,samsung_cn
SM-G7810,mob,samsung,三星,,r8q,Galaxy S20 FE,5G,samsung_cn
SM-G9910,mob,samsung,三星,,o1q,Galaxy S21,5G,samsung_cn
SM-G9960,mob,samsung,三星,,t2q,Galaxy S21+,5G,samsung_cn
SM-G9980,mob,samsung,三星,,p3q,Galaxy S21 Ultra,5G,samsung_cn
SM-G9900,mob,samsung,三星,,r9q,Galaxy S21 FE,5G,samsung_cn
SM-S9010,mob,samsung,三星,,r0q,Galaxy S22,,samsung_cn
SM-S9060,mob,samsung,三星,,g0q,Galaxy S22+,,samsung_cn
SM-S9080,mob,samsung,三星,,b0q,Galaxy S22 Ultra,,samsung_cn
SM-S9110,mob,samsung,三星,,dm1q,Galaxy S23,,samsung_cn
SM-S9160,mob,samsung,三星,,dm2q,Galaxy S23+,,samsung_cn
SM-S9180,mob,samsung,三星,,dm3q,Galaxy S23 Ultra,,samsung_cn
SM-S7110,mob,samsung,三星,,r11q,Galaxy S23 FE,,samsung_cn
SM-S9210,mob,samsung,三星,,e1q,Galaxy S24,,samsung_cn
SM-S9260,mob,samsung,三星,,e2q,Galaxy S24+,,samsung_cn
SM-S9280,mob,samsung,三星,,e3q,Galaxy S24 Ultra,,samsung_cn
SM-S9310,mob,samsung,三星,,pa1q,Galaxy S25,,samsung_cn
SM-S9360,mob,samsung,三星,,pa2q,Galaxy S25+,,samsung_cn
SM-S9370,mob,samsung,三星,,psq,Galaxy S25 Edge,,samsung_cn
SM-S9380,mob,samsung,三星,,pa3q,Galaxy S25 Ultra,,samsung_cn
SM-S9420,mob,samsung,三星,,m1q,Galaxy S26,,samsung_cn
SM-S9470,mob,samsung,三星,,m2q,Galaxy S26+,,samsung_cn
SM-S9480,mob,samsung,三星,,m3q,Galaxy S26 Ultra,,samsung_cn
GT-I9220,mob,samsung,三星,,,Galaxy Note,公开版,samsung_cn
GT-I9228,mob,samsung,三星,,,Galaxy Note,移动定制版,samsung_cn
SCH-I889,mob,samsung,三星,,,Galaxy Note,电信定制版,samsung_cn
GT-N7100,mob,samsung,三星,,t03gchn,Galaxy Note2,公开版,samsung_cn
GT-N7102,mob,samsung,三星,,t03gchnduos,Galaxy Note2,联通定制版,samsung_cn
GT-N7102i,mob,samsung,三星,,t03gchnduos,Galaxy Note2,联通定制版,samsung_cn
GT-N7108,mob,samsung,三星,,t03gcmcc,Galaxy Note2,移动定制版,samsung_cn
GT-N7108D,mob,samsung,三星,,t0ltecmcc,Galaxy Note2,移动 4G 定制版,samsung_cn
SCH-N719,mob,samsung,三星,,t03gctc,Galaxy Note2,电信定制版,samsung_cn
SM-N9002,mob,samsung,三星,,hlte,Galaxy Note3,联通定制版,samsung_cn
SM-N9006,mob,samsung,三星,,hlte,Galaxy Note3,公开版,samsung_cn
SM-N9008,mob,samsung,三星,,hlte,Galaxy Note3,移动定制版,samsung_cn
SM-N9008V,mob,samsung,三星,,hlte,Galaxy Note3,移动 4G 定制版,samsung_cn
SM-N9008S,mob,samsung,三星,,hlte,Galaxy Note3,4G 公开版,samsung_cn
SM-N9009,mob,samsung,三星,,hlte,Galaxy Note3,电信定制版,samsung_cn
SM-N7506V,mob,samsung,三星,,hllte,Galaxy Note3 Lite,联通定制版,samsung_cn
SM-N7508V,mob,samsung,三星,,hllte,Galaxy Note3 Lite,移动定制版,samsung_cn
SM-N7509V,mob,samsung,三星,,hllte,Galaxy Note3 Lite,电信定制版,samsung_cn
SM-N9100,mob,samsung,三星,,trltechn,Galaxy Note4,公开版,samsung_cn
SM-N9106W,mob,samsung,三星,,trltechn,Galaxy Note4,联通定制版,samsung_cn
SM-N9108V,mob,samsung,三星,,trltechn,Galaxy Note4,移动定制版,samsung_cn
SM-N9109W,mob,samsung,三星,,trltechn,Galaxy Note4,电信定制版,samsung_cn
SM-N9150,mob,samsung,三星,,tbltechn,Galaxy Note Edge,,samsung_cn
SM-N9200,mob,samsung,三星,,nobleltechn,Galaxy Note5,全网通版,samsung_cn
SM-N9208,mob,samsung,三星,,nobleltecmcc,Galaxy Note5,移动定制版,samsung_cn
SM-N9300,mob,samsung,三星,,graceqltechn,Galaxy Note7,,samsung_cn
SM-N9500,mob,samsung,三星,,greatqltechn,Galaxy Note8,全网通版,samsung_cn
SM-N9508,mob,samsung,三星,,greatqltecmcc,Galaxy Note8,4G+,samsung_cn
SM-N9600,mob,samsung,三星,,crownqltechn,Galaxy Note9,全网通版,samsung_cn
SM-N9608,mob,samsung,三星,,crownqltecmcc,Galaxy Note9,4G+,samsung_cn
SM-N9700,mob,samsung,三星,,d1q,Galaxy Note10,,samsung_cn
SM-N9760,mob,samsung,三星,,d2xq,Galaxy Note10+,5G,samsung_cn
SM-N9810,mob,samsung,三星,,c1q,Galaxy Note20,5G,samsung_cn
SM-N9860,mob,samsung,三星,,c2q,Galaxy Note20 Ultra,5G,samsung_cn
SM-F9000,mob,samsung,三星,,winner,Galaxy Fold,,samsung_cn
SM-F9160,mob,samsung,三星,,f2q,Galaxy Z Fold2,5G,samsung_cn
SM-F9260,mob,samsung,三星,,q2q,Galaxy Z Fold3,5G,samsung_cn
SM-F9360,mob,samsung,三星,,q4q,Galaxy Z Fold4,,samsung_cn
SM-F9460,mob,samsung,三星,,q5q,Galaxy Z Fold5,,samsung_cn
SM-F9560,mob,samsung,三星,,q6q,Galaxy Z Fold6,,samsung_cn
SM-F9660,mob,samsung,三星,,q7q,Galaxy Z Fold7,,samsung_cn
SM-F9680,mob,samsung,三星,,q7mq,Galaxy Z TriFold,,samsung_cn
SM-F9710,mob,samsung,三星,,h8q,Galaxy Z Fold8,,samsung_cn
SM-F9760,mob,samsung,三星,,q8q,Galaxy Z Fold8 Ultra,,samsung_cn
SM-F7000,mob,samsung,三星,,bloomq,Galaxy Z Flip,,samsung_cn
SM-F7070,mob,samsung,三星,,bloomxq,Galaxy Z Flip 5G,,samsung_cn
SM-F7110,mob,samsung,三星,,b2q,Galaxy Z Flip3,5G,samsung_cn
SM-F7210,mob,samsung,三星,,b4q,Galaxy Z Flip4,,samsung_cn
SM-F7310,mob,samsung,三星,,b5q,Galaxy Z Flip5,,samsung_cn
SM-F7410,mob,samsung,三星,,b6q,Galaxy Z Flip6,,samsung_cn
SM-F7660,mob,samsung,三星,,b7s,Galaxy Z Flip7,,samsung_cn
SM-F7610,mob,samsung,三星,,b7r,Galaxy Z Flip7 FE,,samsung_cn
SM-F7760,mob,samsung,三星,,b8q,Galaxy Z Flip8,,samsung_cn
SM-A3000,mob,samsung,三星,,a3ltechn,Galaxy A3,公开版,samsung_cn
SM-A3009,mob,samsung,三星,,a3ltectc,Galaxy A3,电信定制版,samsung_cn
SM-A5000,mob,samsung,三星,,a5ltechn,Galaxy A5,公开版,samsung_cn
SM-A5009,mob,samsung,三星,,a5ltectc,Galaxy A5,电信定制版,samsung_cn
SM-A7000,mob,samsung,三星,,a7ltechn,Galaxy A7,公开版,samsung_cn
SM-A7009,mob,samsung,三星,,a7ltectc,Galaxy A7,电信定制版,samsung_cn
SM-A8000,mob,samsung,三星,,a8ltechn,Galaxy A8,,samsung_cn
SM-A5100,mob,samsung,三星,,a5xltechn,Galaxy A5 (2016),全网通版,samsung_cn
SM-A5108,mob,samsung,三星,,a5xeltecmcc,Galaxy A5 (2016),移动定制疾速版,samsung_cn
SM-A7100,mob,samsung,三星,,a7xltechn,Galaxy A7 (2016),全网通版,samsung_cn
SM-A7108,mob,samsung,三星,,a7xeltecmcc,Galaxy A7 (2016),移动定制疾速版,samsung_cn
SM-A9000,mob,samsung,三星,,a9xltechn,Galaxy A9 (2016),,samsung_cn
SM-A9100,mob,samsung,三星,,a9xproltechn,Galaxy A9 高配版 (2016),,samsung_cn
SM-G8850,mob,samsung,三星,,astarqltechn,Galaxy A9 Star,全网通版,samsung_cn
SM-G8858,mob,samsung,三星,,astarqltecmcc,Galaxy A9 Star,4G+,samsung_cn
SM-A6050,mob,samsung,三星,,a6pltechn,Galaxy A9 Star Lite,全网通版,samsung_cn
SM-A6058,mob,samsung,三星,,a6pltecmcc,Galaxy A9 Star Lite,4G+,samsung_cn
SM-G6200,mob,samsung,三星,,phoenix,Galaxy A6s,,samsung_cn
SM-G8870,mob,samsung,三星,,a8sqltechn,Galaxy A8s,,samsung_cn
SM-A9200,mob,samsung,三星,,a9y18qltechn,Galaxy A9s,,samsung_cn
SM-A2070,mob,samsung,三星,,a20s,Galaxy A20s,,samsung_cn
SM-A3050,mob,samsung,三星,,a30c,Galaxy A40s,全网通版,samsung_cn
SM-A3058,mob,samsung,三星,,a30c,Galaxy A40s,4G+,samsung_cn
SM-A5070,mob,samsung,三星,,a50s,Galaxy A50s,,samsung_cn
SM-A6060,mob,samsung,三星,,a60q,Galaxy A60,,samsung_cn
SM-A7050,mob,samsung,三星,,a70q,Galaxy A70,,samsung_cn
SM-A7070,mob,samsung,三星,,a70s,Galaxy A70s,,samsung_cn
SM-A8050,mob,samsung,三星,,r1q,Galaxy A80,,samsung_cn
SM-A9080,mob,samsung,三星,,r3q,Galaxy A90 5G,,samsung_cn
SM-A5160,mob,samsung,三星,,a51x,Galaxy A51 5G,,samsung_cn
SM-A7160,mob,samsung,三星,,a71x,Galaxy A71 5G,,samsung_cn
SM-A5260,mob,samsung,三星,,a52xq,Galaxy A52 5G,,samsung_cn
SM-A5360,mob,samsung,三星,,a53x,Galaxy A53 5G,,samsung_cn
SM-A5460,mob,samsung,三星,,a54x,Galaxy A54 5G,,samsung_cn
SM-A5560,mob,samsung,三星,,a55x,Galaxy A55 5G,,samsung_cn
SM-A5660,mob,samsung,三星,,a56x,Galaxy A56 5G,,samsung_cn
SM-A5760,mob,samsung,三星,,a57x,Galaxy A57 5G,,samsung_cn
SM-E5260,mob,samsung,三星,,f52x,Galaxy F52 5G,,samsung_cn
SM-M3070,mob,samsung,三星,,m30s,Galaxy M30s,,samsung_cn
SM-C5000,mob,samsung,三星,,c5ltechn,Galaxy C5,,samsung_cn
SM-C5010,mob,samsung,三星,,c5proltechn,Galaxy C5 Pro,全网通版,samsung_cn
SM-C5018,mob,samsung,三星,,c5proltechn,Galaxy C5 Pro,4G+,samsung_cn
SM-C7000,mob,samsung,三星,,c7ltechn,Galaxy C7,,samsung_cn
SM-C7010,mob,samsung,三星,,c7proltechn,Galaxy C7 Pro,全网通版,samsung_cn
SM-C7018,mob,samsung,三星,,c7proltechn,Galaxy C7 Pro,4G+,samsung_cn
SM-C7100,mob,samsung,三星,,jadeltechn,Galaxy C8,全网通版,samsung_cn
SM-C7108,mob,samsung,三星,,jadeltecmcc,Galaxy C8,4G+,samsung_cn
SM-C9000,mob,samsung,三星,,c9ltechn,Galaxy C9 Pro,全网通版,samsung_cn
SM-C9008,mob,samsung,三星,,c9ltechn,Galaxy C9 Pro,4G+,samsung_cn
SM-C5560,mob,samsung,三星,,m55xq,Galaxy C55,5G,samsung_cn
SM-J3109,mob,samsung,三星,,j3ltectc,Galaxy J3,电信定制版,samsung_cn
SM-J5008,mob,samsung,三星,,j5ltechn,Galaxy J5,移动定制版,samsung_cn
SM-J7008,mob,samsung,三星,,j7ltechn,Galaxy J7,移动定制版,samsung_cn
SM-J3110,mob,samsung,三星,,j3xproltechn,Galaxy J3 Pro,公开版,samsung_cn
SM-J3119,mob,samsung,三星,,j3xproltectc,Galaxy J3 Pro,电信定制版,samsung_cn
SM-J3119S,mob,samsung,三星,,j3xpro6mltechn,Galaxy J3 Pro 增强版,电信定制版,samsung_cn
SM-J5108,mob,samsung,三星,,j5xltecmcc,Galaxy J5 (2016),移动定制版,samsung_cn
SM-J7108,mob,samsung,三星,,j7xeltecmcc,Galaxy J7 (2016),移动定制版,samsung_cn
SM-J7109,mob,samsung,三星,,j7xeltectc,Galaxy J7 (2016),电信定制版,samsung_cn
SM-J3300,mob,samsung,三星,,j3y17qltecmcc,Galaxy J3 (2017),全网通版,samsung_cn
SM-J3308,mob,samsung,三星,,j3y17qltecmcc,Galaxy J3 (2017),4G+,samsung_cn
SM-G5500,mob,samsung,三星,,o5ltechn,Galaxy On5,,samsung_cn
SM-G6000,mob,samsung,三星,,o7ltechn,Galaxy On7,,samsung_cn
SM-G5700,mob,samsung,三星,,on5xltechn,Galaxy On5 (2016),全网通版,samsung_cn
SM-G5510,mob,samsung,三星,,on5xlltechn,Galaxy On5 (2016) 青春版,全网通版,samsung_cn
SM-G5520,mob,samsung,三星,,on5xfltechn,Galaxy On5 (2016) 时尚版,全网通版,samsung_cn
SM-G5528,mob,samsung,三星,,on5xfltechn,Galaxy On5 (2016) 时尚版,移动定制版,samsung_cn
SM-G6100,mob,samsung,三星,,on7xltechn,Galaxy On7 (2016),,samsung_cn
SCH-W699,mob,samsung,三星,,,三星 W699,,samsung_cn
SCH-W799,mob,samsung,三星,,,三星 W799,,samsung_cn
SCH-W899,mob,samsung,三星,,,三星 W899,,samsung_cn
SCH-W999,mob,samsung,三星,,,三星 W999,,samsung_cn
SCH-W2013,mob,samsung,三星,,m0grandectc,三星 W2013,,samsung_cn
SM-W2014,mob,samsung,三星,,montblanc3gctc,三星 W2014,,samsung_cn
SM-W2015,mob,samsung,三星,,pateklte,三星 W2015,,samsung_cn
SM-W2016,mob,samsung,三星,,royceltectc,三星 W2016,,samsung_cn
SM-W2017,mob,samsung,三星,,veyronltectc,三星 W2017,,samsung_cn
SM-W2018,mob,samsung,三星,,kellyltechn,三星 W2018,,samsung_cn
SM-W2019,mob,samsung,三星,,lykanlte,三星 W2019,,samsung_cn
SM-W2020,mob,samsung,三星,,zodiac,三星 W20,5G,samsung_cn
SM-W2021,mob,samsung,三星,,victory,三星 W21,5G,samsung_cn
SM-W2022,mob,samsung,三星,,v2q,三星 W22,5G,samsung_cn
SM-W9023,mob,samsung,三星,,v4q,三星 W23,,samsung_cn
SM-W7023,mob,samsung,三星,,e4q,三星 W23 Flip,,samsung_cn
SM-W9024,mob,samsung,三星,,v5q,三星 W24,,samsung_cn
SM-W7024,mob,samsung,三星,,e5q,三星 W24 Flip,,samsung_cn
SM-W9025,mob,samsung,三星,,q6aq,三星 W25,,samsung_cn
SM-W7025,mob,samsung,三星,,b6q,三星 W25 Flip,,samsung_cn
SM-W9026,mob,samsung,三星,,q7q,三星 W26,,samsung_cn
SM-G1600,mob,samsung,三星,,eliteltechn,Galaxy Folder,,samsung_cn
SM-G1650,mob,samsung,三星,,elitexltechn,Galaxy Folder 2,,samsung_cn
SM-G8508S,mob,samsung,三星,,sltechn,Galaxy Alpha,,samsung_cn
SM-E7000,mob,samsung,三星,,e7ltechn,Galaxy E7,公开版,samsung_cn
SM-E7009,mob,samsung,三星,,e7ltectc,Galaxy E7,电信定制版,samsung_cn
SM-T700,mob,samsung,三星,,klimtwifi,Galaxy Tab S 8.4,WLAN,samsung_cn
SM-T705C,mob,samsung,三星,,klimtlte,Galaxy Tab S 8.4,LTE,samsung_cn
SM-T800,mob,samsung,三星,,chagallwifi,Galaxy Tab S 10.5,WLAN,samsung_cn
SM-T805C,mob,samsung,三星,,chagalllte,Galaxy Tab S 10.5,LTE,samsung_cn
SM-T710,mob,samsung,三星,,gts28wifichn,Galaxy Tab S2 8.0,WLAN (Exynos),samsung_cn
SM-T715C,mob,samsung,三星,,gts28ltechn,Galaxy Tab S2 8.0,LTE (Exynos),samsung_cn
SM-T713,mob,samsung,三星,,gts28vewifichn,Galaxy Tab S2 8.0,WLAN (高通),samsung_cn
SM-T719C,mob,samsung,三星,,gts28veltechn,Galaxy Tab S2 8.0,LTE (高通),samsung_cn
SM-T810,mob,samsung,三星,,gts210wifichn,Galaxy Tab S2 9.7,WLAN (Exynos),samsung_cn
SM-T815C,mob,samsung,三星,,gts210ltechn,Galaxy Tab S2 9.7,LTE (Exynos),samsung_cn
SM-T813,mob,samsung,三星,,gts210vewifichn,Galaxy Tab S2 9.7,WLAN (高通),samsung_cn
SM-T819C,mob,samsung,三星,,gts210veltechn,Galaxy Tab S2 9.7,LTE (高通),samsung_cn
SM-T820,mob,samsung,三星,,gts3lwifichn,Galaxy Tab S3,WLAN,samsung_cn
SM-T825C,mob,samsung,三星,,gts3lltechn,Galaxy Tab S3,LTE,samsung_cn
SM-T830,mob,samsung,三星,,gts4lwifichn,Galaxy Tab S4,WLAN,samsung_cn
SM-T835C,mob,samsung,三星,,gts4lltechn,Galaxy Tab S4,LTE,samsung_cn
SM-T720,mob,samsung,三星,,gts4lvwifichn,Galaxy Tab S5e,WLAN,samsung_cn
SM-T725C,mob,samsung,三星,,gts4lv,Galaxy Tab S5e,LTE,samsung_cn
SM-T860,mob,samsung,三星,,gts6lwifi,Galaxy Tab S6,WLAN,samsung_cn
SM-P610,mob,samsung,三星,,gta4xlwifi,Galaxy Tab S6 Lite,WLAN,samsung_cn
SM-P615C,mob,samsung,三星,,gta4xl,Galaxy Tab S6 Lite,LTE,samsung_cn
SM-T870,mob,samsung,三星,,gts7lwifi,Galaxy Tab S7,WLAN,samsung_cn
SM-T970,mob,samsung,三星,,gts7xlwifi,Galaxy Tab S7+,WLAN,samsung_cn
SM-T730,mob,samsung,三星,,gts7xllitewifi,Galaxy Tab S7 FE,WLAN (骁龙 750G),samsung_cn
SM-T733,mob,samsung,三星,,gts7fewifi,Galaxy Tab S7 FE,WLAN (骁龙 778G),samsung_cn
SM-T735C,mob,samsung,三星,,gts7xllite,Galaxy Tab S7 FE,LTE,samsung_cn
SM-X700,mob,samsung,三星,,gts8wifi,Galaxy Tab S8,WLAN,samsung_cn
SM-X706C,mob,samsung,三星,,gts8,Galaxy Tab S8,5G,samsung_cn
SM-X800,mob,samsung,三星,,gts8pwifi,Galaxy Tab S8+,WLAN,samsung_cn
SM-X806C,mob,samsung,三星,,gts8p,Galaxy Tab S8+,5G,samsung_cn
SM-X900,mob,samsung,三星,,gts8uwifi,Galaxy Tab S8 Ultra,WLAN,samsung_cn
SM-X906C,mob,samsung,三星,,gts8u,Galaxy Tab S8 Ultra,5G,samsung_cn
SM-X710,mob,samsung,三星,,gts9wifi,Galaxy Tab S9,WLAN,samsung_cn
SM-X810,mob,samsung,三星,,gts9pwifi,Galaxy Tab S9+,WLAN,samsung_cn
SM-X910,mob,samsung,三星,,gts9uwifi,Galaxy Tab S9 Ultra,WLAN,samsung_cn
SM-X916C,mob,samsung,三星,,gts9u,Galaxy Tab S9 Ultra,5G,samsung_cn
SM-X510,mob,samsung,三星,,gts9fewifi,Galaxy Tab S9 FE,WLAN,samsung_cn
SM-X516C,mob,samsung,三星,,gts9fe,Galaxy Tab S9 FE,5G,samsung_cn
SM-X610,mob,samsung,三星,,gts9fepwifi,Galaxy Tab S9 FE+,WLAN,samsung_cn
SM-X616C,mob,samsung,三星,,gts9fep,Galaxy Tab S9 FE+,5G,samsung_cn
SM-X820,mob,samsung,三星,,gts10pwifi,Galaxy Tab S10+,WLAN,samsung_cn
SM-X920,mob,samsung,三星,,gts10uwifi,Galaxy Tab S10 Ultra,WLAN,samsung_cn
SM-X926C,mob,samsung,三星,,gts10u,Galaxy Tab S10 Ultra,5G,samsung_cn
SM-X520,mob,samsung,三星,,gts10fewifi,Galaxy Tab S10 FE,WLAN,samsung_cn
SM-X526C,mob,samsung,三星,,gts10fe,Galaxy Tab S10 FE,5G,samsung_cn
SM-X620,mob,samsung,三星,,gts10fepwifi,Galaxy Tab S10 FE+,WLAN,samsung_cn
SM-X626C,mob,samsung,三星,,gts10fep,Galaxy Tab S10 FE+,5G,samsung_cn
SM-X400,mob,samsung,三星,,gts10litewifi,Galaxy Tab S10 Lite,WLAN,samsung_cn
SM-X730,mob,samsung,三星,,gts11wifi,Galaxy Tab S11,WLAN,samsung_cn
SM-X736C,mob,samsung,三星,,gts11,Galaxy Tab S11,5G,samsung_cn
SM-X930,mob,samsung,三星,,gts11uwifi,Galaxy Tab S11 Ultra,WLAN,samsung_cn
SM-X936C,mob,samsung,三星,,gts11u,Galaxy Tab S11 Ultra,5G,samsung_cn
SM-T350,mob,samsung,三星,,gt58wifichn,Galaxy Tab A 8.0,WLAN,samsung_cn
SM-T355C,mob,samsung,三星,,gt58ltechn,Galaxy Tab A 8.0,LTE,samsung_cn
SM-T550,mob,samsung,三星,,gt510wifichn,Galaxy Tab A 8.0,9.7 WLAN,samsung_cn
SM-T555C,mob,samsung,三星,,gt510ltechn,Galaxy Tab A 8.0,9.7 LTE,samsung_cn
SM-T580,mob,samsung,三星,,gtaxlwifichn,Galaxy Tab A (2016),10.1 WLAN,samsung_cn
SM-T585C,mob,samsung,三星,,gtaxlltechn,Galaxy Tab A (2016),10.1 LTE,samsung_cn
SM-P583,mob,samsung,三星,,gtanotexlwifichn,Galaxy Tab A (2016) with S Pen,10.1 WLAN,samsung_cn
SM-P588C,mob,samsung,三星,,gtanotexlltechn,Galaxy Tab A (2016) (S Pen),with S Pen 10.1 LTE,samsung_cn
SM-T380,mob,samsung,三星,,gta2swifichn,Galaxy Tab A (2017),8.0 WLAN,samsung_cn
SM-T385C,mob,samsung,三星,,gta2sltechn,Galaxy Tab A (2017),8.0 LTE,samsung_cn
SM-T590,mob,samsung,三星,,gta2xlwifichn,Galaxy Tab A (2018),10.5 WLAN,samsung_cn
SM-T595C,mob,samsung,三星,,gta2xlltechn,Galaxy Tab A (2018),10.5 LTE,samsung_cn
SM-T290,mob,samsung,三星,,gtowifi,Galaxy Tab A (2019) 8.0,WLAN,samsung_cn
SM-T295C,mob,samsung,三星,,gto,Galaxy Tab A (2019) 8.0,LTE,samsung_cn
SM-T510,mob,samsung,三星,,gta3xlwifi,Galaxy Tab A (2019) 10.1,WLAN,samsung_cn
SM-T500,mob,samsung,三星,,gta4lwifi,Galaxy Tab A7,10.4 WLAN,samsung_cn
SM-T505C,mob,samsung,三星,,gta4l,Galaxy Tab A7,10.4 LTE,samsung_cn
SM-T220,mob,samsung,三星,,gta7litewifi,Galaxy Tab A7 Lite,8.7 WLAN,samsung_cn
SM-T225C,mob,samsung,三星,,gta7lite,Galaxy Tab A7 Lite,8.7 LTE,samsung_cn
SM-X200,mob,samsung,三星,,gta8wifi,Galaxy Tab A8,WLAN,samsung_cn
SM-X205C,mob,samsung,三星,,gta8,Galaxy Tab A8,LTE,samsung_cn
SM-X210,mob,samsung,三星,,gta9pwifi,Galaxy Tab A9+,WLAN,samsung_cn
SM-X216C,mob,samsung,三星,,gta9p,Galaxy Tab A9+,5G,samsung_cn
SM-X230,mob,samsung,三星,,gta11pwifi,Galaxy Tab A11+,WLAN,samsung_cn
SM-X236C,mob,samsung,三星,,gta11p,Galaxy Tab A11+,5H,samsung_cn
SM-T230,mob,samsung,三星,,degaswifi,Galaxy Tab4 7.0,WLAN,samsung_cn
SM-T231,mob,samsung,三星,,degas3g,Galaxy Tab4 7.0,3G,samsung_cn
SM-T239C,mob,samsung,三星,,degasveltechn,Galaxy Tab4 7.0 VE,LTE,samsung_cn
SM-T330,mob,samsung,三星,,milletwifi,Galaxy Tab4 8.0,WLAN,samsung_cn
SM-T331,mob,samsung,三星,,millet3g,Galaxy Tab4 8.0,3G,samsung_cn
SM-T530,mob,samsung,三星,,matissewifi,Galaxy Tab4 10.1,WLAN,samsung_cn
SM-T531,mob,samsung,三星,,matisse3g,Galaxy Tab4 10.1,3G,samsung_cn
SM-T320,mob,samsung,三星,,mondrianwifi,Galaxy Tab PRO 8.4,WLAN,samsung_cn
SM-T321,mob,samsung,三星,,mondrian3g,Galaxy Tab PRO 8.4,3G,samsung_cn
SM-T520,mob,samsung,三星,,picassowifi,Galaxy Tab PRO 10.1,WLAN,samsung_cn
SM-W700,mob,samsung,三星,,,Galaxy TabPro S,WLAN,samsung_cn
SM-R860,watch,samsung,三星,,freshbs,Galaxy Watch4,蓝牙版 40mm,samsung_cn
SM-R870,watch,samsung,三星,,freshbl,Galaxy Watch4,蓝牙版 44mm,samsung_cn
SM-R880,watch,samsung,三星,,wisebs,Galaxy Watch4 Classic,蓝牙版 42mm,samsung_cn
SM-R890,watch,samsung,三星,,wisebl,Galaxy Watch4 Classic,蓝牙版 46mm,samsung_cn
SM-R8950,watch,samsung,三星,,wiseul,Galaxy Watch4 Classic,LTE 46mm,samsung_cn
SM-R900,watch,samsung,三星,,heartbs,Galaxy Watch5,蓝牙版 40mm,samsung_cn
SM-R910,watch,samsung,三星,,heartbl,Galaxy Watch5,蓝牙版 44mm,samsung_cn
SM-R9150,watch,samsung,三星,,heartul,Galaxy Watch5,LTE 44mm,samsung_cn
SM-R920,watch,samsung,三星,,projectxbl,Galaxy Watch5 Pro,蓝牙版 45mm,samsung_cn
SM-R930,watch,samsung,三星,,fresh6bs,Galaxy Watch6,蓝牙版 40mm,samsung_cn
SM-R940,watch,samsung,三星,,fresh6bl,Galaxy Watch6,蓝牙版 44mm,samsung_cn
SM-R9450,watch,samsung,三星,,fresh6ul,Galaxy Watch6,LTE 44mm,samsung_cn
SM-R950,watch,samsung,三星,,wise6bs,Galaxy Watch6 Classic,蓝牙版 43mm,samsung_cn
SM-R960,watch,samsung,三星,,wise6bl,Galaxy Watch6 Classic,蓝牙版 47mm,samsung_cn
SM-R9650,watch,samsung,三星,,wise6ul,Galaxy Watch6 Classic,LTE 47mm,samsung_cn
SM-L300,watch,samsung,三星,,fresh7bs,Galaxy Watch7,蓝牙版 40mm,samsung_cn
SM-L310,watch,samsung,三星,,fresh7bl,Galaxy Watch7,蓝牙版 44mm,samsung_cn
SM-L3150,watch,samsung,三星,,fresh7ul,Galaxy Watch7,LTE 44mm,samsung_cn
SM-L7050,watch,samsung,三星,,projectx2ul,Galaxy Watch Ultra,LTE 47mm,samsung_cn
SM-L320,watch,samsung,三星,,fresh8bs,Galaxy Watch8,蓝牙版 40mm,samsung_cn
SM-L330,watch,samsung,三星,,fresh8bl,Galaxy Watch8,蓝牙版 44mm,samsung_cn
SM-L3350,watch,samsung,三星,,fresh8ul,Galaxy Watch8,LTE 44mm,samsung_cn
SM-L500,watch,samsung,三星,,wise8bs,Galaxy Watch8 Classic,蓝牙版 46mm,samsung_cn
SM-L5050,watch,samsung,三星,,wise8us,Galaxy Watch8 Classic,LTE 46mm,samsung_cn
SM-L340,watch,samsung,三星,,fresh9bs,Galaxy Watch9,蓝牙版 40mm,samsung_cn
SM-L350,watch,samsung,三星,,fresh9bl,Galaxy Watch9,蓝牙版 44mm,samsung_cn
SM-L3550,watch,samsung,三星,,fresh9ul,Galaxy Watch9,LTE 44mm,samsung_cn
SM-L7150,watch,samsung,三星,,projectv2ul,Galaxy Watch Ultra2,LTE 47mm,samsung_cn
SM-G970F,mob,samsung,Samsung,,beyond0,Galaxy S10e,Global,samsung_global_en
SM-G970N,mob,samsung,Samsung,,beyond0,Galaxy S10e,South Korea,samsung_global_en
SM-G970U,mob,samsung,Samsung,,beyond0q,Galaxy S10e,US Carrier,samsung_global_en
SM-G970U1,mob,samsung,Samsung,,beyond0q,Galaxy S10e,US Unlocked,samsung_global_en
SM-G970W,mob,samsung,Samsung,,beyond0q,Galaxy S10e,Canada,samsung_global_en
SM-G9700,mob,samsung,Samsung,,beyond0q,Galaxy S10e,China,samsung_global_en
SM-G9708,mob,samsung,Samsung,,beyond0q,Galaxy S10e,China Mobile,samsung_global_en
SM-G973F,mob,samsung,Samsung,,beyond1,Galaxy S10,Global,samsung_global_en
SM-G973N,mob,samsung,Samsung,,beyond1,Galaxy S10,South Korea,samsung_global_en
SM-G973U,mob,samsung,Samsung,,beyond1q,Galaxy S10,US Carrier,samsung_global_en
SM-G973U1,mob,samsung,Samsung,,beyond1q,Galaxy S10,US Unlocked,samsung_global_en
SM-G973W,mob,samsung,Samsung,,beyond1q,Galaxy S10,Canada,samsung_global_en
SM-G9730,mob,samsung,Samsung,,beyond1q,Galaxy S10,China,samsung_global_en
SM-G9738,mob,samsung,Samsung,,beyond1q,Galaxy S10,China Mobile,samsung_global_en
SM-G973C,mob,samsung,Samsung,,beyond1q,Galaxy S10,Japan (Rakuten Mobile),samsung_global_en
SCV41,mob,samsung,Samsung,,beyond1q,Galaxy S10,Japan (au),samsung_global_en
SC-03L,mob,samsung,Samsung,,beyond1q,Galaxy S10,Japan (NTT Docomo),samsung_global_en
SM-G975F,mob,samsung,Samsung,,beyond2,Galaxy S10+,Global,samsung_global_en
SM-G975N,mob,samsung,Samsung,,beyond2,Galaxy S10+,South Korea,samsung_global_en
SM-G975U,mob,samsung,Samsung,,beyond2q,Galaxy S10+,US Carrier,samsung_global_en
SM-G975U1,mob,samsung,Samsung,,beyond2q,Galaxy S10+,US Unlocked,samsung_global_en
SM-G975W,mob,samsung,Samsung,,beyond2q,Galaxy S10+,Canada,samsung_global_en
SM-G9750,mob,samsung,Samsung,,beyond2q,Galaxy S10+,China,samsung_global_en
SM-G9758,mob,samsung,Samsung,,beyond2q,Galaxy S10+,China Mobile,samsung_global_en
SCV42,mob,samsung,Samsung,,beyond2q,Galaxy S10+,Japan (au),samsung_global_en
SC-04L,mob,samsung,Samsung,,beyond2q,Galaxy S10+,Japan (NTT Docomo),samsung_global_en
SC-05L,mob,samsung,Samsung,,beyond2q,Galaxy S10+,Olympic Games Edition Japan (NTT Docomo),samsung_global_en
SM-G977B,mob,samsung,Samsung,,beyondx,Galaxy S10 5G,Global,samsung_global_en
SM-G977N,mob,samsung,Samsung,,beyondx,Galaxy S10 5G,South Korea,samsung_global_en
SM-G977U,mob,samsung,Samsung,,beyondx,Galaxy S10 5G,US Carrier,samsung_global_en
SM-G977T,mob,samsung,Samsung,,beyondx,Galaxy S10 5G,T-Mobile,samsung_global_en
SM-G977P,mob,samsung,Samsung,,beyondx,Galaxy S10 5G,Sprint,samsung_global_en
SM-G770F,mob,samsung,Samsung,,r5q,Galaxy S10 Lite,Global,samsung_global_en
SM-G770U1,mob,samsung,Samsung,,r5q,Galaxy S10 Lite,US Unlocked,samsung_global_en
SM-G980F,mob,samsung,Samsung,,x1s,Galaxy S20,Global,samsung_global_en
SM-G981B,mob,samsung,Samsung,,x1s,Galaxy S20,5G Global,samsung_global_en
SM-G981U,mob,samsung,Samsung,,x1q,Galaxy S20,5G US Carrier,samsung_global_en
SM-G981U1,mob,samsung,Samsung,,x1q,Galaxy S20,5G US Unlocked,samsung_global_en
SM-G981V,mob,samsung,Samsung,,x1q,Galaxy S20,5G UW Verizon,samsung_global_en
SM-G981W,mob,samsung,Samsung,,x1q,Galaxy S20,5G Canada,samsung_global_en
SM-G9810,mob,samsung,Samsung,,x1q,Galaxy S20,5G China,samsung_global_en
SM-G981N,mob,samsung,Samsung,,x1q,Galaxy S20,5G South Korea,samsung_global_en
SCG01,mob,samsung,Samsung,,x1q,Galaxy S20,5G Japan (au),samsung_global_en
SC-51A,mob,samsung,Samsung,,x1q,Galaxy S20,5G Japan (NTT Docomo),samsung_global_en
SC51Aa,mob,samsung,Samsung,,x1q,Galaxy S20,5G Japan (NTT Docomo),samsung_global_en
SM-G985F,mob,samsung,Samsung,,y2s,Galaxy S20+,Global,samsung_global_en
SM-G986B,mob,samsung,Samsung,,y2s,Galaxy S20+,5G Global,samsung_global_en
SM-G986U,mob,samsung,Samsung,,y2q,Galaxy S20+,5G US Carrier,samsung_global_en
SM-G986U1,mob,samsung,Samsung,,y2q,Galaxy S20+,5G US Unlocked,samsung_global_en
SM-G986W,mob,samsung,Samsung,,y2q,Galaxy S20+,5G Canada,samsung_global_en
SM-G9860,mob,samsung,Samsung,,y2q,Galaxy S20+,5G China,samsung_global_en
SM-G986N,mob,samsung,Samsung,,y2q,Galaxy S20+,5G South Korea,samsung_global_en
SCG02,mob,samsung,Samsung,,y2q,Galaxy S20+,5G Japan (au),samsung_global_en
SC-52A,mob,samsung,Samsung,,y2q,Galaxy S20+,5G Japan (NTT Docomo),samsung_global_en
SM-G988B,mob,samsung,Samsung,,z3s,Galaxy S20 Ultra,5G Global,samsung_global_en
SM-G988U,mob,samsung,Samsung,,z3q,Galaxy S20 Ultra,5G US Carrier,samsung_global_en
SM-G988U1,mob,samsung,Samsung,,z3q,Galaxy S20 Ultra,5G US Unlocked,samsung_global_en
SM-G988W,mob,samsung,Samsung,,z3q,Galaxy S20 Ultra,5G Canada,samsung_global_en
SM-G9880,mob,samsung,Samsung,,z3q,Galaxy S20 Ultra,5G China,samsung_global_en
SM-G988N,mob,samsung,Samsung,,z3q,Galaxy S20 Ultra,5G South Korea,samsung_global_en
SM-G988Q,mob,samsung,Samsung,,z3q,Galaxy S20 Ultra,5G Japan (SIM Free),samsung_global_en
SCG03,mob,samsung,Samsung,,z3q,Galaxy S20 Ultra,5G Japan (au),samsung_global_en
SM-G780F,mob,samsung,Samsung,,r8s,Galaxy S20 FE,Global (Exynos),samsung_global_en
SM-G780G,mob,samsung,Samsung,,r8q,Galaxy S20 FE,Global (Snapdragon),samsung_global_en
SM-G781B,mob,samsung,Samsung,,r8q,Galaxy S20 FE,5G Global,samsung_global_en
SM-G781U,mob,samsung,Samsung,,r8q,Galaxy S20 FE,5G US Carrier,samsung_global_en
SM-G781U1,mob,samsung,Samsung,,r8q,Galaxy S20 FE,5G US Unlocked,samsung_global_en
SM-G781V,mob,samsung,Samsung,,r8q,Galaxy S20 FE,5G UW Verizon,samsung_global_en
SM-G781W,mob,samsung,Samsung,,r8q,Galaxy S20 FE,5G Canada,samsung_global_en
SM-G7810,mob,samsung,Samsung,,r8q,Galaxy S20 FE,5G China,samsung_global_en
SM-G781N,mob,samsung,Samsung,,r8q,Galaxy S20 FE,5G South Korea,samsung_global_en
SM-G991B,mob,samsung,Samsung,,o1s,Galaxy S21,5G Global,samsung_global_en
SM-G991N,mob,samsung,Samsung,,o1s,Galaxy S21,5G South Korea,samsung_global_en
SM-G991U,mob,samsung,Samsung,,o1q,Galaxy S21,5G US Carrier,samsung_global_en
SM-G991U1,mob,samsung,Samsung,,o1q,Galaxy S21,5G US Unlocked,samsung_global_en
SM-G991W,mob,samsung,Samsung,,o1q,Galaxy S21,5G Canada,samsung_global_en
SM-G9910,mob,samsung,Samsung,,o1q,Galaxy S21,5G China,samsung_global_en
SCG09,mob,samsung,Samsung,,o1q,Galaxy S21,5G Japan (au),samsung_global_en
SC-51B,mob,samsung,Samsung,,o1q,Galaxy S21,5G Japan (NTT Docomo),samsung_global_en
SM-G996B,mob,samsung,Samsung,,t2s,Galaxy S21+,5G Global,samsung_global_en
SM-G996N,mob,samsung,Samsung,,t2s,Galaxy S21+,5G South Korea,samsung_global_en
SM-G996U,mob,samsung,Samsung,,t2q,Galaxy S21+,5G US Carrier,samsung_global_en
SM-G996U1,mob,samsung,Samsung,,t2q,Galaxy S21+,5G US Unlocked,samsung_global_en
SM-G996W,mob,samsung,Samsung,,t2q,Galaxy S21+,5G Canada,samsung_global_en
SM-G9960,mob,samsung,Samsung,,t2q,Galaxy S21+,5G China,samsung_global_en
SCG10,mob,samsung,Samsung,,t2q,Galaxy S21+,5G Japan (au),samsung_global_en
SM-G998B,mob,samsung,Samsung,,p3s,Galaxy S21 Ultra,5G Global,samsung_global_en
SM-G998N,mob,samsung,Samsung,,p3s,Galaxy S21 Ultra,5G South Korea,samsung_global_en
SM-G998U,mob,samsung,Samsung,,p3q,Galaxy S21 Ultra,5G US Carrier,samsung_global_en
SM-G998U1,mob,samsung,Samsung,,p3q,Galaxy S21 Ultra,5G US Unlocked,samsung_global_en
SM-G998W,mob,samsung,Samsung,,p3q,Galaxy S21 Ultra,5G Canada,samsung_global_en
SM-G9980,mob,samsung,Samsung,,p3q,Galaxy S21 Ultra,5G China,samsung_global_en
SC-52B,mob,samsung,Samsung,,p3q,Galaxy S21 Ultra,5G Japan (NTT Docomo),samsung_global_en
SM-G990B,mob,samsung,Samsung,,r9q,Galaxy S21 FE,5G Global,samsung_global_en
SM-G990B2,mob,samsung,Samsung,,r9q,Galaxy S21 FE,5G EU,samsung_global_en
SM-G990U,mob,samsung,Samsung,,r9q,Galaxy S21 FE,5G US Carrier,samsung_global_en
SM-G990U2,mob,samsung,Samsung,,r9q,Galaxy S21 FE,5G US Carrier,samsung_global_en
SM-G990U1,mob,samsung,Samsung,,r9q,Galaxy S21 FE,5G US Unlocked,samsung_global_en
SM-G990U3,mob,samsung,Samsung,,r9q,Galaxy S21 FE,5G US Unlocked,samsung_global_en
SM-G990W,mob,samsung,Samsung,,r9q,Galaxy S21 FE,5G Canada,samsung_global_en
SM-G990W2,mob,samsung,Samsung,,r9q,Galaxy S21 FE,5G Canada,samsung_global_en
SM-G9900,mob,samsung,Samsung,,r9q,Galaxy S21 FE,5G China,samsung_global_en
SM-G990E,mob,samsung,Samsung,,r9s,Galaxy S21 FE,5G (Exynos),samsung_global_en
SM-S901E,mob,samsung,Samsung,,r0q,Galaxy S22,Global (Snapdragon),samsung_global_en
SM-S901U,mob,samsung,Samsung,,r0q,Galaxy S22,US Carrier,samsung_global_en
SM-S901U1,mob,samsung,Samsung,,r0q,Galaxy S22,US Unlocked,samsung_global_en
SM-S901W,mob,samsung,Samsung,,r0q,Galaxy S22,Canada,samsung_global_en
SM-S9010,mob,samsung,Samsung,,r0q,Galaxy S22,China,samsung_global_en
SM-S901N,mob,samsung,Samsung,,r0q,Galaxy S22,South Korea,samsung_global_en
SCG13,mob,samsung,Samsung,,r0q,Galaxy S22,Japan (au),samsung_global_en
SC-51C,mob,samsung,Samsung,,r0q,Galaxy S22,Japan (NTT Docomo),samsung_global_en
SM-S901B,mob,samsung,Samsung,,r0s,Galaxy S22,Global (Exynos),samsung_global_en
SM-S906E,mob,samsung,Samsung,,g0q,Galaxy S22+,Global (Snapdragon),samsung_global_en
SM-S906U,mob,samsung,Samsung,,g0q,Galaxy S22+,US Carrier,samsung_global_en
SM-S906U1,mob,samsung,Samsung,,g0q,Galaxy S22+,US Unlocked,samsung_global_en
SM-S906W,mob,samsung,Samsung,,g0q,Galaxy S22+,Canada,samsung_global_en
SM-S9060,mob,samsung,Samsung,,g0q,Galaxy S22+,China,samsung_global_en
SM-S906N,mob,samsung,Samsung,,g0q,Galaxy S22+,South Korea,samsung_global_en
SM-S906B,mob,samsung,Samsung,,g0s,Galaxy S22+,Global (Exynos),samsung_global_en
SM-S908E,mob,samsung,Samsung,,b0q,Galaxy S22 Ultra,Global (Snapdragon),samsung_global_en
SM-S908U,mob,samsung,Samsung,,b0q,Galaxy S22 Ultra,US Carrier,samsung_global_en
SM-S908U1,mob,samsung,Samsung,,b0q,Galaxy S22 Ultra,US Unlocked,samsung_global_en
SM-S908W,mob,samsung,Samsung,,b0q,Galaxy S22 Ultra,Canada,samsung_global_en
SM-S9080,mob,samsung,Samsung,,b0q,Galaxy S22 Ultra,China,samsung_global_en
SM-S908N,mob,samsung,Samsung,,b0q,Galaxy S22 Ultra,South Korea,samsung_global_en
SCG14,mob,samsung,Samsung,,b0q,Galaxy S22 Ultra,Japan (au),samsung_global_en
SC-52C,mob,samsung,Samsung,,b0q,Galaxy S22 Ultra,Japan (NTT Docomo),samsung_global_en
SM-S908B,mob,samsung,Samsung,,b0s,Galaxy S22 Ultra,Global (Exynos),samsung_global_en
SM-S911B,mob,samsung,Samsung,,dm1q,Galaxy S23,Global,samsung_global_en
SM-S911U,mob,samsung,Samsung,,dm1q,Galaxy S23,US Carrier,samsung_global_en
SM-S911U1,mob,samsung,Samsung,,dm1q,Galaxy S23,US Unlocked,samsung_global_en
SM-S911W,mob,samsung,Samsung,,dm1q,Galaxy S23,Canada,samsung_global_en
SM-S9110,mob,samsung,Samsung,,dm1q,Galaxy S23,China,samsung_global_en
SM-S911N,mob,samsung,Samsung,,dm1q,Galaxy S23,South Korea,samsung_global_en
SM-S911C,mob,samsung,Samsung,,dm1q,Galaxy S23,Japan (Rakuten Mobile),samsung_global_en
SCG19,mob,samsung,Samsung,,dm1q,Galaxy S23,Japan (au),samsung_global_en
SC-51D,mob,samsung,Samsung,,dm1q,Galaxy S23,Japan (NTT Docomo),samsung_global_en
SM-S916B,mob,samsung,Samsung,,dm2q,Galaxy S23+,Global,samsung_global_en
SM-S916U,mob,samsung,Samsung,,dm2q,Galaxy S23+,US Carrier,samsung_global_en
SM-S916U1,mob,samsung,Samsung,,dm2q,Galaxy S23+,US Unlocked,samsung_global_en
SM-S916W,mob,samsung,Samsung,,dm2q,Galaxy S23+,Canada,samsung_global_en
SM-S9160,mob,samsung,Samsung,,dm2q,Galaxy S23+,China,samsung_global_en
SM-S916N,mob,samsung,Samsung,,dm2q,Galaxy S23+,South Korea,samsung_global_en
SM-S918B,mob,samsung,Samsung,,dm3q,Galaxy S23 Ultra,Global,samsung_global_en
SM-S918U,mob,samsung,Samsung,,dm3q,Galaxy S23 Ultra,US Carrier,samsung_global_en
SM-S918U1,mob,samsung,Samsung,,dm3q,Galaxy S23 Ultra,US Unlocked,samsung_global_en
SM-S918W,mob,samsung,Samsung,,dm3q,Galaxy S23 Ultra,Canada,samsung_global_en
SM-S9180,mob,samsung,Samsung,,dm3q,Galaxy S23 Ultra,China,samsung_global_en
SM-S918N,mob,samsung,Samsung,,dm3q,Galaxy S23 Ultra,South Korea,samsung_global_en
SM-S918Q,mob,samsung,Samsung,,dm3q,Galaxy S23 Ultra,Japan (SIM Free),samsung_global_en
SCG20,mob,samsung,Samsung,,dm3q,Galaxy S23 Ultra,Japan (au),samsung_global_en
SC-52D,mob,samsung,Samsung,,dm3q,Galaxy S23 Ultra,Japan (NTT Docomo),samsung_global_en
SM-S711U,mob,samsung,Samsung,,r11q,Galaxy S23 FE,US Carrier,samsung_global_en
SM-S711U1,mob,samsung,Samsung,,r11q,Galaxy S23 FE,US Unlocked,samsung_global_en
SM-S711W,mob,samsung,Samsung,,r11q,Galaxy S23 FE,Canada,samsung_global_en
SM-S7110,mob,samsung,Samsung,,r11q,Galaxy S23 FE,China,samsung_global_en
SCG24,mob,samsung,Samsung,,r11q,Galaxy S23 FE,Japan (au),samsung_global_en
SM-S711B,mob,samsung,Samsung,,r11s,Galaxy S23 FE,Global,samsung_global_en
SM-S711N,mob,samsung,Samsung,,r11s,Galaxy S23 FE,South Korea,samsung_global_en
SM-S921B,mob,samsung,Samsung,,e1s,Galaxy S24,Global,samsung_global_en
SM-S921N,mob,samsung,Samsung,,e1s,Galaxy S24,South Korea,samsung_global_en
SM-S921U,mob,samsung,Samsung,,e1q,Galaxy S24,US Carrier,samsung_global_en
SM-S921U1,mob,samsung,Samsung,,e1q,Galaxy S24,US Unlocked,samsung_global_en
SM-S921W,mob,samsung,Samsung,,e1q,Galaxy S24,Canada,samsung_global_en
SM-S9210,mob,samsung,Samsung,,e1q,Galaxy S24,China,samsung_global_en
SM-S921Q,mob,samsung,Samsung,,e1q,Galaxy S24,Japan (SIM Free),samsung_global_en
SCG25,mob,samsung,Samsung,,e1q,Galaxy S24,Japan (au),samsung_global_en
SC-51E,mob,samsung,Samsung,,e1q,Galaxy S24,Japan (NTT Docomo),samsung_global_en
SM-S926B,mob,samsung,Samsung,,e2s,Galaxy S24+,Global,samsung_global_en
SM-S926N,mob,samsung,Samsung,,e2s,Galaxy S24+,South Korea,samsung_global_en
SM-S926U,mob,samsung,Samsung,,e2q,Galaxy S24+,US Carrier,samsung_global_en
SM-S926U1,mob,samsung,Samsung,,e2q,Galaxy S24+,US Unlocked,samsung_global_en
SM-S926W,mob,samsung,Samsung,,e2q,Galaxy S24+,Canada,samsung_global_en
SM-S9260,mob,samsung,Samsung,,e2q,Galaxy S24+,China,samsung_global_en
SM-S928B,mob,samsung,Samsung,,e3q,Galaxy S24 Ultra,Global,samsung_global_en
SM-S928U,mob,samsung,Samsung,,e3q,Galaxy S24 Ultra,US Carrier,samsung_global_en
SM-S928U1,mob,samsung,Samsung,,e3q,Galaxy S24 Ultra,US Unlocked,samsung_global_en
SM-S928W,mob,samsung,Samsung,,e3q,Galaxy S24 Ultra,Canada,samsung_global_en
SM-S9280,mob,samsung,Samsung,,e3q,Galaxy S24 Ultra,China,samsung_global_en
SM-S928N,mob,samsung,Samsung,,e3q,Galaxy S24 Ultra,South Korea,samsung_global_en
SM-S928Q,mob,samsung,Samsung,,e3q,Galaxy S24 Ultra,Japan (SIM Free),samsung_global_en
SCG26,mob,samsung,Samsung,,e3q,Galaxy S24 Ultra,Japan (au),samsung_global_en
SC-52E,mob,samsung,Samsung,,e3q,Galaxy S24 Ultra,Japan (NTT Docomo),samsung_global_en
SM-S721B,mob,samsung,Samsung,,r12s,Galaxy S24 FE,Global,samsung_global_en
SM-S721U,mob,samsung,Samsung,,r12s,Galaxy S24 FE,US Carrier,samsung_global_en
SM-S721U1,mob,samsung,Samsung,,r12s,Galaxy S24 FE,US Unlocked,samsung_global_en
SM-S721W,mob,samsung,Samsung,,r12s,Galaxy S24 FE,Canada,samsung_global_en
SM-S7210,mob,samsung,Samsung,,r12s,Galaxy S24 FE,HK & TW,samsung_global_en
SM-S721Q,mob,samsung,Samsung,,r12s,Galaxy S24 FE,Japan (SIM Free),samsung_global_en
SCG30,mob,samsung,Samsung,,r12s,Galaxy S24 FE,Japan (au),samsung_global_en
SM-S721N,mob,samsung,Samsung,,r12s,Galaxy S24 FE,South Korea,samsung_global_en
SM-S931B,mob,samsung,Samsung,,pa1q,Galaxy S25,Global,samsung_global_en
SM-S931U,mob,samsung,Samsung,,pa1q,Galaxy S25,US Carrier,samsung_global_en
SM-S931U1,mob,samsung,Samsung,,pa1q,Galaxy S25,US Unlocked,samsung_global_en
SM-S931W,mob,samsung,Samsung,,pa1q,Galaxy S25,Canada,samsung_global_en
SM-S9310,mob,samsung,Samsung,,pa1q,Galaxy S25,China,samsung_global_en
SM-S931N,mob,samsung,Samsung,,pa1q,Galaxy S25,South Korea,samsung_global_en
SM-S931Q,mob,samsung,Samsung,,pa1q,Galaxy S25,Japan (SIM Free),samsung_global_en
SM-S931Z,mob,samsung,Samsung,,pa1q,Galaxy S25,Japan (SoftBank),samsung_global_en
SCG31,mob,samsung,Samsung,,pa1q,Galaxy S25,Japan (au),samsung_global_en
SC-51F,mob,samsung,Samsung,,pa1q,Galaxy S25,Japan (NTT Docomo),samsung_global_en
SM-S936B,mob,samsung,Samsung,,pa2q,Galaxy S25+,Global,samsung_global_en
SM-S936U,mob,samsung,Samsung,,pa2q,Galaxy S25+,US Carrier,samsung_global_en
SM-S936U1,mob,samsung,Samsung,,pa2q,Galaxy S25+,US Unlocked,samsung_global_en
SM-S936W,mob,samsung,Samsung,,pa2q,Galaxy S25+,Canada,samsung_global_en
SM-S9360,mob,samsung,Samsung,,pa2q,Galaxy S25+,China,samsung_global_en
SM-S936N,mob,samsung,Samsung,,pa2q,Galaxy S25+,South Korea,samsung_global_en
SM-S938B,mob,samsung,Samsung,,pa3q,Galaxy S25 Ultra,Global,samsung_global_en
SM-S938U,mob,samsung,Samsung,,pa3q,Galaxy S25 Ultra,US Carrier,samsung_global_en
SM-S938U1,mob,samsung,Samsung,,pa3q,Galaxy S25 Ultra,US Unlocked,samsung_global_en
SM-S938W,mob,samsung,Samsung,,pa3q,Galaxy S25 Ultra,Canada,samsung_global_en
SM-S9380,mob,samsung,Samsung,,pa3q,Galaxy S25 Ultra,China,samsung_global_en
SM-S938N,mob,samsung,Samsung,,pa3q,Galaxy S25 Ultra,South Korea,samsung_global_en
SM-S938Q,mob,samsung,Samsung,,pa3q,Galaxy S25 Ultra,Japan (SIM Free),samsung_global_en
SM-S938Z,mob,samsung,Samsung,,pa3q,Galaxy S25 Ultra,Japan (SoftBank),samsung_global_en
SCG32,mob,samsung,Samsung,,pa3q,Galaxy S25 Ultra,Japan (au),samsung_global_en
SC-52F,mob,samsung,Samsung,,pa3q,Galaxy S25 Ultra,Japan (NTT Docomo),samsung_global_en
SM-S937B,mob,samsung,Samsung,,psq,Galaxy S25 Edge,Global,samsung_global_en
SM-S937U,mob,samsung,Samsung,,psq,Galaxy S25 Edge,US Carrier,samsung_global_en
SM-S937U1,mob,samsung,Samsung,,psq,Galaxy S25 Edge,US Unlocked,samsung_global_en
SM-S937W,mob,samsung,Samsung,,psq,Galaxy S25 Edge,Canada,samsung_global_en
SM-S9370,mob,samsung,Samsung,,psq,Galaxy S25 Edge,China,samsung_global_en
SM-S937N,mob,samsung,Samsung,,psq,Galaxy S25 Edge,South Korea,samsung_global_en
SM-S731B,mob,samsung,Samsung,,r13s,Galaxy S25 FE,Global,samsung_global_en
SM-S731U,mob,samsung,Samsung,,r13s,Galaxy S25 FE,US Carrier,samsung_global_en
SM-S731U1,mob,samsung,Samsung,,r13s,Galaxy S25 FE,US Unlocked,samsung_global_en
SM-S731W,mob,samsung,Samsung,,r13s,Galaxy S25 FE,Canada,samsung_global_en
SM-S731N,mob,samsung,Samsung,,r13s,Galaxy S25 FE,South Korea,samsung_global_en
SM-S942B,mob,samsung,Samsung,,m1s,Galaxy S26,Global,samsung_global_en
SM-S942N,mob,samsung,Samsung,,m1s,Galaxy S26,South Korea,samsung_global_en
SM-S942U,mob,samsung,Samsung,,m1q,Galaxy S26,US Carrier,samsung_global_en
SM-S942U1,mob,samsung,Samsung,,m1q,Galaxy S26,US Unlocked,samsung_global_en
SM-S942W,mob,samsung,Samsung,,m1q,Galaxy S26,Canada,samsung_global_en
SM-S9420,mob,samsung,Samsung,,m1q,Galaxy S26,China,samsung_global_en
SM-S942Q,mob,samsung,Samsung,,m1q,Galaxy S26,Japan (SIM Free),samsung_global_en
SM-S942Z,mob,samsung,Samsung,,m1q,Galaxy S26,Japan (SoftBank),samsung_global_en
SM-S942C,mob,samsung,Samsung,,m1q,Galaxy S26,Japan (Rakuten Mobile),samsung_global_en
SCG36,mob,samsung,Samsung,,m1q,Galaxy S26,Japan (au),samsung_global_en
SC-51G,mob,samsung,Samsung,,m1q,Galaxy S26,Japan (NTT Docomo),samsung_global_en
SM-S947B,mob,samsung,Samsung,,m2s,Galaxy S26+,Global,samsung_global_en
SM-S947N,mob,samsung,Samsung,,m2s,Galaxy S26+,South Korea,samsung_global_en
SM-S947U,mob,samsung,Samsung,,m2q,Galaxy S26+,US Carrier,samsung_global_en
SM-S947U1,mob,samsung,Samsung,,m2q,Galaxy S26+,US Unlocked,samsung_global_en
SM-S947W,mob,samsung,Samsung,,m2q,Galaxy S26+,Canada,samsung_global_en
SM-S9470,mob,samsung,Samsung,,m2q,Galaxy S26+,China,samsung_global_en
SM-S947Q,mob,samsung,Samsung,,m2q,Galaxy S26+,Japan (SIM Free),samsung_global_en
SM-S947Z,mob,samsung,Samsung,,m2q,Galaxy S26+,Japan (SoftBank),samsung_global_en
SM-S947C,mob,samsung,Samsung,,m2q,Galaxy S26+,Japan (Rakuten Mobile),samsung_global_en
SCG38,mob,samsung,Samsung,,m2q,Galaxy S26+,Japan (au),samsung_global_en
SC-52G,mob,samsung,Samsung,,m2q,Galaxy S26+,Japan (NTT Docomo),samsung_global_en
SM-S948B,mob,samsung,Samsung,,m3q,Galaxy S26 Ultra,Global,samsung_global_en
SM-S948U,mob,samsung,Samsung,,m3q,Galaxy S26 Ultra,US Carrier,samsung_global_en
SM-S948U1,mob,samsung,Samsung,,m3q,Galaxy S26 Ultra,US Unlocked,samsung_global_en
SM-S948W,mob,samsung,Samsung,,m3q,Galaxy S26 Ultra,Canada,samsung_global_en
SM-S9480,mob,samsung,Samsung,,m3q,Galaxy S26 Ultra,China,samsung_global_en
SM-S948N,mob,samsung,Samsung,,m3q,Galaxy S26 Ultra,South Korea,samsung_global_en
SM-S948Q,mob,samsung,Samsung,,m3q,Galaxy S26 Ultra,Japan (SIM Free),samsung_global_en
SM-S948Z,mob,samsung,Samsung,,m3q,Galaxy S26 Ultra,Japan (SoftBank),samsung_global_en
SM-S948C,mob,samsung,Samsung,,m3q,Galaxy S26 Ultra,Japan (Rakuten Mobile),samsung_global_en
SCG37,mob,samsung,Samsung,,m3q,Galaxy S26 Ultra,Japan (au),samsung_global_en
SC-53G,mob,samsung,Samsung,,m3q,Galaxy S26 Ultra,Japan (NTT Docomo),samsung_global_en
SM-N960F,mob,samsung,Samsung,,crownlte,Galaxy Note9,Global,samsung_global_en
SM-N960U,mob,samsung,Samsung,,crownqltesq,Galaxy Note9,US Carrier,samsung_global_en
SM-N960U1,mob,samsung,Samsung,,crownqlteue,Galaxy Note9,US Unlocked,samsung_global_en
SM-N960W,mob,samsung,Samsung,,crownqltecs,Galaxy Note9,Canada,samsung_global_en
SM-N9600,mob,samsung,Samsung,,crownqltechn,Galaxy Note9,China,samsung_global_en
SM-N9608,mob,samsung,Samsung,,crownqltecmcc,Galaxy Note9,China Mobile,samsung_global_en
SM-N960N,mob,samsung,Samsung,,crownlteks,Galaxy Note9,South Korea,samsung_global_en
SCV40,mob,samsung,Samsung,,SCV40,Galaxy Note9,Japan (au),samsung_global_en
SC-01L,mob,samsung,Samsung,,SC-01L,Galaxy Note9,Japan (NTT Docomo),samsung_global_en
SM-N970F,mob,samsung,Samsung,,d1,Galaxy Note10,Global,samsung_global_en
SM-N970U,mob,samsung,Samsung,,d1q,Galaxy Note10,US Carrier,samsung_global_en
SM-N970U1,mob,samsung,Samsung,,d1q,Galaxy Note10,US Unlocked,samsung_global_en
SM-N970W,mob,samsung,Samsung,,d1q,Galaxy Note10,Canada,samsung_global_en
SM-N9700,mob,samsung,Samsung,,d1q,Galaxy Note10,China,samsung_global_en
SM-N971N,mob,samsung,Samsung,,d1x,Galaxy Note10,5G South Korea,samsung_global_en
SM-N975F,mob,samsung,Samsung,,d2s,Galaxy Note10+,Global,samsung_global_en
SM-N975U,mob,samsung,Samsung,,d2q,Galaxy Note10+,US Carrier,samsung_global_en
SM-N975U1,mob,samsung,Samsung,,d2q,Galaxy Note10+,US Unlocked,samsung_global_en
SM-N975W,mob,samsung,Samsung,,d2q,Galaxy Note10+,Canada,samsung_global_en
SM-N9750,mob,samsung,Samsung,,d2q,Galaxy Note10+,HK & TW,samsung_global_en
SM-N975C,mob,samsung,Samsung,,d2q,Galaxy Note10+,Japan (Rakuten Mobile),samsung_global_en
SCV45,mob,samsung,Samsung,,d2q,Galaxy Note10+,Japan (au),samsung_global_en
SC-01M,mob,samsung,Samsung,,d2q,Galaxy Note10+,Japan (NTT Docomo),samsung_global_en
SM-N976B,mob,samsung,Samsung,,d2x,Galaxy Note10+,5G Global (Exynos),samsung_global_en
SM-N976N,mob,samsung,Samsung,,d2x,Galaxy Note10+,5G South Korea,samsung_global_en
SM-N976Q,mob,samsung,Samsung,,d2xq,Galaxy Note10+,5G Global (Snapdragon),samsung_global_en
SM-N976V,mob,samsung,Samsung,,d2xq,Galaxy Note10+,5G Verizon,samsung_global_en
SM-N9760,mob,samsung,Samsung,,d2xq,Galaxy Note10+,5G China,samsung_global_en
SM-N976U,mob,samsung,Samsung,,d2xq2,Galaxy Note10+,5G US Carrier,samsung_global_en
SM-N770F,mob,samsung,Samsung,,r7,Galaxy Note10 Lite,Global,samsung_global_en
SM-N770X,mob,samsung,Samsung,,r7,Galaxy Note10 Lite,Global,samsung_global_en
SM-N980F,mob,samsung,Samsung,,c1s,Galaxy Note20,Global,samsung_global_en
SM-N981B,mob,samsung,Samsung,,c1s,Galaxy Note20,5G Global,samsung_global_en
SM-N981U,mob,samsung,Samsung,,c1q,Galaxy Note20,5G US Carrier,samsung_global_en
SM-N981U1,mob,samsung,Samsung,,c1q,Galaxy Note20,5G US Unlocked,samsung_global_en
SM-N981W,mob,samsung,Samsung,,c1q,Galaxy Note20,5G Canada,samsung_global_en
SM-N9810,mob,samsung,Samsung,,c1q,Galaxy Note20,5G China,samsung_global_en
SM-N981N,mob,samsung,Samsung,,c1q,Galaxy Note20,5G South Korea,samsung_global_en
SM-N985F,mob,samsung,Samsung,,c2s,Galaxy Note20 Ultra,Global,samsung_global_en
SM-N986B,mob,samsung,Samsung,,c2s,Galaxy Note20 Ultra,5G Global,samsung_global_en
SM-N986U,mob,samsung,Samsung,,c2q,Galaxy Note20 Ultra,5G US Carrier,samsung_global_en
SM-N986U1,mob,samsung,Samsung,,c2q,Galaxy Note20 Ultra,5G US Unlocked,samsung_global_en
SM-N986W,mob,samsung,Samsung,,c2q,Galaxy Note20 Ultra,5G Canada,samsung_global_en
SM-N9860,mob,samsung,Samsung,,c2q,Galaxy Note20 Ultra,5G China,samsung_global_en
SM-N986N,mob,samsung,Samsung,,c2q,Galaxy Note20 Ultra,5G South Korea,samsung_global_en
SCG06,mob,samsung,Samsung,,c2q,Galaxy Note20 Ultra,5G Japan (au),samsung_global_en
SC-53A,mob,samsung,Samsung,,c2q,Galaxy Note20 Ultra,5G Japan (NTT Docomo),samsung_global_en
SM-F900F,mob,samsung,Samsung,,winner,Galaxy Fold,Global,samsung_global_en
SM-F900U,mob,samsung,Samsung,,winner,Galaxy Fold,US Carrier,samsung_global_en
SM-F900U1,mob,samsung,Samsung,,winner,Galaxy Fold,US Unlocked,samsung_global_en
SM-F900W,mob,samsung,Samsung,,winner,Galaxy Fold,Canada,samsung_global_en
SM-F9000,mob,samsung,Samsung,,winner,Galaxy Fold,China,samsung_global_en
SCV44,mob,samsung,Samsung,,winner,Galaxy Fold,Japan (au),samsung_global_en
SM-F907B,mob,samsung,Samsung,,winner,Galaxy Fold,5G Global,samsung_global_en
SM-F907N,mob,samsung,Samsung,,winner,Galaxy Fold,5G South Korea,samsung_global_en
SM-F916B,mob,samsung,Samsung,,f2q,Galaxy Z Fold2,5G Global,samsung_global_en
SM-F916U,mob,samsung,Samsung,,f2q,Galaxy Z Fold2,5G US Carrier,samsung_global_en
SM-F916U1,mob,samsung,Samsung,,f2q,Galaxy Z Fold2,5G US Unlocked,samsung_global_en
SM-F916W,mob,samsung,Samsung,,f2q,Galaxy Z Fold2,5G Canada,samsung_global_en
SM-F9160,mob,samsung,Samsung,,f2q,Galaxy Z Fold2,5G China,samsung_global_en
SM-F916N,mob,samsung,Samsung,,f2q,Galaxy Z Fold2,5G South Korea,samsung_global_en
SM-F916Q,mob,samsung,Samsung,,f2q,Galaxy Z Fold2,5G Japan (SIM Free),samsung_global_en
SM-F926B,mob,samsung,Samsung,,q2q,Galaxy Z Fold3,5G Global,samsung_global_en
SM-F926U,mob,samsung,Samsung,,q2q,Galaxy Z Fold3,5G US Carrier,samsung_global_en
SM-F926U1,mob,samsung,Samsung,,q2q,Galaxy Z Fold3,5G US Unlocked,samsung_global_en
SM-F926W,mob,samsung,Samsung,,q2q,Galaxy Z Fold3,5G Canada,samsung_global_en
SM-F9260,mob,samsung,Samsung,,q2q,Galaxy Z Fold3,5G China,samsung_global_en
SM-F926N,mob,samsung,Samsung,,q2q,Galaxy Z Fold3,5G South Korea,samsung_global_en
SCG11,mob,samsung,Samsung,,q2q,Galaxy Z Fold3,5G Japan (au),samsung_global_en
SC-55B,mob,samsung,Samsung,,q2q,Galaxy Z Fold3,5G Japan (NTT Docomo),samsung_global_en
SM-F936B,mob,samsung,Samsung,,q4q,Galaxy Z Fold4,Global,samsung_global_en
SM-F936U,mob,samsung,Samsung,,q4q,Galaxy Z Fold4,US Carrier,samsung_global_en
SM-F936U1,mob,samsung,Samsung,,q4q,Galaxy Z Fold4,US Unlocked,samsung_global_en
SM-F936W,mob,samsung,Samsung,,q4q,Galaxy Z Fold4,Canada,samsung_global_en
SM-F9360,mob,samsung,Samsung,,q4q,Galaxy Z Fold4,China,samsung_global_en
SM-F936N,mob,samsung,Samsung,,q4q,Galaxy Z Fold4,South Korea,samsung_global_en
SCG16,mob,samsung,Samsung,,q4q,Galaxy Z Fold4,Japan (au),samsung_global_en
SC-55C,mob,samsung,Samsung,,q4q,Galaxy Z Fold4,Japan (NTT Docomo),samsung_global_en
SM-F946B,mob,samsung,Samsung,,q5q,Galaxy Z Fold5,Global,samsung_global_en
SM-F946U,mob,samsung,Samsung,,q5q,Galaxy Z Fold5,US Carrier,samsung_global_en
SM-F946U1,mob,samsung,Samsung,,q5q,Galaxy Z Fold5,US Unlocked,samsung_global_en
SM-F946W,mob,samsung,Samsung,,q5q,Galaxy Z Fold5,Canada,samsung_global_en
SM-F9460,mob,samsung,Samsung,,q5q,Galaxy Z Fold5,China,samsung_global_en
SM-F946N,mob,samsung,Samsung,,q5q,Galaxy Z Fold5,South Korea,samsung_global_en
SM-F946Q,mob,samsung,Samsung,,q5q,Galaxy Z Fold5,Japan (SIM Free),samsung_global_en
SCG22,mob,samsung,Samsung,,q5q,Galaxy Z Fold5,Japan (au),samsung_global_en
SC-55D,mob,samsung,Samsung,,q5q,Galaxy Z Fold5,Japan (NTT Docomo),samsung_global_en
SM-F956B,mob,samsung,Samsung,,q6q,Galaxy Z Fold6,Global,samsung_global_en
SM-F956U,mob,samsung,Samsung,,q6q,Galaxy Z Fold6,US Carrier,samsung_global_en
SM-F956U1,mob,samsung,Samsung,,q6q,Galaxy Z Fold6,US Unlocked,samsung_global_en
SM-F956W,mob,samsung,Samsung,,q6q,Galaxy Z Fold6,Canada,samsung_global_en
SM-F9560,mob,samsung,Samsung,,q6q,Galaxy Z Fold6,China,samsung_global_en
SM-F956N,mob,samsung,Samsung,,q6q,Galaxy Z Fold6,South Korea,samsung_global_en
SM-F956Q,mob,samsung,Samsung,,q6q,Galaxy Z Fold6,Japan (SIM Free),samsung_global_en
SCG28,mob,samsung,Samsung,,q6q,Galaxy Z Fold6,Japan (au),samsung_global_en
SC-55E,mob,samsung,Samsung,,q6q,Galaxy Z Fold6,Japan (NTT Docomo),samsung_global_en
SM-F958N,mob,samsung,Samsung,,q6aq,Galaxy Z Fold Special Edition,South Korea,samsung_global_en
SM-F966B,mob,samsung,Samsung,,q7q,Galaxy Z Fold7,Global,samsung_global_en
SM-F966U,mob,samsung,Samsung,,q7q,Galaxy Z Fold7,US Carrier,samsung_global_en
SM-F966U1,mob,samsung,Samsung,,q7q,Galaxy Z Fold7,US Unlocked,samsung_global_en
SM-F966W,mob,samsung,Samsung,,q7q,Galaxy Z Fold7,Canada,samsung_global_en
SM-F9660,mob,samsung,Samsung,,q7q,Galaxy Z Fold7,China,samsung_global_en
SM-F966N,mob,samsung,Samsung,,q7q,Galaxy Z Fold7,South Korea,samsung_global_en
SM-F966Q,mob,samsung,Samsung,,q7q,Galaxy Z Fold7,Japan (SIM Free),samsung_global_en
SM-F966Z,mob,samsung,Samsung,,q7q,Galaxy Z Fold7,Japan (SoftBank),samsung_global_en
SCG34,mob,samsung,Samsung,,q7q,Galaxy Z Fold7,Japan (au),samsung_global_en
SC-56F,mob,samsung,Samsung,,q7q,Galaxy Z Fold7,Japan (NTT Docomo),samsung_global_en
SM-F968B,mob,samsung,Samsung,,q7mq,Galaxy Z TriFold,Global,samsung_global_en
SM-F968U1,mob,samsung,Samsung,,q7mq,Galaxy Z TriFold,US Unlocked,samsung_global_en
SM-F9680,mob,samsung,Samsung,,q7mq,Galaxy Z TriFold,China,samsung_global_en
SM-F968N,mob,samsung,Samsung,,q7mq,Galaxy Z TriFold,South Korea,samsung_global_en
SM-F971B,mob,samsung,Samsung,,h8q,Galaxy Z Fold8,Global,samsung_global_en
SM-F971U,mob,samsung,Samsung,,h8q,Galaxy Z Fold8,US Carrier,samsung_global_en
SM-F971U1,mob,samsung,Samsung,,h8q,Galaxy Z Fold8,US Unlocked,samsung_global_en
SM-F971W,mob,samsung,Samsung,,h8q,Galaxy Z Fold8,Canada,samsung_global_en
SM-F9710,mob,samsung,Samsung,,h8q,Galaxy Z Fold8,China,samsung_global_en
SM-F971N,mob,samsung,Samsung,,h8q,Galaxy Z Fold8,South Korea,samsung_global_en
SM-F971Q,mob,samsung,Samsung,,h8q,Galaxy Z Fold8,Japan (SIM Free),samsung_global_en
SM-F971Z,mob,samsung,Samsung,,h8q,Galaxy Z Fold8,Japan (SoftBank),samsung_global_en
SM-F971C,mob,samsung,Samsung,,h8q,Galaxy Z Fold8,Japan (Rakuten Mobile),samsung_global_en
SCG41,mob,samsung,Samsung,,h8q,Galaxy Z Fold8,Japan (au),samsung_global_en
SC-57G,mob,samsung,Samsung,,h8q,Galaxy Z Fold8,Japan (NTT Docomo),samsung_global_en
SM-F976B,mob,samsung,Samsung,,q8q,Galaxy Z Fold8 Ultra,Global,samsung_global_en
SM-F976U,mob,samsung,Samsung,,q8q,Galaxy Z Fold8 Ultra,US Carrier,samsung_global_en
SM-F976U1,mob,samsung,Samsung,,q8q,Galaxy Z Fold8 Ultra,US Unlocked,samsung_global_en
SM-F976W,mob,samsung,Samsung,,q8q,Galaxy Z Fold8 Ultra,Canada,samsung_global_en
SM-F9760,mob,samsung,Samsung,,q8q,Galaxy Z Fold8 Ultra,China,samsung_global_en
SM-F976N,mob,samsung,Samsung,,q8q,Galaxy Z Fold8 Ultra,South Korea,samsung_global_en
SM-F976Q,mob,samsung,Samsung,,q8q,Galaxy Z Fold8 Ultra,Japan (SIM Free),samsung_global_en
SM-F976Z,mob,samsung,Samsung,,q8q,Galaxy Z Fold8 Ultra,Japan (SoftBank),samsung_global_en
SM-F976C,mob,samsung,Samsung,,q8q,Galaxy Z Fold8 Ultra,Japan (Rakuten Mobile),samsung_global_en
SCG39,mob,samsung,Samsung,,q8q,Galaxy Z Fold8 Ultra,Japan (au),samsung_global_en
SC-56G,mob,samsung,Samsung,,q8q,Galaxy Z Fold8 Ultra,Japan (NTT Docomo),samsung_global_en
SM-F700F,mob,samsung,Samsung,,bloomq,Galaxy Z Flip,Global,samsung_global_en
SM-F700U,mob,samsung,Samsung,,bloomq,Galaxy Z Flip,US Carrier,samsung_global_en
SM-F700U1,mob,samsung,Samsung,,bloomq,Galaxy Z Flip,US Unlocked,samsung_global_en
SM-F700W,mob,samsung,Samsung,,bloomq,Galaxy Z Flip,Canada,samsung_global_en
SM-F7000,mob,samsung,Samsung,,bloomq,Galaxy Z Flip,China,samsung_global_en
SM-F700N,mob,samsung,Samsung,,bloomq,Galaxy Z Flip,South Korea,samsung_global_en
SCV47,mob,samsung,Samsung,,bloomq,Galaxy Z Flip,Japan (au),samsung_global_en
SM-F707B,mob,samsung,Samsung,,bloomxq,Galaxy Z Flip 5G,Global,samsung_global_en
SM-F707U,mob,samsung,Samsung,,bloomxq,Galaxy Z Flip 5G,US Carrier,samsung_global_en
SM-F707U1,mob,samsung,Samsung,,bloomxq,Galaxy Z Flip 5G,US Unlocked,samsung_global_en
SM-F707W,mob,samsung,Samsung,,bloomxq,Galaxy Z Flip 5G,Canada,samsung_global_en
SM-F7070,mob,samsung,Samsung,,bloomxq,Galaxy Z Flip 5G,China,samsung_global_en
SM-F707N,mob,samsung,Samsung,,bloomxq,Galaxy Z Flip 5G,South Korea,samsung_global_en
SCG04,mob,samsung,Samsung,,bloomxq,Galaxy Z Flip 5G,Japan (au),samsung_global_en
SM-F711B,mob,samsung,Samsung,,b2q,Galaxy Z Flip3,5G Global,samsung_global_en
SM-F711U,mob,samsung,Samsung,,b2q,Galaxy Z Flip3,5G US Carrier,samsung_global_en
SM-F711U1,mob,samsung,Samsung,,b2q,Galaxy Z Flip3,5G US Unlocked,samsung_global_en
SM-F711W,mob,samsung,Samsung,,b2q,Galaxy Z Flip3,5G Canada,samsung_global_en
SM-F7110,mob,samsung,Samsung,,b2q,Galaxy Z Flip3,5G China,samsung_global_en
SM-F711N,mob,samsung,Samsung,,b2q,Galaxy Z Flip3,5G South Korea,samsung_global_en
SCG12,mob,samsung,Samsung,,b2q,Galaxy Z Flip3,5G Japan (au),samsung_global_en
SC-54B,mob,samsung,Samsung,,b2q,Galaxy Z Flip3,5G Japan (NTT Docomo),samsung_global_en
SM-F721B,mob,samsung,Samsung,,b4q,Galaxy Z Flip4,Global,samsung_global_en
SM-F721U,mob,samsung,Samsung,,b4q,Galaxy Z Flip4,US Carrier,samsung_global_en
SM-F721U1,mob,samsung,Samsung,,b4q,Galaxy Z Flip4,US Unlocked,samsung_global_en
SM-F721W,mob,samsung,Samsung,,b4q,Galaxy Z Flip4,Canada,samsung_global_en
SM-F7210,mob,samsung,Samsung,,b4q,Galaxy Z Flip4,China,samsung_global_en
SM-F721N,mob,samsung,Samsung,,b4q,Galaxy Z Flip4,South Korea,samsung_global_en
SM-F721C,mob,samsung,Samsung,,b4q,Galaxy Z Flip4,Japan (Rakuten Mobile),samsung_global_en
SCG17,mob,samsung,Samsung,,b4q,Galaxy Z Flip4,Japan (au),samsung_global_en
SC-54C,mob,samsung,Samsung,,b4q,Galaxy Z Flip4,Japan (NTT Docomo),samsung_global_en
SM-F731B,mob,samsung,Samsung,,b5q,Galaxy Z Flip5,Global,samsung_global_en
SM-F731U,mob,samsung,Samsung,,b5q,Galaxy Z Flip5,US Carrier,samsung_global_en
SM-F731U1,mob,samsung,Samsung,,b5q,Galaxy Z Flip5,US Unlocked,samsung_global_en
SM-F731W,mob,samsung,Samsung,,b5q,Galaxy Z Flip5,Canada,samsung_global_en
SM-F7310,mob,samsung,Samsung,,b5q,Galaxy Z Flip5,China,samsung_global_en
SM-F731N,mob,samsung,Samsung,,b5q,Galaxy Z Flip5,South Korea,samsung_global_en
SM-F731Q,mob,samsung,Samsung,,b5q,Galaxy Z Flip5,Japan (SIM Free),samsung_global_en
SCG23,mob,samsung,Samsung,,b5q,Galaxy Z Flip5,Japan (au),samsung_global_en
SC-54D,mob,samsung,Samsung,,b5q,Galaxy Z Flip5,Japan (NTT Docomo),samsung_global_en
SM-F741B,mob,samsung,Samsung,,b6q,Galaxy Z Flip6,Global,samsung_global_en
SM-F741U,mob,samsung,Samsung,,b6q,Galaxy Z Flip6,US Carrier,samsung_global_en
SM-F741U1,mob,samsung,Samsung,,b6q,Galaxy Z Flip6,US Unlocked,samsung_global_en
SM-F741W,mob,samsung,Samsung,,b6q,Galaxy Z Flip6,Canada,samsung_global_en
SM-F7410,mob,samsung,Samsung,,b6q,Galaxy Z Flip6,China,samsung_global_en
SM-F741N,mob,samsung,Samsung,,b6q,Galaxy Z Flip6,South Korea,samsung_global_en
SM-F741Q,mob,samsung,Samsung,,b6q,Galaxy Z Flip6,Japan (SIM Free),samsung_global_en
SCG29,mob,samsung,Samsung,,b6q,Galaxy Z Flip6,Japan (au),samsung_global_en
SC-54E,mob,samsung,Samsung,,b6q,Galaxy Z Flip6,Japan (NTT Docomo),samsung_global_en
SM-F766B,mob,samsung,Samsung,,b7s,Galaxy Z Flip7,Global,samsung_global_en
SM-F766U,mob,samsung,Samsung,,b7s,Galaxy Z Flip7,US Carrier,samsung_global_en
SM-F766U1,mob,samsung,Samsung,,b7s,Galaxy Z Flip7,US Unlocked,samsung_global_en
SM-F766W,mob,samsung,Samsung,,b7s,Galaxy Z Flip7,Canada,samsung_global_en
SM-F7660,mob,samsung,Samsung,,b7s,Galaxy Z Flip7,China,samsung_global_en
SM-F766N,mob,samsung,Samsung,,b7s,Galaxy Z Flip7,South Korea,samsung_global_en
SM-F766Q,mob,samsung,Samsung,,b7s,Galaxy Z Flip7,Japan (SIM Free),samsung_global_en
SM-F766Z,mob,samsung,Samsung,,b7s,Galaxy Z Flip7,Japan (SoftBank),samsung_global_en
SCG35,mob,samsung,Samsung,,b7s,Galaxy Z Flip7,Japan (au),samsung_global_en
SC-55F,mob,samsung,Samsung,,b7s,Galaxy Z Flip7,Japan (NTT Docomo),samsung_global_en
SM-F761B,mob,samsung,Samsung,,b7r,Galaxy Z Flip7 FE,Global,samsung_global_en
SM-F761U,mob,samsung,Samsung,,b7r,Galaxy Z Flip7 FE,US Carrier,samsung_global_en
SM-F761U1,mob,samsung,Samsung,,b7r,Galaxy Z Flip7 FE,US Unlocked,samsung_global_en
SM-F7610,mob,samsung,Samsung,,b7r,Galaxy Z Flip7 FE,China,samsung_global_en
SM-F761N,mob,samsung,Samsung,,b7r,Galaxy Z Flip7 FE,South Korea,samsung_global_en
SM-F776B,mob,samsung,Samsung,,b8s,Galaxy Z Flip8,Global,samsung_global_en
SM-F776N,mob,samsung,Samsung,,b8s,Galaxy Z Flip8,South Korea,samsung_global_en
SM-F776U,mob,samsung,Samsung,,b8q,Galaxy Z Flip8,US Carrier,samsung_global_en
SM-F776U1,mob,samsung,Samsung,,b8q,Galaxy Z Flip8,US Unlocked,samsung_global_en
SM-F776W,mob,samsung,Samsung,,b8q,Galaxy Z Flip8,Canada,samsung_global_en
SM-F7760,mob,samsung,Samsung,,b8q,Galaxy Z Flip8,China,samsung_global_en
SM-F776Q,mob,samsung,Samsung,,b8q,Galaxy Z Flip8,Japan (SIM Free),samsung_global_en
SM-F776Z,mob,samsung,Samsung,,b8q,Galaxy Z Flip8,Japan (SoftBank),samsung_global_en
SM-F776C,mob,samsung,Samsung,,b8q,Galaxy Z Flip8,Japan (Rakuten Mobile),samsung_global_en
SCG40,mob,samsung,Samsung,,b8q,Galaxy Z Flip8,Japan (au),samsung_global_en
SC-55G,mob,samsung,Samsung,,b8q,Galaxy Z Flip8,Japan (NTT Docomo),samsung_global_en
SM-A015F,mob,samsung,Samsung,,a01q,Galaxy A01,Global,samsung_global_en
SM-A015U,mob,samsung,Samsung,,a01q,Galaxy A01,US Carrier,samsung_global_en
SM-A015U1,mob,samsung,Samsung,,a01q,Galaxy A01,US Unlocked,samsung_global_en
SM-A015A,mob,samsung,Samsung,,a01q,Galaxy A01,AT&T,samsung_global_en
SM-A015AZ,mob,samsung,Samsung,,a01q,Galaxy A01,Cricket,samsung_global_en
SM-A015T1,mob,samsung,Samsung,,a01q,Galaxy A01,T-Mobile,samsung_global_en
SM-A015V,mob,samsung,Samsung,,a01q,Galaxy A01,Verizon,samsung_global_en
SM-S111DL,mob,samsung,Samsung,,a01q,Galaxy A01,TracFone,samsung_global_en
SM-A015G,mob,samsung,Samsung,,a01q,Galaxy A01,India,samsung_global_en
SM-A015M,mob,samsung,Samsung,,a01q,Galaxy A01,Latin America,samsung_global_en
SM-A013F,mob,samsung,Samsung,,a01core,Galaxy A01 Core,Global,samsung_global_en
SM-A013G,mob,samsung,Samsung,,a01core,Galaxy A01 Core,Global,samsung_global_en
SM-A013M,mob,samsung,Samsung,,a01core,Galaxy A01 Core,Latin America,samsung_global_en
SM-A022F,mob,samsung,Samsung,,a02,Galaxy A02,Global,samsung_global_en
SM-A022G,mob,samsung,Samsung,,a02,Galaxy A02,Global,samsung_global_en
SM-A022M,mob,samsung,Samsung,,a02,Galaxy A02,Latin America,samsung_global_en
SM-A025F,mob,samsung,Samsung,,a02q,Galaxy A02s,Global,samsung_global_en
SM-A025G,mob,samsung,Samsung,,a02q,Galaxy A02s,EU,samsung_global_en
SM-A025U,mob,samsung,Samsung,,a02q,Galaxy A02s,US Carrier,samsung_global_en
SM-A025U1,mob,samsung,Samsung,,a02q,Galaxy A02s,US Unlocked,samsung_global_en
SM-A025A,mob,samsung,Samsung,,a02q,Galaxy A02s,AT&T,samsung_global_en
SM-A025AZ,mob,samsung,Samsung,,a02q,Galaxy A02s,Cricket,samsung_global_en
SM-A025V,mob,samsung,Samsung,,a02q,Galaxy A02s,Verizon,samsung_global_en
SM-S124DL,mob,samsung,Samsung,,a02q,Galaxy A02s,TracFone,samsung_global_en
SM-A025M,mob,samsung,Samsung,,a02q,Galaxy A02s,Latin America,samsung_global_en
SM-A035F,mob,samsung,Samsung,,a03,Galaxy A03,Global,samsung_global_en
SM-A035G,mob,samsung,Samsung,,a03,Galaxy A03,EU,samsung_global_en
SM-A035M,mob,samsung,Samsung,,a03,Galaxy A03,Latin America,samsung_global_en
SM-A032F,mob,samsung,Samsung,,a3core,Galaxy A03 Core,Global,samsung_global_en
SM-A032M,mob,samsung,Samsung,,a3core,Galaxy A03 Core,Latin America,samsung_global_en
SM-A037F,mob,samsung,Samsung,,a03s,Galaxy A03s,Global,samsung_global_en
SM-A037G,mob,samsung,Samsung,,a03s,Galaxy A03s,EU,samsung_global_en
SM-A037M,mob,samsung,Samsung,,a03s,Galaxy A03s,Latin America,samsung_global_en
SM-A037U,mob,samsung,Samsung,,a03su,Galaxy A03s,US Carrier,samsung_global_en
SM-A037U1,mob,samsung,Samsung,,a03su,Galaxy A03s,US Unlocked,samsung_global_en
SM-S134DL,mob,samsung,Samsung,,a03su,Galaxy A03s,TracFone,samsung_global_en
SM-A037W,mob,samsung,Samsung,,a03su,Galaxy A03s,Canada,samsung_global_en
SM-A045F,mob,samsung,Samsung,,a04,Galaxy A04,Global,samsung_global_en
SM-A045M,mob,samsung,Samsung,,a04,Galaxy A04,Latin America,samsung_global_en
SM-A042F,mob,samsung,Samsung,,a04e,Galaxy A04e,Global,samsung_global_en
SM-A042M,mob,samsung,Samsung,,a04e,Galaxy A04e,Latin America,samsung_global_en
SM-A047F,mob,samsung,Samsung,,a04s,Galaxy A04s,Global,samsung_global_en
SM-A047M,mob,samsung,Samsung,,a04s,Galaxy A04s,Latin America,samsung_global_en
SM-A055F,mob,samsung,Samsung,,a05m,Galaxy A05,Global,samsung_global_en
SM-A055M,mob,samsung,Samsung,,a05m,Galaxy A05,Latin America,samsung_global_en
SM-A057F,mob,samsung,Samsung,,a05s,Galaxy A05s,Global,samsung_global_en
SM-A057G,mob,samsung,Samsung,,a05s,Galaxy A05s,EU,samsung_global_en
SM-A057M,mob,samsung,Samsung,,a05s,Galaxy A05s,Latin America,samsung_global_en
SM-A065F,mob,samsung,Samsung,,a06,Galaxy A06,Global,samsung_global_en
SM-A065M,mob,samsung,Samsung,,a06,Galaxy A06,Latin America,samsung_global_en
SM-A066E,mob,samsung,Samsung,,a06x,Galaxy A06 5G,Global,samsung_global_en
SM-A066B,mob,samsung,Samsung,,a06x,Galaxy A06 5G,Global,samsung_global_en
SM-A066M,mob,samsung,Samsung,,a06x,Galaxy A06 5G,Latin America,samsung_global_en
SM-A075F,mob,samsung,Samsung,,a07,Galaxy A07,Global,samsung_global_en
SM-A075M,mob,samsung,Samsung,,a07,Galaxy A07,Latin America,samsung_global_en
SM-A076E,mob,samsung,Samsung,,a07x,Galaxy A07 5G,Global,samsung_global_en
SM-A076B,mob,samsung,Samsung,,a07x,Galaxy A07 5G,Global,samsung_global_en
SM-A076M,mob,samsung,Samsung,,a07x,Galaxy A07 5G,Latin America,samsung_global_en
SM-A105F,mob,samsung,Samsung,,a10,Galaxy A10,Global,samsung_global_en
SM-A015FN,mob,samsung,Samsung,,a10,Galaxy A10,Global,samsung_global_en
SM-A015G,mob,samsung,Samsung,,a10,Galaxy A10,Global,samsung_global_en
SM-A105M,mob,samsung,Samsung,,a10,Galaxy A10,Latin America,samsung_global_en
SM-A105N,mob,samsung,Samsung,,a10,Galaxy A10,South Korea,samsung_global_en
SM-A102U,mob,samsung,Samsung,,a10e,Galaxy A10e,US Carrier,samsung_global_en
SM-A102U1,mob,samsung,Samsung,,a10e,Galaxy A10e,US Unlocked,samsung_global_en
SM-S102DL,mob,samsung,Samsung,,a10e,Galaxy A10e,TracFone,samsung_global_en
SM-A102W,mob,samsung,Samsung,,a10e,Galaxy A10e,Canada,samsung_global_en
SM-A102N,mob,samsung,Samsung,,a10ekx,Galaxy A10e,South Korea,samsung_global_en
SM-A107F,mob,samsung,Samsung,,a10s,Galaxy A10s,Global,samsung_global_en
SM-A107M,mob,samsung,Samsung,,a10s,Galaxy A10s,Latin America,samsung_global_en
SM-A115F,mob,samsung,Samsung,,a11q,Galaxy A11,Global,samsung_global_en
SM-A115U,mob,samsung,Samsung,,a11q,Galaxy A11,US Carrier,samsung_global_en
SM-A115U1,mob,samsung,Samsung,,a11q,Galaxy A11,US Unlocked,samsung_global_en
SM-A115A,mob,samsung,Samsung,,a11q,Galaxy A11,AT&T,samsung_global_en
SM-A115AP,mob,samsung,Samsung,,a11q,Galaxy A11,AT&T,samsung_global_en
SM-A115AZ,mob,samsung,Samsung,,a11q,Galaxy A11,Cricket,samsung_global_en
SM-S115DL,mob,samsung,Samsung,,a11q,Galaxy A11,TracFone,samsung_global_en
SM-A115W,mob,samsung,Samsung,,a11q,Galaxy A11,Canada,samsung_global_en
SM-A115M,mob,samsung,Samsung,,a11q,Galaxy A11,Latin America,samsung_global_en
SM-A125F,mob,samsung,Samsung,,a12,Galaxy A12,Global,samsung_global_en
SM-A125M,mob,samsung,Samsung,,a12,Galaxy A12,Latin America,samsung_global_en
SM-A125N,mob,samsung,Samsung,,a12,Galaxy A12,South Korea,samsung_global_en
SM-A125U,mob,samsung,Samsung,,a12u,Galaxy A12,US Carrier,samsung_global_en
SM-A125U1,mob,samsung,Samsung,,a12u,Galaxy A12,US Unlocked,samsung_global_en
SM-S127DL,mob,samsung,Samsung,,a12u,Galaxy A12,TracFone,samsung_global_en
SM-A125W,mob,samsung,Samsung,,a12u,Galaxy A12,Canada,samsung_global_en
SM-A127F,mob,samsung,Samsung,,a12s,Galaxy A12 Nacho,Global,samsung_global_en
SM-A127M,mob,samsung,Samsung,,a12s,Galaxy A12 Nacho,Latin America,samsung_global_en
SM-A135F,mob,samsung,Samsung,,a13,Galaxy A13,Global (Exynos),samsung_global_en
SM-A135U,mob,samsung,Samsung,,a13,Galaxy A13,US Carrier,samsung_global_en
SM-A135U1,mob,samsung,Samsung,,a13,Galaxy A13,US Unlocked,samsung_global_en
SM-A135M,mob,samsung,Samsung,,a13,Galaxy A13,Latin America,samsung_global_en
SM-A135N,mob,samsung,Samsung,,a13,Galaxy A13,South Korea,samsung_global_en
SM-A137F,mob,samsung,Samsung,,a13ve,Galaxy A13,Global (MediaTek),samsung_global_en
SM-A136B,mob,samsung,Samsung,,a13x,Galaxy A13 5G,Global,samsung_global_en
SM-A136U,mob,samsung,Samsung,,a13x,Galaxy A13 5G,US Carrier,samsung_global_en
SM-A136U1,mob,samsung,Samsung,,a13x,Galaxy A13 5G,US Unlocked,samsung_global_en
SM-S136DL,mob,samsung,Samsung,,a13x,Galaxy A13 5G,TracFone,samsung_global_en
SM-A136W,mob,samsung,Samsung,,a13x,Galaxy A13 5G,Canada,samsung_global_en
SM-A136M,mob,samsung,Samsung,,a13x,Galaxy A13 5G,Latin America,samsung_global_en
SM-A145F,mob,samsung,Samsung,,a14,Galaxy A14,Global (Exynos),samsung_global_en
SM-A145FB,mob,samsung,Samsung,,a14,Galaxy A14,Global (Exynos),samsung_global_en
SM-A145M,mob,samsung,Samsung,,a14,Galaxy A14,Latin America,samsung_global_en
SM-A145MB,mob,samsung,Samsung,,a14,Galaxy A14,Latin America,samsung_global_en
SM-A145P,mob,samsung,Samsung,,a14m,Galaxy A14,MEA (MediaTek),samsung_global_en
SM-A145R,mob,samsung,Samsung,,a14m,Galaxy A14,EU (MediaTek),samsung_global_en
SM-A146B,mob,samsung,Samsung,,a14x,Galaxy A14 5G,Global (Exynos),samsung_global_en
SM-A146M,mob,samsung,Samsung,,a14x,Galaxy A14 5G,Latin America,samsung_global_en
SM-A146P,mob,samsung,Samsung,,a14xm,Galaxy A14 5G,Global (MediaTek),samsung_global_en
SM-A146U,mob,samsung,Samsung,,a14xm,Galaxy A14 5G,US Carrier,samsung_global_en
SM-A146U1,mob,samsung,Samsung,,a14xm,Galaxy A14 5G,US Unlocked,samsung_global_en
SM-S146VL,mob,samsung,Samsung,,a14xm,Galaxy A14 5G,TracFone,samsung_global_en
SM-A146W,mob,samsung,Samsung,,a14xm,Galaxy A14 5G,Canada,samsung_global_en
SM-A155F,mob,samsung,Samsung,,a15,Galaxy A15,Global,samsung_global_en
SM-A155M,mob,samsung,Samsung,,a15,Galaxy A15,Latin America,samsung_global_en
SM-A155N,mob,samsung,Samsung,,a15,Galaxy A15,South Korea,samsung_global_en
SM-A156E,mob,samsung,Samsung,,a15x,Galaxy A15 5G,Global,samsung_global_en
SM-A156B,mob,samsung,Samsung,,a15x,Galaxy A15 5G,EU,samsung_global_en
SM-A156U,mob,samsung,Samsung,,a15x,Galaxy A15 5G,US Carrier,samsung_global_en
SM-A156U1,mob,samsung,Samsung,,a15x,Galaxy A15 5G,US Unlocked,samsung_global_en
SM-S156V,mob,samsung,Samsung,,a15x,Galaxy A15 5G,TracFone,samsung_global_en
SM-A156W,mob,samsung,Samsung,,a15x,Galaxy A15 5G,Canada,samsung_global_en
SM-A156M,mob,samsung,Samsung,,a15x,Galaxy A15 5G,Latin America,samsung_global_en
SM-A1560,mob,samsung,Samsung,,a15x,Galaxy A15 5G,HK & TW,samsung_global_en
SM-A165F,mob,samsung,Samsung,,a16,Galaxy A16,Global,samsung_global_en
SM-A165M,mob,samsung,Samsung,,a16,Galaxy A16,Latin America,samsung_global_en
SM-A165N,mob,samsung,Samsung,,a16,Galaxy A16,South Korea,samsung_global_en
SM-A166E,mob,samsung,Samsung,,a16x,Galaxy A16 5G,Global (Exynos),samsung_global_en
SM-A166B,mob,samsung,Samsung,,a16x,Galaxy A16 5G,EU,samsung_global_en
SM-A166U,mob,samsung,Samsung,,a16x,Galaxy A16 5G,US Carrier,samsung_global_en
SM-A166U1,mob,samsung,Samsung,,a16x,Galaxy A16 5G,US Unlocked,samsung_global_en
SM-S166V,mob,samsung,Samsung,,a16x,Galaxy A16 5G,TracFone,samsung_global_en
SM-A166W,mob,samsung,Samsung,,a16x,Galaxy A16 5G,Canada,samsung_global_en
SM-A166M,mob,samsung,Samsung,,a16x,Galaxy A16 5G,Latin America,samsung_global_en
SM-A1660,mob,samsung,Samsung,,a16x,Galaxy A16 5G,HK & TW,samsung_global_en
SM-A166P,mob,samsung,Samsung,,a16xm,Galaxy A16 5G,Global (MediaTek),samsung_global_en
SM-A175F,mob,samsung,Samsung,,a17,Galaxy A17,Global,samsung_global_en
SM-A175N,mob,samsung,Samsung,,a17,Galaxy A17,South Korea,samsung_global_en
SM-A176B,mob,samsung,Samsung,,a17x,Galaxy A17 5G,Global,samsung_global_en
SM-A176U,mob,samsung,Samsung,,a17x,Galaxy A17 5G,US Carrier,samsung_global_en
SM-A176U1,mob,samsung,Samsung,,a17x,Galaxy A17 5G,US Unlocked,samsung_global_en
SM-S176V,mob,samsung,Samsung,,a17x,Galaxy A17 5G,TracFone,samsung_global_en
SM-A176W,mob,samsung,Samsung,,a17x,Galaxy A17 5G,Canada,samsung_global_en
SM-A1760,mob,samsung,Samsung,,a17x,Galaxy A17 5G,HK & TW,samsung_global_en
SM-A260F,mob,samsung,Samsung,,a2corelte,Galaxy A2 Core,Global,samsung_global_en
SM-A260G,mob,samsung,Samsung,,a2corelte,Galaxy A2 Core,India,samsung_global_en
SM-A205F,mob,samsung,Samsung,,a20,Galaxy A20,Global,samsung_global_en
SM-A205FN,mob,samsung,Samsung,,a20,Galaxy A20,EU,samsung_global_en
SM-A205G,mob,samsung,Samsung,,a20,Galaxy A20,Latin America,samsung_global_en
SM-A205GN,mob,samsung,Samsung,,a20,Galaxy A20,Southeast Asia,samsung_global_en
SM-A205W,mob,samsung,Samsung,,a20,Galaxy A20,Canada,samsung_global_en
SM-A205YN,mob,samsung,Samsung,,a20,Galaxy A20,Australia & New Zealand,samsung_global_en
SCV46,mob,samsung,Samsung,,a20,Galaxy A20,Japan (au),samsung_global_en
SC-02M,mob,samsung,Samsung,,a20,Galaxy A20,Japan (NTT Docomo),samsung_global_en
SM-A205U,mob,samsung,Samsung,,a20p,Galaxy A20,US Carrier,samsung_global_en
SM-A205U1,mob,samsung,Samsung,,a20p,Galaxy A20,US Unlocked,samsung_global_en
SM-S205DL,mob,samsung,Samsung,,a20p,Galaxy A20,TracFone,samsung_global_en
SM-A202F,mob,samsung,Samsung,,a20e,Galaxy A20e,Global,samsung_global_en
SM-A207F,mob,samsung,Samsung,,a20s,Galaxy A20s,Global,samsung_global_en
SM-A207W,mob,samsung,Samsung,,a20s,Galaxy A20s,Latin America,samsung_global_en
SM-A2070,mob,samsung,Samsung,,a20s,Galaxy A20s,China,samsung_global_en
SM-A215U,mob,samsung,Samsung,,a21,Galaxy A21,US Carrier,samsung_global_en
SM-A215U1,mob,samsung,Samsung,,a21,Galaxy A21,US Unlocked,samsung_global_en
SM-S215DL,mob,samsung,Samsung,,a21,Galaxy A21,TracFone,samsung_global_en
SM-A215W,mob,samsung,Samsung,,a21,Galaxy A21,Canada,samsung_global_en
SCV49,mob,samsung,Samsung,,a21,Galaxy A21,Japan (au),samsung_global_en
SC-42A,mob,samsung,Samsung,,a21,Galaxy A21,Japan (NTT Docomo),samsung_global_en
SM-A217F,mob,samsung,Samsung,,a21s,Galaxy A21s,Global,samsung_global_en
SM-A217M,mob,samsung,Samsung,,a21s,Galaxy A21s,Latin America,samsung_global_en
SM-A217N,mob,samsung,Samsung,,a21s,Galaxy A21s,South Korea,samsung_global_en
SM-A225F,mob,samsung,Samsung,,a22,Galaxy A22,Global,samsung_global_en
SM-A225M,mob,samsung,Samsung,,a22,Galaxy A22,Latin America,samsung_global_en
SM-A226B,mob,samsung,Samsung,,a22x,Galaxy A22 5G,Global,samsung_global_en
SM-A226BR,mob,samsung,Samsung,,a22x,Galaxy A22 5G,Global,samsung_global_en
SC-56B,mob,samsung,Samsung,,a22x,Galaxy A22 5G,Japan (NTT DOcomo),samsung_global_en
SM-A226B,mob,samsung,Samsung,,a22x,Galaxy A22s 5G,Global,samsung_global_en
SM-A235F,mob,samsung,Samsung,,a23,Galaxy A23,Global,samsung_global_en
SM-A235M,mob,samsung,Samsung,,a23,Galaxy A23,Latin America,samsung_global_en
SM-A235N,mob,samsung,Samsung,,a23,Galaxy A23,South Korea,samsung_global_en
SM-A235E,mob,samsung,Samsung,,a23xq,Galaxy A23 5G,Global,samsung_global_en
SM-A236B,mob,samsung,Samsung,,a23xq,Galaxy A23 5G,EU,samsung_global_en
SM-A236U,mob,samsung,Samsung,,a23xq,Galaxy A23 5G,US Carrier,samsung_global_en
SM-A236U1,mob,samsung,Samsung,,a23xq,Galaxy A23 5G,US Unlocked,samsung_global_en
SM-A236V,mob,samsung,Samsung,,a23xq,Galaxy A23 5G,UW Verizon,samsung_global_en
SM-S236DL,mob,samsung,Samsung,,a23xq,Galaxy A23 5G,TracFone,samsung_global_en
SM-S237VL,mob,samsung,Samsung,,a23xq,Galaxy A23 5G,TracFone,samsung_global_en
SM-A236M,mob,samsung,Samsung,,a23xq,Galaxy A23 5G,Latin America,samsung_global_en
SM-A2360,mob,samsung,Samsung,,a23xq,Galaxy A23 5G,HK,samsung_global_en
SCG18,mob,samsung,Samsung,,a23xq,Galaxy A23 5G,Japan (au),samsung_global_en
SC-56C,mob,samsung,Samsung,,a23xq,Galaxy A23 5G,Japan (NTT Docomo),samsung_global_en
SM-A233C,mob,samsung,Samsung,,a23ex,Galaxy A23 5G,Japan (Rakuten Mobile),samsung_global_en
SM-A245F,mob,samsung,Samsung,,a24,Galaxy A24,Global,samsung_global_en
SM-A245M,mob,samsung,Samsung,,a24,Galaxy A24,Latin America,samsung_global_en
SM-A245N,mob,samsung,Samsung,,a24,Galaxy A24,South Korea,samsung_global_en
SM-A256E,mob,samsung,Samsung,,a25x,Galaxy A25 5G,Global,samsung_global_en
SM-A256B,mob,samsung,Samsung,,a25x,Galaxy A25 5G,EU,samsung_global_en
SM-A256U,mob,samsung,Samsung,,a25x,Galaxy A25 5G,US Carrier,samsung_global_en
SM-A256U1,mob,samsung,Samsung,,a25x,Galaxy A25 5G,US Unlocked,samsung_global_en
SM-S256VL,mob,samsung,Samsung,,a25x,Galaxy A25 5G,TracFone,samsung_global_en
SM-A2560,mob,samsung,Samsung,,a25x,Galaxy A25 5G,HK,samsung_global_en
SM-A256N,mob,samsung,Samsung,,a25x,Galaxy A25 5G,South Korea,samsung_global_en
SM-A253Q,mob,samsung,Samsung,,a25ex,Galaxy A25 5G,Japan (SIM Free),samsung_global_en
SM-A253Z,mob,samsung,Samsung,,a25ex,Galaxy A25 5G,Japan (SoftBank),samsung_global_en
SCG33,mob,samsung,Samsung,,a25ex,Galaxy A25 5G,Japan (au),samsung_global_en
SC-53F,mob,samsung,Samsung,,a25ex,Galaxy A25 5G,Japan (NTT Docomo),samsung_global_en
SM-A266B,mob,samsung,Samsung,,a26x,Galaxy A26 5G,Global,samsung_global_en
SM-A266U,mob,samsung,Samsung,,a26x,Galaxy A26 5G,US Carrier,samsung_global_en
SM-A266U1,mob,samsung,Samsung,,a26x,Galaxy A26 5G,US Unlocked,samsung_global_en
SM-S266V,mob,samsung,Samsung,,a26x,Galaxy A26 5G,TracFone,samsung_global_en
SM-A266M,mob,samsung,Samsung,,a26xs,Galaxy A26 5G,Latin America,samsung_global_en
SM-A276B,mob,samsung,Samsung,,a27xq,Galaxy A27 5G,Global,samsung_global_en
SM-A276U,mob,samsung,Samsung,,a27xq,Galaxy A27 5G,US Carrier,samsung_global_en
SM-A276U1,mob,samsung,Samsung,,a27xq,Galaxy A27 5G,US Unlocked,samsung_global_en
SM-S276V,mob,samsung,Samsung,,a27xq,Galaxy A27 5G,TracFone,samsung_global_en
SM-A2760,mob,samsung,Samsung,,a27xq,Galaxy A27 5G,HK,samsung_global_en
SM-A305F,mob,samsung,Samsung,,a30,Galaxy A30,Global,samsung_global_en
SM-A305FN,mob,samsung,Samsung,,a30,Galaxy A30,EU,samsung_global_en
SM-A305G,mob,samsung,Samsung,,a30,Galaxy A30,Latin America,samsung_global_en
SM-A305GN,mob,samsung,Samsung,,a30,Galaxy A30,Southeast Asia,samsung_global_en
SM-A305GT,mob,samsung,Samsung,,a30,Galaxy A30,Brazil,samsung_global_en
SM-A305N,mob,samsung,Samsung,,a30,Galaxy A30,South Korea,samsung_global_en
SM-A305YN,mob,samsung,Samsung,,a30,Galaxy A30,Australia & New Zealand,samsung_global_en
SCV43,mob,samsung,Samsung,,a30,Galaxy A30,Japan (au),samsung_global_en
SM-A307FN,mob,samsung,Samsung,,a30s,Galaxy A30s,Global,samsung_global_en
SM-A307G,mob,samsung,Samsung,,a30s,Galaxy A30s,Latin America,samsung_global_en
SM-A307GN,mob,samsung,Samsung,,a30s,Galaxy A30s,Southeast Asia,samsung_global_en
SM-A307GT,mob,samsung,Samsung,,a30s,Galaxy A30s,Brazil,samsung_global_en
SM-A315F,mob,samsung,Samsung,,a31,Galaxy A31,Global,samsung_global_en
SM-A315G,mob,samsung,Samsung,,a31,Galaxy A31,Global,samsung_global_en
SM-A315N,mob,samsung,Samsung,,a31,Galaxy A31,South Korea,samsung_global_en
SM-A325F,mob,samsung,Samsung,,a32,Galaxy A32,Global,samsung_global_en
SM-A325M,mob,samsung,Samsung,,a32,Galaxy A32,Latin America,samsung_global_en
SM-A325N,mob,samsung,Samsung,,a32,Galaxy A32,South Korea,samsung_global_en
SM-A326B,mob,samsung,Samsung,,a32x,Galaxy A32 5G,Global,samsung_global_en
SM-A326BR,mob,samsung,Samsung,,a32x,Galaxy A32 5G,Global,samsung_global_en
SM-A326U,mob,samsung,Samsung,,a32x,Galaxy A32 5G,US Carrier,samsung_global_en
SM-A326U1,mob,samsung,Samsung,,a32x,Galaxy A32 5G,US Unlocked,samsung_global_en
SM-S326DL,mob,samsung,Samsung,,a32x,Galaxy A32 5G,TracFone,samsung_global_en
SM-A326W,mob,samsung,Samsung,,a32x,Galaxy A32 5G,Canada,samsung_global_en
SCG08,mob,samsung,Samsung,,a32x,Galaxy A32 5G,Japan (au),samsung_global_en
SM-A336E,mob,samsung,Samsung,,a33x,Galaxy A33 5G,Global,samsung_global_en
SM-A336B,mob,samsung,Samsung,,a33x,Galaxy A33 5G,EU,samsung_global_en
SM-A336M,mob,samsung,Samsung,,a33x,Galaxy A33 5G,Latin America,samsung_global_en
SM-A3360,mob,samsung,Samsung,,a33x,Galaxy A33 5G,HK,samsung_global_en
SM-A336N,mob,samsung,Samsung,,a33x,Galaxy A33 5G,South Korea,samsung_global_en
SM-A346E,mob,samsung,Samsung,,a34x,Galaxy A34 5G,Global,samsung_global_en
SM-A346B,mob,samsung,Samsung,,a34x,Galaxy A34 5G,EU,samsung_global_en
SM-A346M,mob,samsung,Samsung,,a34x,Galaxy A34 5G,Latin America,samsung_global_en
SM-A3460,mob,samsung,Samsung,,a34x,Galaxy A34 5G,HK & TW,samsung_global_en
SM-A346N,mob,samsung,Samsung,,a34x,Galaxy A34 5G,South Korea,samsung_global_en
SM-A356E,mob,samsung,Samsung,,a35x,Galaxy A35 5G,Global,samsung_global_en
SM-A356B,mob,samsung,Samsung,,a35x,Galaxy A35 5G,EU,samsung_global_en
SM-A356U,mob,samsung,Samsung,,a35x,Galaxy A35 5G,US Carrier,samsung_global_en
SM-A356U1,mob,samsung,Samsung,,a35x,Galaxy A35 5G,US Unlocked,samsung_global_en
SM-S356V,mob,samsung,Samsung,,a35x,Galaxy A35 5G,TracFone,samsung_global_en
SM-A356W,mob,samsung,Samsung,,a35x,Galaxy A35 5G,Canada,samsung_global_en
SM-A3560,mob,samsung,Samsung,,a35x,Galaxy A35 5G,HK & TW,samsung_global_en
SM-A356N,mob,samsung,Samsung,,a35x,Galaxy A35 5G,South Korea,samsung_global_en
SM-A366E,mob,samsung,Samsung,,a36xq,Galaxy A36 5G,Global,samsung_global_en
SM-A366B,mob,samsung,Samsung,,a36xq,Galaxy A36 5G,EU,samsung_global_en
SM-A366U,mob,samsung,Samsung,,a36xq,Galaxy A36 5G,US Carrier,samsung_global_en
SM-A366U1,mob,samsung,Samsung,,a36xq,Galaxy A36 5G,US Unlocked,samsung_global_en
SM-S366V,mob,samsung,Samsung,,a36xq,Galaxy A36 5G,TracFone,samsung_global_en
SM-A366W,mob,samsung,Samsung,,a36xq,Galaxy A36 5G,Canada,samsung_global_en
SM-A3660,mob,samsung,Samsung,,a36xq,Galaxy A36 5G,HK & TW,samsung_global_en
SM-A366N,mob,samsung,Samsung,,a36xq,Galaxy A36 5G,South Korea,samsung_global_en
SM-A376E,mob,samsung,Samsung,,a37x,Galaxy A37 5G,Global,samsung_global_en
SM-A376B,mob,samsung,Samsung,,a37x,Galaxy A37 5G,EU,samsung_global_en
SM-A376U,mob,samsung,Samsung,,a37x,Galaxy A37 5G,US Carrier,samsung_global_en
SM-A376U1,mob,samsung,Samsung,,a37x,Galaxy A37 5G,US Unlocked,samsung_global_en
SM-S376V,mob,samsung,Samsung,,a37x,Galaxy A37 5G,TracFone,samsung_global_en
SM-A376W,mob,samsung,Samsung,,a37x,Galaxy A37 5G,Canada,samsung_global_en
SM-A3760,mob,samsung,Samsung,,a37x,Galaxy A37 5G,HK & TW,samsung_global_en
SM-A405FN,mob,samsung,Samsung,,a40,Galaxy A40,Global,samsung_global_en
SM-A405FM,mob,samsung,Samsung,,a40,Galaxy A40,Russia,samsung_global_en
SM-A405S,mob,samsung,Samsung,,a40,Galaxy A40,South Korea (SK Telecom),samsung_global_en
SM-A3050,mob,samsung,Samsung,,a30c,Galaxy A40s,China mainland,samsung_global_en
SM-A3058,mob,samsung,Samsung,,a30c,Galaxy A40s,China Mobile,samsung_global_en
SM-A3051,mob,samsung,Samsung,,a30c,Galaxy A40s,TW,samsung_global_en
SM-A415F,mob,samsung,Samsung,,a41,Galaxy A41,Global,samsung_global_en
SCV48,mob,samsung,Samsung,,a41,Galaxy A41,Japan (au),samsung_global_en
SC-41A,mob,samsung,Samsung,,a41,Galaxy A41,Japan (NTT Docomo),samsung_global_en
SM-A426B,mob,samsung,Samsung,,a42xq,Galaxy A42 5G,Global,samsung_global_en
SM-A4260,mob,samsung,Samsung,,a42xq,Galaxy A42 5G,HK,samsung_global_en
SM-A426N,mob,samsung,Samsung,,a42xq,Galaxy A42 5G,South Korea,samsung_global_en
SM-A426U,mob,samsung,Samsung,,a42xuq,Galaxy A42 5G,US Carrier,samsung_global_en
SM-A426U1,mob,samsung,Samsung,,a42xuq,Galaxy A42 5G,US Unlocked,samsung_global_en
SM-S426DL,mob,samsung,Samsung,,a42xuq,Galaxy A42 5G,TracFone,samsung_global_en
SM-A505F,mob,samsung,Samsung,,a50,Galaxy A50,Global,samsung_global_en
SM-A505FN,mob,samsung,Samsung,,a50,Galaxy A50,EU,samsung_global_en
SM-A505FM,mob,samsung,Samsung,,a50,Galaxy A50,Russia,samsung_global_en
SM-A505G,mob,samsung,Samsung,,a50,Galaxy A50,Latin America,samsung_global_en
SM-A505GN,mob,samsung,Samsung,,a50,Galaxy A50,Southeast Asia,samsung_global_en
SM-A505GT,mob,samsung,Samsung,,a50,Galaxy A50,Brazil,samsung_global_en
SM-A505U,mob,samsung,Samsung,,a50,Galaxy A50,US Carrier,samsung_global_en
SM-A505U1,mob,samsung,Samsung,,a50,Galaxy A50,US Unlocked,samsung_global_en
SM-S506DL,mob,samsung,Samsung,,a50,Galaxy A50,TracFone,samsung_global_en
SM-A505W,mob,samsung,Samsung,,a50,Galaxy A50,Canada,samsung_global_en
SM-A505N,mob,samsung,Samsung,,a50,Galaxy A50,South Korea,samsung_global_en
SM-A505YN,mob,samsung,Samsung,,a50,Galaxy A50,Australia & New Zealand,samsung_global_en
SM-A507FN,mob,samsung,Samsung,,a50s,Galaxy A50s,Global,samsung_global_en
SM-A5070,mob,samsung,Samsung,,a50s,Galaxy A50s,China,samsung_global_en
SM-A515F,mob,samsung,Samsung,,a51,Galaxy A51,Global,samsung_global_en
SM-A515X,mob,samsung,Samsung,,a51,Galaxy A51,Global,samsung_global_en
SM-A515U,mob,samsung,Samsung,,a51,Galaxy A51,US Carrier,samsung_global_en
SM-A515U1,mob,samsung,Samsung,,a51,Galaxy A51,US Unlocked,samsung_global_en
SM-S515DL,mob,samsung,Samsung,,a51,Galaxy A51,TracFone,samsung_global_en
SM-A515W,mob,samsung,Samsung,,a51,Galaxy A51,Canada,samsung_global_en
SM-A516B,mob,samsung,Samsung,,a51x,Galaxy A51 5G,Global,samsung_global_en
SM-A516U,mob,samsung,Samsung,,a51x,Galaxy A51 5G,US Carrier,samsung_global_en
SM-A516U1,mob,samsung,Samsung,,a51x,Galaxy A51 5G,US Unlocked,samsung_global_en
SM-A5160,mob,samsung,Samsung,,a51x,Galaxy A51 5G,China,samsung_global_en
SM-A516N,mob,samsung,Samsung,,a51x,Galaxy A51 5G,South Korea,samsung_global_en
SM-A516V,mob,samsung,Samsung,,a51xq,Galaxy A51 5G,UW Verizon,samsung_global_en
SM-A525F,mob,samsung,Samsung,,a52q,Galaxy A52,Global,samsung_global_en
SM-A525M,mob,samsung,Samsung,,a52q,Galaxy A52,Latin America,samsung_global_en
SM-A526B,mob,samsung,Samsung,,a52xq,Galaxy A52 5G,Global,samsung_global_en
SM-A526U,mob,samsung,Samsung,,a52xq,Galaxy A52 5G,US Carrier,samsung_global_en
SM-A526U1,mob,samsung,Samsung,,a52xq,Galaxy A52 5G,US Unlocked,samsung_global_en
SM-A526W,mob,samsung,Samsung,,a52xq,Galaxy A52 5G,Canada,samsung_global_en
SM-A5260,mob,samsung,Samsung,,a52xq,Galaxy A52 5G,China,samsung_global_en
SM-A526N,mob,samsung,Samsung,,a52xq,Galaxy A52 5G,South Korea,samsung_global_en
SC-53B,mob,samsung,Samsung,,a52xq,Galaxy A52 5G,Japan (NTT Docomo),samsung_global_en
SM-A528B,mob,samsung,Samsung,,a52sxq,Galaxy A52s 5G,Global,samsung_global_en
SM-A528N,mob,samsung,Samsung,,a52sxq,Galaxy A52s 5G,South Korea,samsung_global_en
SM-A536E,mob,samsung,Samsung,,a53x,Galaxy A53 5G,Global,samsung_global_en
SM-A536B,mob,samsung,Samsung,,a53x,Galaxy A53 5G,EU,samsung_global_en
SM-A536U,mob,samsung,Samsung,,a53x,Galaxy A53 5G,US Carrier,samsung_global_en
SM-A536U1,mob,samsung,Samsung,,a53x,Galaxy A53 5G,US Unlocked,samsung_global_en
SM-A536V,mob,samsung,Samsung,,a53x,Galaxy A53 5G,UW Verizon,samsung_global_en
SM-S536DL,mob,samsung,Samsung,,a53x,Galaxy A53 5G,TracFone,samsung_global_en
SM-A536W,mob,samsung,Samsung,,a53x,Galaxy A53 5G,Canada,samsung_global_en
SM-A5360,mob,samsung,Samsung,,a53x,Galaxy A53 5G,China,samsung_global_en
SM-A536N,mob,samsung,Samsung,,a53x,Galaxy A53 5G,South Korea,samsung_global_en
SCG15,mob,samsung,Samsung,,a53x,Galaxy A53 5G,Japan (au),samsung_global_en
SC-53C,mob,samsung,Samsung,,a53x,Galaxy A53 5G,Japan (NTT Docomo),samsung_global_en
SM-A546E,mob,samsung,Samsung,,a54x,Galaxy A54 5G,Global,samsung_global_en
SM-A546B,mob,samsung,Samsung,,a54x,Galaxy A54 5G,EU,samsung_global_en
SM-A546U,mob,samsung,Samsung,,a54x,Galaxy A54 5G,US Carrier,samsung_global_en
SM-A546U1,mob,samsung,Samsung,,a54x,Galaxy A54 5G,US Unlocked,samsung_global_en
SM-A546V,mob,samsung,Samsung,,a54x,Galaxy A54 5G,Verizon,samsung_global_en
SM-S546VL,mob,samsung,Samsung,,a54x,Galaxy A54 5G,TracFone,samsung_global_en
SM-A546W,mob,samsung,Samsung,,a54x,Galaxy A54 5G,Canada,samsung_global_en
SM-A5460,mob,samsung,Samsung,,a54x,Galaxy A54 5G,China,samsung_global_en
SCG21,mob,samsung,Samsung,,a54x,Galaxy A54 5G,Japan (au),samsung_global_en
SC-53D,mob,samsung,Samsung,,a54x,Galaxy A54 5G,Japan (NTT Docomo),samsung_global_en
SM-A546S,mob,samsung,Samsung,,a54x,Galaxy A54 5G,Quantum4 South Korea,samsung_global_en
SM-A556E,mob,samsung,Samsung,,a55x,Galaxy A55 5G,Global,samsung_global_en
SM-A556B,mob,samsung,Samsung,,a55x,Galaxy A55 5G,EU,samsung_global_en
SM-A5560,mob,samsung,Samsung,,a55x,Galaxy A55 5G,China,samsung_global_en
SCG27,mob,samsung,Samsung,,a55x,Galaxy A55 5G,Japan (au),samsung_global_en
SC-53E,mob,samsung,Samsung,,a55x,Galaxy A55 5G,Japan (NTT Docomo),samsung_global_en
SM-A556S,mob,samsung,Samsung,,a55x,Galaxy A55 5G,Quantum5 South Korea,samsung_global_en
SM-A566E,mob,samsung,Samsung,,a56x,Galaxy A56 5G,Global,samsung_global_en
SM-A566B,mob,samsung,Samsung,,a56x,Galaxy A56 5G,EU,samsung_global_en
SM-A566U1,mob,samsung,Samsung,,a56x,Galaxy A56 5G,US Unlocked,samsung_global_en
SM-A5660,mob,samsung,Samsung,,a56x,Galaxy A56 5G,China,samsung_global_en
SM-A566S,mob,samsung,Samsung,,a56x,Galaxy A56 5G,Quantum6 South Korea,samsung_global_en
SM-A576B,mob,samsung,Samsung,,a57x,Galaxy A57 5G,Global,samsung_global_en
SM-A576U1,mob,samsung,Samsung,,a57x,Galaxy A57 5G,US Unlocked,samsung_global_en
SM-A576W,mob,samsung,Samsung,,a57x,Galaxy A57 5G,Canada,samsung_global_en
SM-A5760,mob,samsung,Samsung,,a57x,Galaxy A57 5G,China,samsung_global_en
SM-A576Q,mob,samsung,Samsung,,a57x,Galaxy A57 5G,Japan (SIM Free),samsung_global_en
SM-A576Z,mob,samsung,Samsung,,a57x,Galaxy A57 5G,Japan (SoftBank),samsung_global_en
SM-A606F,mob,samsung,Samsung,,a60q,Galaxy A60,Global,samsung_global_en
SM-A6060,mob,samsung,Samsung,,a60q,Galaxy A60,China mainland,samsung_global_en
SM-A606Y,mob,samsung,Samsung,,a60q,Galaxy A60,TW,samsung_global_en
SM-A705F,mob,samsung,Samsung,,a70q,Galaxy A70,Global,samsung_global_en
SM-A705FN,mob,samsung,Samsung,,a70q,Galaxy A70,Global,samsung_global_en
SM-A705GM,mob,samsung,Samsung,,a70q,Galaxy A70,India,samsung_global_en
SM-A705MN,mob,samsung,Samsung,,a70q,Galaxy A70,Latin America,samsung_global_en
SM-A705U,mob,samsung,Samsung,,a70q,Galaxy A70,US Carrier,samsung_global_en
SM-A705U1,mob,samsung,Samsung,,a70q,Galaxy A70,US Unlocked,samsung_global_en
SM-A705W,mob,samsung,Samsung,,a70q,Galaxy A70,Canada,samsung_global_en
SM-A7050,mob,samsung,Samsung,,a70q,Galaxy A70,China,samsung_global_en
SM-A705YN,mob,samsung,Samsung,,a70q,Galaxy A70,Australia & New Zealand,samsung_global_en
SM-A707F,mob,samsung,Samsung,,a70s,Galaxy A70s,Global,samsung_global_en
SM-A7070,mob,samsung,Samsung,,a70s,Galaxy A70s,China,samsung_global_en
SM-A715F,mob,samsung,Samsung,,a71,Galaxy A71,Global,samsung_global_en
SM-A715X,mob,samsung,Samsung,,a71,Galaxy A71,Global,samsung_global_en
SM-A715W,mob,samsung,Samsung,,a71,Galaxy A71,Canada,samsung_global_en
SM-A716B,mob,samsung,Samsung,,a71x,Galaxy A71 5G,Global,samsung_global_en
SM-A7160,mob,samsung,Samsung,,a71x,Galaxy A71 5G,China,samsung_global_en
SM-A716U,mob,samsung,Samsung,,a71xq,Galaxy A71 5G,US Carrier,samsung_global_en
SM-A716U1,mob,samsung,Samsung,,a71xq,Galaxy A71 5G,US Unlocked,samsung_global_en
SM-A716V,mob,samsung,Samsung,,a71xq,Galaxy A71 5G,UW Verizon,samsung_global_en
SM-A725F,mob,samsung,Samsung,,a72q,Galaxy A72,Global,samsung_global_en
SM-A725M,mob,samsung,Samsung,,a72q,Galaxy A72,Latin America,samsung_global_en
SM-A736B,mob,samsung,Samsung,,a73xq,Galaxy A73 5G,Global,samsung_global_en
SM-A805F,mob,samsung,Samsung,,r1q,Galaxy A80,Global,samsung_global_en
SM-A8050,mob,samsung,Samsung,,r1q,Galaxy A80,China,samsung_global_en
SM-A805N,mob,samsung,Samsung,,r1q,Galaxy A80,South Korea,samsung_global_en
SM-A908B,mob,samsung,Samsung,,r3q,Galaxy A90 5G,Global,samsung_global_en
SM-A9080,mob,samsung,Samsung,,r3q,Galaxy A90 5G,China,samsung_global_en
SM-A908N,mob,samsung,Samsung,,r3q,Galaxy A90 5G,South Korea,samsung_global_en
SM-A826S,mob,samsung,Samsung,,a82xq,Galaxy Quantum2,South Korea,samsung_global_en
SM-M015F,mob,samsung,Samsung,,m01q,Galaxy M01,,samsung_global_en
SM-M015G,mob,samsung,Samsung,,m01q,Galaxy M01,,samsung_global_en
SM-M013F,mob,samsung,Samsung,,a01core,Galaxy M01 Core,,samsung_global_en
SM-M013F,mob,samsung,Samsung,,a10s,Galaxy M01s,,samsung_global_en
SM-M022F,mob,samsung,Samsung,,a02,Galaxy M02,India,samsung_global_en
SM-M022G,mob,samsung,Samsung,,a02,Galaxy M02,India (2GB RAM),samsung_global_en
SM-M022M,mob,samsung,Samsung,,a02,Galaxy M02,Latin America,samsung_global_en
SM-M025F,mob,samsung,Samsung,,a02q,Galaxy M02s,,samsung_global_en
SM-M045F,mob,samsung,Samsung,,m04,Galaxy M04,,samsung_global_en
SM-M055F,mob,samsung,Samsung,,a05m,Galaxy M05,,samsung_global_en
SM-M066B,mob,samsung,Samsung,,a06x,Galaxy M06 5G,,samsung_global_en
SM-M075F,mob,samsung,Samsung,,a07,Galaxy M07,,samsung_global_en
SM-M105G,mob,samsung,Samsung,,m10lte,Galaxy M10,Global,samsung_global_en
SM-M105F,mob,samsung,Samsung,,m10lte,Galaxy M10,India,samsung_global_en
SM-M105M,mob,samsung,Samsung,,m10lte,Galaxy M10,Latin America,samsung_global_en
SM-M105Y,mob,samsung,Samsung,,m10lte,Galaxy M10,Philippines,samsung_global_en
SM-M107F,mob,samsung,Samsung,,m10s,Galaxy M10s,,samsung_global_en
SM-M115F,mob,samsung,Samsung,,m11q,Galaxy M11,India,samsung_global_en
SM-M115M,mob,samsung,Samsung,,m11q,Galaxy M11,Latin America,samsung_global_en
SM-M127G,mob,samsung,Samsung,,m12,Galaxy M12,India,samsung_global_en
SM-M127F,mob,samsung,Samsung,,m12,Galaxy M12,Latin America,samsung_global_en
SM-M127N,mob,samsung,Samsung,,m12,Galaxy M12,South Korea,samsung_global_en
SM-M135F,mob,samsung,Samsung,,m13,Galaxy M13,EU,samsung_global_en
SM-M135FU,mob,samsung,Samsung,,m13,Galaxy M13,India,samsung_global_en
SM-M135M,mob,samsung,Samsung,,m13,Galaxy M13,Latin America,samsung_global_en
SM-M136B,mob,samsung,Samsung,,a13x,Galaxy M13 5G,,samsung_global_en
SM-M145F,mob,samsung,Samsung,,a05s,Galaxy M14,,samsung_global_en
SM-M146B,mob,samsung,Samsung,,m14x,Galaxy M14 5G,,samsung_global_en
SM-M156B,mob,samsung,Samsung,,m15x,Galaxy M15 5G,,samsung_global_en
SM-M166P,mob,samsung,Samsung,,m16xm,Galaxy M16 5G,,samsung_global_en
SM-M176B,mob,samsung,Samsung,,a17x,Galaxy M17 5G,,samsung_global_en
SM-M076B,mob,samsung,Samsung,,a07x,Galaxy M17e 5G,,samsung_global_en
SM-M205N,mob,samsung,Samsung,,m20,Galaxy M20,South Korea,samsung_global_en
SM-M205F,mob,samsung,Samsung,,m20lte,Galaxy M20,Global,samsung_global_en
SM-M205FN,mob,samsung,Samsung,,m20lte,Galaxy M20,EU,samsung_global_en
SM-M205G,mob,samsung,Samsung,,m20lte,Galaxy M20,Southeast Asia,samsung_global_en
SM-M205M,mob,samsung,Samsung,,m20lte,Galaxy M20,Latin America,samsung_global_en
SM-M215F,mob,samsung,Samsung,,m21,Galaxy M21,,samsung_global_en
SM-M215G,mob,samsung,Samsung,,m21,Galaxy M21,2021 Edition,samsung_global_en
SM-M225FV,mob,samsung,Samsung,,m22,Galaxy M22,,samsung_global_en
SM-M236B,mob,samsung,Samsung,,m23xq,Galaxy M23 5G,Global,samsung_global_en
SM-M236Q,mob,samsung,Samsung,,m23xq,Galaxy M23 5G,Japan,samsung_global_en
SM-M305F,mob,samsung,Samsung,,m30lte,Galaxy M30,Global,samsung_global_en
SM-M305M,mob,samsung,Samsung,,m30lte,Galaxy M30,Latin America,samsung_global_en
SM-M307F,mob,samsung,Samsung,,m30s,Galaxy M30s,Southeast Asia,samsung_global_en
SM-M307FN,mob,samsung,Samsung,,m30s,Galaxy M30s,Global,samsung_global_en
SM-M3070,mob,samsung,Samsung,,m30s,Galaxy M30s,China,samsung_global_en
SM-M315F,mob,samsung,Samsung,,m31,Galaxy M31,,samsung_global_en
SM-M317F,mob,samsung,Samsung,,m31s,Galaxy M31s,,samsung_global_en
SM-M325F,mob,samsung,Samsung,,m32,Galaxy M32,India,samsung_global_en
SM-M325FV,mob,samsung,Samsung,,m32,Galaxy M32,Southeast Asia,samsung_global_en
SM-M326B,mob,samsung,Samsung,,a32x,Galaxy M32 5G,,samsung_global_en
SM-M336B,mob,samsung,Samsung,,m33x,Galaxy M33 5G,Global,samsung_global_en
SM-M336BU,mob,samsung,Samsung,,m33x,Galaxy M33 5G,India,samsung_global_en
SM-M346B,mob,samsung,Samsung,,m34x,Galaxy M34 5G,India,samsung_global_en
SM-M346B1,mob,samsung,Samsung,,m34x,Galaxy M34 5G,Southeast Asia,samsung_global_en
SM-M346B2,mob,samsung,Samsung,,m34x,Galaxy M34 5G,Global,samsung_global_en
SM-M356B,mob,samsung,Samsung,,m35x,Galaxy M35 5G,,samsung_global_en
SM-M366B,mob,samsung,Samsung,,m36x,Galaxy M36 5G,,samsung_global_en
SM-M405F,mob,samsung,Samsung,,m40,Galaxy M40,,samsung_global_en
SM-M426B,mob,samsung,Samsung,,a42xq,Galaxy M42 5G,,samsung_global_en
SM-M476B,mob,samsung,Samsung,,m47xq,Galaxy M47 5G,,samsung_global_en
SM-M515F,mob,samsung,Samsung,,m51,Galaxy M51,,samsung_global_en
SM-M526B,mob,samsung,Samsung,,m52xq,Galaxy M52 5G,,samsung_global_en
SM-M526BR,mob,samsung,Samsung,,m52xq,Galaxy M52 5G,,samsung_global_en
SM-M536B,mob,samsung,Samsung,,m53x,Galaxy M53 5G,,samsung_global_en
SM-M536S,mob,samsung,Samsung,,m53x,Galaxy M53 5G,Quantum3 South Korea,samsung_global_en
SM-M546B,mob,samsung,Samsung,,m54x,Galaxy M54 5G,,samsung_global_en
SM-M556B,mob,samsung,Samsung,,m55xq,Galaxy M55 5G,India,samsung_global_en
SM-M556E,mob,samsung,Samsung,,m55xq,Galaxy M55 5G,Global,samsung_global_en
SM-M558B,mob,samsung,Samsung,,m55xq,Galaxy M55s 5G,,samsung_global_en
SM-C5560,mob,samsung,Samsung,,m55xq,Galaxy C55 5G,,samsung_global_en
SM-M566B,mob,samsung,Samsung,,m56x,Galaxy M56 5G,,samsung_global_en
SM-M625F,mob,samsung,Samsung,,m62,Galaxy M62,,samsung_global_en
SM-E025F,mob,samsung,Samsung,,a02q,Galaxy F02s,,samsung_global_en
SM-E045F,mob,samsung,Samsung,,m04,Galaxy F04,,samsung_global_en
SM-E055F,mob,samsung,Samsung,,a05m,Galaxy F05,,samsung_global_en
SM-E066B,mob,samsung,Samsung,,a06x,Galaxy F06 5G,,samsung_global_en
SM-E075F,mob,samsung,Samsung,,a07,Galaxy F07,,samsung_global_en
SM-F127G,mob,samsung,Samsung,,f12,Galaxy F12,,samsung_global_en
SM-E135F,mob,samsung,Samsung,,m13,Galaxy F13,,samsung_global_en
SM-E145F,mob,samsung,Samsung,,a05s,Galaxy F14,,samsung_global_en
SM-E146B,mob,samsung,Samsung,,m14x,Galaxy F14 5G,,samsung_global_en
SM-E156B,mob,samsung,Samsung,,m15x,Galaxy F15 5G,,samsung_global_en
SM-E166P,mob,samsung,Samsung,,m16xm,Galaxy F16 5G,,samsung_global_en
SM-E176B,mob,samsung,Samsung,,a17x,Galaxy F17 5G,,samsung_global_en
SM-E225F,mob,samsung,Samsung,,f22,Galaxy F22,,samsung_global_en
SM-E236B,mob,samsung,Samsung,,m23xq,Galaxy F23 5G,,samsung_global_en
SM-E346B,mob,samsung,Samsung,,m34x,Galaxy F34 5G,,samsung_global_en
SM-E366B,mob,samsung,Samsung,,m36x,Galaxy F36 5G,,samsung_global_en
SM-F415F,mob,samsung,Samsung,,f41,Galaxy F41,,samsung_global_en
SM-E426B,mob,samsung,Samsung,,f42x,Galaxy F42 5G,,samsung_global_en
SM-E5260,mob,samsung,Samsung,,f52x,Galaxy F52 5G,,samsung_global_en
SM-E546B,mob,samsung,Samsung,,m54x,Galaxy F54 5G,,samsung_global_en
SM-E556B,mob,samsung,Samsung,,m55xq,Galaxy F55 5G,,samsung_global_en
SM-E566B,mob,samsung,Samsung,,m56x,Galaxy F56 5G,,samsung_global_en
SM-E625F,mob,samsung,Samsung,,f62,Galaxy F62,,samsung_global_en
SM-E076B,mob,samsung,Samsung,,a07x,Galaxy F70e 5G,,samsung_global_en
SM701,mob,smartisan,坚果,,sfo,Smartisan T1,3G 版,smartisan
SM705,mob,smartisan,坚果,,sfo,Smartisan T1,4G 版,smartisan
SM801,mob,smartisan,坚果,,icesky,Smartisan T2,,smartisan
SM901,mob,smartisan,坚果,,surabaya,Smartisan M1,,smartisan
SM919,mob,smartisan,坚果,,colombo,Smartisan M1L,,smartisan
YQ601,mob,smartisan,坚果,,nut,坚果手机,公开版,smartisan
YQ603,mob,smartisan,坚果,,nut,坚果手机,文艺青年版,smartisan
YQ605,mob,smartisan,坚果,,nut,坚果手机,移动定制版,smartisan
YQ607,mob,smartisan,坚果,,nut,坚果手机,全网通版,smartisan
OD103,mob,smartisan,坚果,,odin,坚果 Pro,32GB/64GB,smartisan
OD105,mob,smartisan,坚果,,odin,坚果 Pro,128GB,smartisan
OS105,mob,smartisan,坚果,,osborn,坚果 Pro 2,,smartisan
OS103,mob,smartisan,坚果,,oxford,坚果 Pro 2,特别版,smartisan
OC105,mob,smartisan,坚果,,oscar,坚果 3,公开版,smartisan
OC106,mob,smartisan,坚果,,oscar,坚果 3,移动定制版,smartisan
DE106,mob,smartisan,坚果,,trident,坚果 R1,,smartisan
OE106,mob,smartisan,坚果,,ocean,坚果 Pro 2S,,smartisan
DT1901A,mob,smartisan,坚果,,delta,坚果 Pro 3,黑色/松绿色,smartisan
DT1902A,mob,smartisan,坚果,,delta,坚果 Pro 3,白色,smartisan
DT2002C,mob,smartisan,坚果,,darwin,坚果 R2,,smartisan
DT2003A,mob,smartisan,坚果,,,Smartisan TNT go,有线版,smartisan
DT2003C,mob,smartisan,坚果,,,Smartisan TNT go,无线版,smartisan
E2104,mob,sony,Sony,,Jasmine,Xperia E4,,sony
E2105,mob,sony,Sony,,Jasmine,Xperia E4,,sony
E2115,mob,sony,Sony,,Jasmine,Xperia E4,dual,sony
E2114,mob,sony,Sony,,Jasmine,Xperia E4,dual Brazil,sony
E2303,mob,sony,Sony,,Tulip,Xperia M4 Aqua,,sony
E2306,mob,sony,Sony,,Tulip,Xperia M4 Aqua,,sony
E2353,mob,sony,Sony,,Tulip,Xperia M4 Aqua,,sony
E2312,mob,sony,Sony,,Tulip,Xperia M4 Aqua,dual,sony
E2333,mob,sony,Sony,,Tulip,Xperia M4 Aqua,dual,sony
E2363,mob,sony,Sony,,Tulip,Xperia M4 Aqua,dual,sony
E5603,mob,sony,Sony,,Holly,Xperia M5,,sony
E5606,mob,sony,Sony,,Holly,Xperia M5,,sony
E5653,mob,sony,Sony,,Holly,Xperia M5,,sony
E5633,mob,sony,Sony,,Holly,Xperia M5,dual,sony
E5663,mob,sony,Sony,,Holly,Xperia M5,dual,sony
E5643,mob,sony,Sony,,Holly,Xperia M5,dual Brazil,sony
E5303,mob,sony,Sony,,Cosmos,Xperia C4,,sony
E5306,mob,sony,Sony,,Cosmos,Xperia C4,,sony
E5353,mob,sony,Sony,,Cosmos,Xperia C4,,sony
E5333,mob,sony,Sony,,Cosmos,Xperia C4,dual,sony
E5363,mob,sony,Sony,,Cosmos,Xperia C4,dual,sony
E5343,mob,sony,Sony,,Cosmos,Xperia C4,dual Brazil,sony
E5606,mob,sony,Sony,,Lavender,Xperia C5 Ultra,,sony
E5553,mob,sony,Sony,,Lavender,Xperia C5 Ultra,,sony
E5533,mob,sony,Sony,,Lavender,Xperia C5 Ultra,dual,sony
E5563,mob,sony,Sony,,Lavender,Xperia C5 Ultra,dual,sony
E6553,mob,sony,Sony,,Ivy,Xperia Z3+,,sony
E6533,mob,sony,Sony,,Ivy,Xperia Z3+,dual,sony
402SO,mob,sony,Sony,,Ivy,Xperia Z4,Japan (SoftBank),sony
SO-03G,mob,sony,Sony,,Ivy,Xperia Z4,Japan (NTT Docomo),sony
SOV31,mob,sony,Sony,,Ivy,Xperia Z4,Japan (KDDI),sony
E6603,mob,sony,Sony,,Sumire,Xperia Z5,,sony
E6653,mob,sony,Sony,,Sumire,Xperia Z5,,sony
E6633,mob,sony,Sony,,Sumire,Xperia Z5,dual,sony
E6683,mob,sony,Sony,,Sumire,Xperia Z5,dual,sony
501SO,mob,sony,Sony,,Sumire,Xperia Z5,Japan (SoftBank),sony
SO-01H,mob,sony,Sony,,Sumire,Xperia Z5,Japan (NTT Docomo),sony
SOV32,mob,sony,Sony,,Sumire,Xperia Z5,Japan (KDDI),sony
E5803,mob,sony,Sony,,Suzuran,Xperia Z5 Compact,,sony
E5823,mob,sony,Sony,,Suzuran,Xperia Z5 Compact,,sony
SO-02H,mob,sony,Sony,,Suzuran,Xperia Z5 Compact,Japan (NTT Docomo),sony
E6853,mob,sony,Sony,,Satsuki,Xperia Z5 Premium,,sony
E6833,mob,sony,Sony,,Satsuki,Xperia Z5 Premium,dual,sony
E6883,mob,sony,Sony,,Satsuki,Xperia Z5 Premium,dual,sony
SO-03H,mob,sony,Sony,,Satsuki,Xperia Z5 Premium,Japan (NTT Docomo),sony
F3311,mob,sony,Sony,,Bassoon,Xperia E5,,sony
F3313,mob,sony,Sony,,Bassoon,Xperia E5,,sony
F3111,mob,sony,Sony,,Tuba,Xperia XA,Single SIM,sony
F3113,mob,sony,Sony,,Tuba,Xperia XA,Single SIM,sony
F3115,mob,sony,Sony,,Tuba,Xperia XA,Single SIM,sony
F3112,mob,sony,Sony,,Tuba,Xperia XA,Dual SIM,sony
F3116,mob,sony,Sony,,Tuba,Xperia XA,Dual SIM,sony
F3211,mob,sony,Sony,,Ukulele,Xperia XA Ultra,Single SIM,sony
F3213,mob,sony,Sony,,Ukulele,Xperia XA Ultra,Single SIM,sony
F3215,mob,sony,Sony,,Ukulele,Xperia XA Ultra,Single SIM,sony
F3212,mob,sony,Sony,,Ukulele,Xperia XA Ultra,Dual SIM,sony
F3216,mob,sony,Sony,,Ukulele,Xperia XA Ultra,Dual SIM,sony
F5121,mob,sony,Sony,,Suzu,Xperia X,Single SIM,sony
F5122,mob,sony,Sony,,Suzu,Xperia X,Dual SIM,sony
F5321,mob,sony,Sony,,Kugo,Xperia X Compact,Single SIM,sony
SO-02J,mob,sony,Sony,,Kugo,Xperia X Compact,Japan (NTT Docomo),sony
F8131,mob,sony,Sony,,Dora,Xperia X Performance,Single SIM,sony
F8132,mob,sony,Sony,,Dora,Xperia X Performance,Dual SIM,sony
502SO,mob,sony,Sony,,Dora,Xperia X Performance,Japan (SoftBank),sony
SO-04H,mob,sony,Sony,,Dora,Xperia X Performance,Japan (NTT Docomo),sony
SOV33,mob,sony,Sony,,Dora,Xperia X Performance,Japan (KDDI),sony
F8331,mob,sony,Sony,,Kagura,Xperia XZ,Single SIM,sony
F8332,mob,sony,Sony,,Kagura,Xperia XZ,Dual SIM,sony
601SO,mob,sony,Sony,,Kagura,Xperia XZ,Japan (SoftBank),sony
SO-01J,mob,sony,Sony,,Kagura,Xperia XZ,Japan (NTT Docomo),sony
SOV34,mob,sony,Sony,,Kagura,Xperia XZ,Japan (KDDI),sony
G3311,mob,sony,Sony,,Pine,Xperia L1,Single SIM,sony
G3313,mob,sony,Sony,,Pine,Xperia L1,Single SIM,sony
G3312,mob,sony,Sony,,Pine,Xperia L1,Dual SIM,sony
G3121,mob,sony,Sony,,Hinoki,Xperia XA1,Single SIM,sony
G3123,mob,sony,Sony,,Hinoki,Xperia XA1,Single SIM,sony
G3125,mob,sony,Sony,,Hinoki,Xperia XA1,Single SIM,sony
G3112,mob,sony,Sony,,Hinoki,Xperia XA1,Dual SIM,sony
G3116,mob,sony,Sony,,Hinoki,Xperia XA1,Dual SIM,sony
G3221,mob,sony,Sony,,Redwood,Xperia XA1 Ultra,Single SIM,sony
G3223,mob,sony,Sony,,Redwood,Xperia XA1 Ultra,Single SIM,sony
G3212,mob,sony,Sony,,Redwood,Xperia XA1 Ultra,Dual SIM,sony
G3226,mob,sony,Sony,,Redwood,Xperia XA1 Ultra,Dual SIM,sony
G3421,mob,sony,Sony,,Teak,Xperia XA1 Plus,Single SIM,sony
G3423,mob,sony,Sony,,Teak,Xperia XA1 Plus,Single SIM,sony
G3412,mob,sony,Sony,,Teak,Xperia XA1 Plus,Dual SIM,sony
G3416,mob,sony,Sony,,Teak,Xperia XA1 Plus,Dual SIM,sony
G3426,mob,sony,Sony,,Teak,Xperia XA1 Plus,Dual SIM,sony
G8231,mob,sony,Sony,,Keyaki,Xperia XZs,Single SIM,sony
G8232,mob,sony,Sony,,Keyaki,Xperia XZs,Dual SIM,sony
602SO,mob,sony,Sony,,Keyaki,Xperia XZs,Japan (SoftBank),sony
SO-03J,mob,sony,Sony,,Keyaki,Xperia XZs,Japan (NTT Docomo),sony
SOV35,mob,sony,Sony,,Keyaki,Xperia XZs,Japan (KDDI),sony
G8141,mob,sony,Sony,,Maple,Xperia XZ Premium,Single SIM,sony
G8142,mob,sony,Sony,,Maple,Xperia XZ Premium,Dual SIM,sony
G8188,mob,sony,Sony,,Maple,Xperia XZ Premium,Japan (SIM Free),sony
SO-04J,mob,sony,Sony,,Maple,Xperia XZ Premium,Japan (NTT Docomo),sony
G8341,mob,sony,Sony,,Poplar,Xperia XZ1,Single SIM,sony
G8342,mob,sony,Sony,,Poplar,Xperia XZ1,Dual SIM,sony
G8343,mob,sony,Sony,,Poplar,Xperia XZ1,Canada,sony
701SO,mob,sony,Sony,,Poplar,Xperia XZ1,Japan (SoftBank),sony
SO-01K,mob,sony,Sony,,Poplar,Xperia XZ1,Japan (NTT Docomo),sony
SOV36,mob,sony,Sony,,Poplar,Xperia XZ1,Japan (KDDI),sony
G8441,mob,sony,Sony,,Lilac,Xperia XZ1 Compact,Single SIM,sony
SO-02K,mob,sony,Sony,,Lilac,Xperia XZ1 Compact,Japan (NTT Docomo),sony
H3311,mob,sony,Sony,,Ranger,Xperia L2,Single SIM,sony
H3321,mob,sony,Sony,,Ranger,Xperia L2,Single SIM,sony
H4311,mob,sony,Sony,,Ranger,Xperia L2,Dual SIM,sony
H4331,mob,sony,Sony,,Ranger,Xperia L2,Dual SIM,sony
H3113,mob,sony,Sony,,Pioneer,Xperia XA2,Single SIM,sony
H3123,mob,sony,Sony,,Pioneer,Xperia XA2,Single SIM,sony
H3133,mob,sony,Sony,,Pioneer,Xperia XA2,Single SIM,sony
H4113,mob,sony,Sony,,Pioneer,Xperia XA2,Dual SIM,sony
H4133,mob,sony,Sony,,Pioneer,Xperia XA2,Dual SIM,sony
H3213,mob,sony,Sony,,Discovery,Xperia XA2 Ultra,Single SIM,sony
H3223,mob,sony,Sony,,Discovery,Xperia XA2 Ultra,Single SIM,sony
H4213,mob,sony,Sony,,Discovery,Xperia XA2 Ultra,Dual SIM,sony
H4233,mob,sony,Sony,,Discovery,Xperia XA2 Ultra,Dual SIM,sony
H3413,mob,sony,Sony,,Voyager,Xperia XA2 Plus,Single SIM,sony
H4413,mob,sony,Sony,,Voyager,Xperia XA2 Plus,Dual SIM,sony
H4493,mob,sony,Sony,,Voyager,Xperia XA2 Plus,Dual SIM,sony
H8216,mob,sony,Sony,,Akari,Xperia XZ2,Single SIM,sony
H8266,mob,sony,Sony,,Akari,Xperia XZ2,Dual SIM,sony
H8296,mob,sony,Sony,,Akari,Xperia XZ2,Dual SIM,sony
H8276,mob,sony,Sony,,Akari,Xperia XZ2,Canada,sony
702SO,mob,sony,Sony,,Akari,Xperia XZ2,Japan (SoftBank),sony
SO-03K,mob,sony,Sony,,Akari,Xperia XZ2,Japan (NTT Docomo),sony
SOV37,mob,sony,Sony,,Akari,Xperia XZ2,Japan (KDDI),sony
H8314,mob,sony,Sony,,Apollo,Xperia XZ2 Compact,Single SIM,sony
H8324,mob,sony,Sony,,Apollo,Xperia XZ2 Compact,Dual SIM,sony
SO-05K,mob,sony,Sony,,Apollo,Xperia XZ2 Compact,Japan (NTT Docomo),sony
H8116,mob,sony,Sony,,Aurora,Xperia XZ2 Premium,Single SIM,sony
H8166,mob,sony,Sony,,Aurora,Xperia XZ2 Premium,Dual SIM,sony
SO-04K,mob,sony,Sony,,Aurora,Xperia XZ2 Premium,Japan (NTT Docomo),sony
SOV38,mob,sony,Sony,,Aurora,Xperia XZ2 Premium,Japan (KDDI),sony
H8416,mob,sony,Sony,,Akatsuki,Xperia XZ3,Single SIM,sony
H9436,mob,sony,Sony,,Akatsuki,Xperia XZ3,Dual SIM,sony
H9493,mob,sony,Sony,,Akatsuki,Xperia XZ3,Dual SIM,sony
801SO,mob,sony,Sony,,Akatsuki,Xperia XZ3,Japan (SoftBank),sony
SO-01L,mob,sony,Sony,,Akatsuki,Xperia XZ3,Japan (NTT Docomo),sony
SOV39,mob,sony,Sony,,Akatsuki,Xperia XZ3,Japan (KDDI),sony
I3312,mob,sony,Sony,,Dragon,Xperia L3,Single SIM,sony
I4312,mob,sony,Sony,,Dragon,Xperia L3,Dual SIM,sony
I4332,mob,sony,Sony,,Dragon,Xperia L3,Dual SIM,sony
J8110,mob,sony,Sony,,Griffin,Xperia 1,Single SIM,sony
J8170,mob,sony,Sony,,Griffin,Xperia 1,US,sony
J9110,mob,sony,Sony,,Griffin,Xperia 1,Dual SIM,sony
J9180,mob,sony,Sony,,Griffin,Xperia 1,Professional Editon China,sony
J9150,mob,sony,Sony,,Griffin,Xperia 1,Japan (SIM Free),sony
802SO,mob,sony,Sony,,Griffin,Xperia 1,Japan (SoftBank),sony
SO-03L,mob,sony,Sony,,Griffin,Xperia 1,Japan (NTT Docomo),sony
SOV40,mob,sony,Sony,,Griffin,Xperia 1,Japan (KDDI),sony
J8210,mob,sony,Sony,,Bahamut,Xperia 5,Single SIM,sony
J8270,mob,sony,Sony,,Bahamut,Xperia 5,US,sony
J9210,mob,sony,Sony,,Bahamut,Xperia 5,Dual SIM,sony
J9260,mob,sony,Sony,,Bahamut,Xperia 5,Japan (SIM Free),sony
901SO,mob,sony,Sony,,Bahamut,Xperia 5,Japan (SoftBank),sony
SO-01M,mob,sony,Sony,,Bahamut,Xperia 5,Japan (NTT Docomo),sony
SOV41,mob,sony,Sony,,Bahamut,Xperia 5,Japan (KDDI),sony
J3273,mob,sony,Sony,,Himiko,Xperia 8,Lite Japan (SIM Free),sony
902SO,mob,sony,Sony,,Himiko,Xperia 8,Japan (SoftBank),sony
SOV42,mob,sony,Sony,,Himiko,Xperia 8,Japan (KDDI),sony
SOV42-u,mob,sony,Sony,,Himiko,Xperia 8,Japan (KDDI),sony
I3113,mob,sony,Sony,,Kirin,Xperia 10,Single SIM,sony
I3123,mob,sony,Sony,,Kirin,Xperia 10,Single SIM,sony
I4113,mob,sony,Sony,,Kirin,Xperia 10,Dual SIM,sony
I4193,mob,sony,Sony,,Kirin,Xperia 10,Dual SIM,sony
I3213,mob,sony,Sony,,Mermaid,Xperia 10 Plus,Single SIM,sony
I3223,mob,sony,Sony,,Mermaid,Xperia 10 Plus,Single SIM,sony
I4213,mob,sony,Sony,,Mermaid,Xperia 10 Plus,Dual SIM,sony
I4293,mob,sony,Sony,,Mermaid,Xperia 10 Plus,Dual SIM,sony
J3173,mob,sony,Sony,,Houou,Xperia Ace,Japan (SIM Free),sony
SO-02L,mob,sony,Sony,,Houou,Xperia Ace,Japan (NTT Docomo),sony
XQ-AQ52,mob,sony,Sony,,PDX-204,Xperia PRO,Global,sony
XQ-AQ62,mob,sony,Sony,,PDX-204,Xperia PRO,US,sony
XQ-AT42,mob,sony,Sony,,PDX-203,Xperia 1 II,Japan (SIM Free),sony
XQ-AT51,mob,sony,Sony,,PDX-203,Xperia 1 II,Global (Single SIM),sony
XQ-AT52,mob,sony,Sony,,PDX-203,Xperia 1 II,Global (Dual SIM),sony
XQ-AT72,mob,sony,Sony,,PDX-203,Xperia 1 II,China,sony
SO-51A,mob,sony,Sony,,PDX-203,Xperia 1 II,Japan (NTT Docomo),sony
SOG01,mob,sony,Sony,,PDX-203,Xperia 1 II,Japan (KDDI),sony
XQ-AS42,mob,sony,Sony,,PDX-206,Xperia 5 II,Japan (SIM Free),sony
XQ-AS52,mob,sony,Sony,,PDX-206,Xperia 5 II,Global,sony
XQ-AS62,mob,sony,Sony,,PDX-206,Xperia 5 II,US,sony
XQ-AS72,mob,sony,Sony,,PDX-206,Xperia 5 II,China,sony
A002SO,mob,sony,Sony,,PDX-206,Xperia 5 II,Japan (SoftBank),sony
SO-52A,mob,sony,Sony,,PDX-206,Xperia 5 II,Japan (NTT Docomo),sony
SOG02,mob,sony,Sony,,PDX-206,Xperia 5 II,Japan (KDDI),sony
XQ-AU42,mob,sony,Sony,,PDX-201,Xperia 10 II,Japan (SIM Free),sony
XQ-AU51,mob,sony,Sony,,PDX-201,Xperia 10 II,Global (Single SIM),sony
XQ-AU52,mob,sony,Sony,,PDX-201,Xperia 10 II,Global (Dual SIM),sony
A001SO,mob,sony,Sony,,PDX-201,Xperia 10 II,Japan (SoftBank),sony
SO-41A,mob,sony,Sony,,PDX-201,Xperia 10 II,Japan (NTT Docomo),sony
SOV43,mob,sony,Sony,,PDX-201,Xperia 10 II,Japan (KDDI),sony
XQ-AD51,mob,sony,Sony,,PDX-202,Xperia L4,Single SIM,sony
XQ-AD52,mob,sony,Sony,,PDX-202,Xperia L4,Dual SIM,sony
XQ-BC42,mob,sony,Sony,,PDX-215,Xperia 1 III,Japan (SIM Free),sony
XQ-BC52,mob,sony,Sony,,PDX-215,Xperia 1 III,Global,sony
XQ-BC62,mob,sony,Sony,,PDX-215,Xperia 1 III,US,sony
XQ-BC72,mob,sony,Sony,,PDX-215,Xperia 1 III,Asia Pacific,sony
A101SO,mob,sony,Sony,,PDX-215,Xperia 1 III,Japan (SoftBank),sony
SO-51B,mob,sony,Sony,,PDX-215,Xperia 1 III,Japan (NTT Docomo),sony
SOG03,mob,sony,Sony,,PDX-215,Xperia 1 III,Japan (KDDI),sony
XQ-BQ42,mob,sony,Sony,,PDX-214,Xperia 5 III,Japan (SIM Free),sony
XQ-BQ52,mob,sony,Sony,,PDX-214,Xperia 5 III,Global,sony
XQ-BQ62,mob,sony,Sony,,PDX-214,Xperia 5 III,US,sony
XQ-BQ72,mob,sony,Sony,,PDX-214,Xperia 5 III,Asia Pacific,sony
A103SO,mob,sony,Sony,,PDX-214,Xperia 5 III,Japan (SoftBank),sony
SO-53B,mob,sony,Sony,,PDX-214,Xperia 5 III,Japan (NTT Docomo),sony
SOG05,mob,sony,Sony,,PDX-214,Xperia 5 III,Japan (KDDI),sony
XQ-BT44,mob,sony,Sony,,PDX-213,Xperia 10 III,Japan (SIM Free),sony
XQ-BT52,mob,sony,Sony,,PDX-213,Xperia 10 III,Global,sony
A102SO,mob,sony,Sony,,PDX-213,Xperia 10 III,Japan (SoftBank),sony
SO-52B,mob,sony,Sony,,PDX-213,Xperia 10 III,Japan (NTT Docomo),sony
SOG04,mob,sony,Sony,,PDX-213,Xperia 10 III,Japan (KDDI),sony
XQ-BE42,mob,sony,Sony,,PDX-217,Xperia PRO-I,Japan,sony
XQ-BE52,mob,sony,Sony,,PDX-217,Xperia PRO-I,Global,sony
XQ-BE62,mob,sony,Sony,,PDX-217,Xperia PRO-I,US,sony
XQ-BE72,mob,sony,Sony,,PDX-217,Xperia PRO-I,Asia Pacific,sony
SO-41B,mob,sony,Sony,,PDX-212,Xperia Ace II,Japan (NTT Docomo),sony
XQ-CT44,mob,sony,Sony,,PDX-223,Xperia 1 IV,Japan (SIM Free),sony
XQ-CT54,mob,sony,Sony,,PDX-223,Xperia 1 IV,Global,sony
XQ-CT62,mob,sony,Sony,,PDX-223,Xperia 1 IV,US,sony
XQ-CT72,mob,sony,Sony,,PDX-223,Xperia 1 IV,Asia Pacific,sony
A201SO,mob,sony,Sony,,PDX-223,Xperia 1 IV,Japan (SoftBank),sony
SO-51C,mob,sony,Sony,,PDX-223,Xperia 1 IV,Japan (NTT Docomo),sony
SOG06,mob,sony,Sony,,PDX-223,Xperia 1 IV,Japan (KDDI),sony
XQ-CQ44,mob,sony,Sony,,PDX-224,Xperia 5 IV,Japan (SIM Free),sony
XQ-CQ54,mob,sony,Sony,,PDX-224,Xperia 5 IV,Global,sony
XQ-CQ62,mob,sony,Sony,,PDX-224,Xperia 5 IV,US,sony
XQ-CQ72,mob,sony,Sony,,PDX-224,Xperia 5 IV,Asia Pacific,sony
A204SO,mob,sony,Sony,,PDX-224,Xperia 5 IV,Japan (SoftBank),sony
SO-54C,mob,sony,Sony,,PDX-224,Xperia 5 IV,Japan (NTT Docomo),sony
SOG09,mob,sony,Sony,,PDX-224,Xperia 5 IV,Japan (KDDI),sony
XQ-CC44,mob,sony,Sony,,PDX-225,Xperia 10 IV,Japan (SIM Free),sony
XQ-CC54,mob,sony,Sony,,PDX-225,Xperia 10 IV,Global,sony
XQ-CC72,mob,sony,Sony,,PDX-225,Xperia 10 IV,Asia Pacific,sony
A202SO,mob,sony,Sony,,PDX-225,Xperia 10 IV,Japan (SoftBank),sony
SO-52C,mob,sony,Sony,,PDX-225,Xperia 10 IV,Japan (NTT Docomo),sony
SOG07,mob,sony,Sony,,PDX-225,Xperia 10 IV,Japan (KDDI),sony
A203SO,mob,sony,Sony,,PDX-226,Xperia Ace III,Japan (SoftBank),sony
SO-53C,mob,sony,Sony,,PDX-226,Xperia Ace III,Japan (NTT Docomo),sony
SOG08,mob,sony,Sony,,PDX-226,Xperia Ace III,Japan (KDDI),sony
XQ-DQ44,mob,sony,Sony,,PDX-234,Xperia 1 V,Japan (SIM Free),sony
XQ-DQ54,mob,sony,Sony,,PDX-234,Xperia 1 V,Global,sony
XQ-DQ62,mob,sony,Sony,,PDX-234,Xperia 1 V,US,sony
XQ-DQ72,mob,sony,Sony,,PDX-234,Xperia 1 V,Asia Pacific,sony
A301SO,mob,sony,Sony,,PDX-234,Xperia 1 V,Japan (SoftBank),sony
SO-51D,mob,sony,Sony,,PDX-234,Xperia 1 V,Japan (NTT Docomo),sony
SOG10,mob,sony,Sony,,PDX-234,Xperia 1 V,Japan (KDDI),sony
XQ-DE44,mob,sony,Sony,,PDX-237,Xperia 5 V,Japan (SIM Free),sony
XQ-DE54,mob,sony,Sony,,PDX-237,Xperia 5 V,Global,sony
XQ-DE72,mob,sony,Sony,,PDX-237,Xperia 5 V,Asia Pacific,sony
SO-53D,mob,sony,Sony,,PDX-237,Xperia 5 V,Japan (NTT Docomo),sony
SOG12,mob,sony,Sony,,PDX-237,Xperia 5 V,Japan (KDDI),sony
XQ-DC44,mob,sony,Sony,,PDX-235,Xperia 10 V,Japan (SIM Free),sony
XQ-DC54,mob,sony,Sony,,PDX-235,Xperia 10 V,Global,sony
XQ-DC72,mob,sony,Sony,,PDX-235,Xperia 10 V,Asia Pacific,sony
A302SO,mob,sony,Sony,,PDX-235,Xperia 10 V,Japan (SoftBank),sony
SO-52D,mob,sony,Sony,,PDX-235,Xperia 10 V,Japan (NTT Docomo),sony
SOG11,mob,sony,Sony,,PDX-235,Xperia 10 V,Japan (KDDI),sony
XQ-EC44,mob,sony,Sony,,PDX-245,Xperia 1 VI,Japan (SIM Free),sony
XQ-EC54,mob,sony,Sony,,PDX-245,Xperia 1 VI,Global,sony
XQ-EC72,mob,sony,Sony,,PDX-245,Xperia 1 VI,Asia Pacific,sony
A401SO,mob,sony,Sony,,PDX-245,Xperia 1 VI,Japan (SoftBank),sony
SO-51E,mob,sony,Sony,,PDX-245,Xperia 1 VI,Japan (NTT Docomo),sony
SOG13,mob,sony,Sony,,PDX-245,Xperia 1 VI,Japan (KDDI),sony
XQ-ES44,mob,sony,Sony,,PDX-246,Xperia 10 VI,Japan (SIM Free),sony
XQ-ES54,mob,sony,Sony,,PDX-246,Xperia 10 VI,Global,sony
XQ-ES72,mob,sony,Sony,,PDX-246,Xperia 10 VI,Asia Pacific,sony
A402SO,mob,sony,Sony,,PDX-246,Xperia 10 VI,Japan (SoftBank),sony
SO-52E,mob,sony,Sony,,PDX-246,Xperia 10 VI,Japan (NTT Docomo),sony
SOG14,mob,sony,Sony,,PDX-246,Xperia 10 VI,Japan (KDDI),sony
XQ-FS44,mob,sony,Sony,,PDX-256,Xperia 1 VII,Japan (SIM Free),sony
XQ-FS54,mob,sony,Sony,,PDX-256,Xperia 1 VII,Global,sony
XQ-FS72,mob,sony,Sony,,PDX-256,Xperia 1 VII,Asia Pacific,sony
A501SO,mob,sony,Sony,,PDX-256,Xperia 1 VII,Japan (SoftBank),sony
SO-51F,mob,sony,Sony,,PDX-256,Xperia 1 VII,Japan (NTT Docomo),sony
SOG15,mob,sony,Sony,,PDX-256,Xperia 1 VII,Japan (KDDI),sony
XQ-FE44,mob,sony,Sony,,PDX-257,Xperia 10 VII,Japan (SIM Free),sony
XQ-FE54,mob,sony,Sony,,PDX-257,Xperia 10 VII,Global,sony
XQ-FE72,mob,sony,Sony,,PDX-257,Xperia 10 VII,Asia Pacific,sony
A502SO,mob,sony,Sony,,PDX-257,Xperia 10 VII,Japan (SoftBank),sony
SO-52F,mob,sony,Sony,,PDX-257,Xperia 10 VII,Japan (NTT Docomo),sony
SOG16,mob,sony,Sony,,PDX-257,Xperia 10 VII,Japan (KDDI),sony
XQ-GE44,mob,sony,Sony,,PDX-267,Xperia 1 VIII,Japan (SIM Free),sony
XQ-GE54,mob,sony,Sony,,PDX-267,Xperia 1 VIII,Global,sony
XQ-GE74,mob,sony,Sony,,PDX-267,Xperia 1 VIII,Asia Pacific,sony
A601SO,mob,sony,Sony,,PDX-267,Xperia 1 VIII,Japan (SoftBank),sony
SO-51G,mob,sony,Sony,,PDX-267,Xperia 1 VIII,Japan (NTT Docomo),sony
SOG17,mob,sony,Sony,,PDX-267,Xperia 1 VIII,Japan (KDDI),sony
SGP712,pad,sony,Sony,,Karin,Xperia Z4 Tablet,Wi-Fi,sony
SGP771,pad,sony,Sony,,Karin,Xperia Z4 Tablet,LTE,sony
SO-05G,pad,sony,Sony,,Karin,Xperia Z4 Tablet,LTE Japan (NTT Docomo),sony
SOT31,pad,sony,Sony,,Karin,Xperia Z4 Tablet,LTE Japan (KDDI),sony
E6683,mob,sony,索尼,,Sumire,Xperia Z5,dual,sony_cn
E6883,mob,sony,索尼,,Satsuki,Xperia Z5 Premium,,sony_cn
F8332,mob,sony,索尼,,Kagura,Xperia XZ,,sony_cn
G8142,mob,sony,索尼,,Maple,Xperia XZ Premium,,sony_cn
G8232,mob,sony,索尼,,Keyaki,Xperia XZs,,sony_cn
G8342,mob,sony,索尼,,Poplar,Xperia XZ1,,sony_cn
G8441,mob,sony,索尼,,Lilac,Xperia XZ1 Compact,,sony_cn
H4233,mob,sony,索尼,,Discovery,Xperia XA2 Ultra,,sony_cn
H8296,mob,sony,索尼,,Akari,Xperia XZ2,,sony_cn
H8166,mob,sony,索尼,,Aurora,Xperia XZ2 Premium,,sony_cn
H9493,mob,sony,索尼,,Akatsuki,Xperia XZ3,,sony_cn
J9110,mob,sony,索尼,,Griffin,Xperia 1,,sony_cn
J9180,mob,sony,索尼,,Griffin,Xperia 1,Professional Editon,sony_cn
J9210,mob,sony,索尼,,Bahamut,Xperia 5,,sony_cn
I4293,mob,sony,索尼,,Mermaid,Xperia 10 Plus,,sony_cn
XQ-AT72,mob,sony,索尼,,PDX-203,Xperia 1 II,,sony_cn
XQ-AS72,mob,sony,索尼,,PDX-206,Xperia 5 II,,sony_cn
XQ-BC72,mob,sony,索尼,,PDX-215,Xperia 1 III,,sony_cn
XQ-BQ72,mob,sony,索尼,,PDX-214,Xperia 5 III,,sony_cn
XQ-BE72,mob,sony,索尼,,PDX-217,Xperia PRO-I,,sony_cn
XQ-CT72,mob,sony,索尼,,PDX-223,Xperia 1 IV,,sony_cn
XQ-CQ72,mob,sony,索尼,,PDX-224,Xperia 5 IV,,sony_cn
XQ-DQ72,mob,sony,索尼,,PDX-234,Xperia 1 V,,sony_cn
XQ-DE72,mob,sony,索尼,,PDX-237,Xperia 5 V,,sony_cn
V1821A,mob,vivo,vivo,,PD1821,NEX 双屏版,全网通版,vivo_cn
V1821T,mob,vivo,vivo,,PD1821,NEX 双屏版,移动全网通版,vivo_cn
V1923A,mob,vivo,vivo,,PD1923,NEX 3,全网通版,vivo_cn
V1923T,mob,vivo,vivo,,PD1923,NEX 3,移动全网通版,vivo_cn
V1924A,mob,vivo,vivo,,PD1924,NEX 3 5G,全网通版,vivo_cn
V1924T,mob,vivo,vivo,,PD1924,NEX 3 5G,移动全网通版,vivo_cn
V1950A,mob,vivo,vivo,,PD1950,NEX 3S 5G,,vivo_cn
V1814A,mob,vivo,vivo,,PD1814,X21s,全网通版,vivo_cn
V1814T,mob,vivo,vivo,,PD1814,X21s,移动全网通版,vivo_cn
V1809A,mob,vivo,vivo,,PD1809,X23,全网通版,vivo_cn
V1809T,mob,vivo,vivo,,PD1809,X23,移动全网通版,vivo_cn
V1816A,mob,vivo,vivo,,PD1816,X23 幻彩版,全网通版,vivo_cn
V1816T,mob,vivo,vivo,,PD1816,X23 幻彩版,移动全网通版,vivo_cn
V1829A,mob,vivo,vivo,,PD1829,X27,8GB+256GB 全网通版,vivo_cn
V1829T,mob,vivo,vivo,,PD1829,X27,8GB+256GB 移动全网通版,vivo_cn
V1838A,mob,vivo,vivo,,PD1838,X27,8GB+128GB 全网通版,vivo_cn
V1838T,mob,vivo,vivo,,PD1838,X27,8GB+128GB 移动全网通版,vivo_cn
V1836A,mob,vivo,vivo,,PD1836,X27 Pro,全网通版,vivo_cn
V1836T,mob,vivo,vivo,,PD1836,X27 Pro,移动全网通版,vivo_cn
V1938CA,mob,vivo,vivo,,PD1938C,X30,5G 全网通版,vivo_cn
V1938CT,mob,vivo,vivo,,PD1938C,X30,5G 移动全网通版,vivo_cn
V1938A,mob,vivo,vivo,,PD1938,X30 Pro,5G 全网通版,vivo_cn
V1938T,mob,vivo,vivo,,PD1938,X30 Pro,5G 移动全网通版,vivo_cn
V2001A,mob,vivo,vivo,,PD2001,X50,,vivo_cn
V2005A,mob,vivo,vivo,,PD2005,X50 Pro,,vivo_cn
V2011A,mob,vivo,vivo,,PD2011,X50 Pro+,,vivo_cn
V2046A,mob,vivo,vivo,,PD2046,X60,,vivo_cn
V2059A,mob,vivo,vivo,,PD2059,X60 曲屏版,,vivo_cn
V2085A,mob,vivo,vivo,,PD2085,X60t,,vivo_cn
V2047A,mob,vivo,vivo,,PD2047,X60 Pro,,vivo_cn
V2120A,mob,vivo,vivo,,PD2120,X60t Pro,,vivo_cn
V2056A,mob,vivo,vivo,,PD2056,X60 Pro+,,vivo_cn
V2056A,mob,vivo,vivo,,PD2056,X60t Pro+,,vivo_cn
V2133A,mob,vivo,vivo,,PD2133,X70,,vivo_cn
V2132A,mob,vivo,vivo,,PD2132,X70t,,vivo_cn
V2134A,mob,vivo,vivo,,PD2134,X70 Pro,,vivo_cn
V2145A,mob,vivo,vivo,,PD2145,X70 Pro+,,vivo_cn
V2178A,mob,vivo,vivo,,PD2178,X Fold,,vivo_cn
V2170A,mob,vivo,vivo,,PD2170,X Note,,vivo_cn
V2183A,mob,vivo,vivo,,PD2183,X80,,vivo_cn
V2185A,mob,vivo,vivo,,PD2185,X80 Pro,,vivo_cn
V2186A,mob,vivo,vivo,,PD2186,X80 Pro 天玑 9000 版,,vivo_cn
V2229A,mob,vivo,vivo,,PD2229,X Fold+,,vivo_cn
V2241A,mob,vivo,vivo,,PD2241,X90,,vivo_cn
V2241HA,mob,vivo,vivo,,PD2241,X90s,,vivo_cn
V2242A,mob,vivo,vivo,,PD2242,X90 Pro,,vivo_cn
V2227A,mob,vivo,vivo,,PD2227,X90 Pro+,,vivo_cn
V2266A,mob,vivo,vivo,,PD2266,X Fold2,,vivo_cn
V2256A,mob,vivo,vivo,,PD2256,X Flip,,vivo_cn
V2309A,mob,vivo,vivo,,PD2309,X100,,vivo_cn
V2324A,mob,vivo,vivo,,PD2324,X100 Pro,,vivo_cn
V2303A,mob,vivo,vivo,,PD2303,X Fold3,,vivo_cn
V2337A,mob,vivo,vivo,,PD2337,X Fold3 Pro,,vivo_cn
V2359A,mob,vivo,vivo,,PD2359,X100s,,vivo_cn
V2324HA,mob,vivo,vivo,,PD2324,X100s Pro,,vivo_cn
V2366GA,mob,vivo,vivo,,PD2366,X100 Ultra,,vivo_cn
V2366HA,mob,vivo,vivo,,PD2366,X100 Ultra,卫星通信版,vivo_cn
V2415A,mob,vivo,vivo,,PD2415,X200,,vivo_cn
V2405A,mob,vivo,vivo,,PD2405,X200 Pro,,vivo_cn
V2405DA,mob,vivo,vivo,,PD2405,X200 Pro,卫星通信版,vivo_cn
V2419A,mob,vivo,vivo,,PD2419,X200 Pro mini,,vivo_cn
V2458A,mob,vivo,vivo,,PD2458,X200s,,vivo_cn
V2454A,mob,vivo,vivo,,PD2454,X200 Ultra,,vivo_cn
V2454DA,mob,vivo,vivo,,PD2454,X200 Ultra,卫星通信版,vivo_cn
V2436A,mob,vivo,vivo,,PD2436,X Fold5,,vivo_cn
V2509A,mob,vivo,vivo,,PD2509,X300,,vivo_cn
V2502A,mob,vivo,vivo,,PD2502,X300 Pro,,vivo_cn
V2502DA,mob,vivo,vivo,,PD2502,X300 Pro,卫星通信版,vivo_cn
V2548A,mob,vivo,vivo,,PD2548,X300s,,vivo_cn
V2547A,mob,vivo,vivo,,PD2547,X300 Ultra,,vivo_cn
V2547DA,mob,vivo,vivo,,PD2547,X300 Ultra,卫星通信版,vivo_cn
V2612A,mob,vivo,vivo,,PD2612,X300 E,,vivo_cn
V2545A,mob,vivo,vivo,,PD2545,X Fold6,,vivo_cn
V1831A,mob,vivo,vivo,,PD1831,S1,全网通版,vivo_cn
V1831T,mob,vivo,vivo,,PD1831,S1,移动全网通版,vivo_cn
V1832A,mob,vivo,vivo,,PD1832,S1 Pro,全网通版,vivo_cn
V1832T,mob,vivo,vivo,,PD1832,S1 Pro,移动全网通版,vivo_cn
V1932A,mob,vivo,vivo,,PD1932,S5,全网通版,vivo_cn
V1932T,mob,vivo,vivo,,PD1932,S5,移动全网通版,vivo_cn
V1962A,mob,vivo,vivo,,PD1962,S6,,vivo_cn
V2020A,mob,vivo,vivo,,PD2020,S7,,vivo_cn
V2020CA,mob,vivo,vivo,,PD2020,S7,,vivo_cn
V2080A,mob,vivo,vivo,,PD2080,S7t,,vivo_cn
V2031A,mob,vivo,vivo,,PD2031,S7e,,vivo_cn
V2031EA,mob,vivo,vivo,,PD2031EA,S7e 活力版,,vivo_cn
V2072A,mob,vivo,vivo,,PD2072,S9,,vivo_cn
V2048A,mob,vivo,vivo,,PD2048,S9e,,vivo_cn
V2121A,mob,vivo,vivo,,PD2121,S10,,vivo_cn
V2121A,mob,vivo,vivo,,PD2121,S10 Pro,,vivo_cn
V2130A,mob,vivo,vivo,,PD2130,S10e,,vivo_cn
V2162A,mob,vivo,vivo,,PD2162,S12,,vivo_cn
V2163A,mob,vivo,vivo,,PD2163,S12 Pro,,vivo_cn
V2203A,mob,vivo,vivo,,PD2203,S15,,vivo_cn
V2207A,mob,vivo,vivo,,PD2207,S15 Pro,,vivo_cn
V2190A,mob,vivo,vivo,,PD2190,S15e,,vivo_cn
V2244A,mob,vivo,vivo,,PD2244,S16,,vivo_cn
V2245A,mob,vivo,vivo,,PD2245,S16 Pro,,vivo_cn
V2239A,mob,vivo,vivo,,PD2239,S16e,,vivo_cn
V2283A,mob,vivo,vivo,,PD2283,S17,,vivo_cn
V2282A,mob,vivo,vivo,,PD2282,S17t,,vivo_cn
V2284A,mob,vivo,vivo,,PD2284,S17 Pro,,vivo_cn
V2285A,mob,vivo,vivo,,PD2285,S17e,,vivo_cn
V2323A,mob,vivo,vivo,,PD2323,S18,,vivo_cn
V2344A,mob,vivo,vivo,,PD2344,S18 Pro,,vivo_cn
V2334A,mob,vivo,vivo,,PD2334,S18e,,vivo_cn
V2364A,mob,vivo,vivo,,PD2364,S19,,vivo_cn
V2362A,mob,vivo,vivo,,PD2362,S19 Pro,,vivo_cn
V2429A,mob,vivo,vivo,,PD2429,S20,,vivo_cn
V2430A,mob,vivo,vivo,,PD2430,S20 Pro,,vivo_cn
V2464A,mob,vivo,vivo,,PD2464,S30,,vivo_cn
V2465A,mob,vivo,vivo,,PD2465,S30 Pro mini,,vivo_cn
V2528A,mob,vivo,vivo,,PD2528,S50,,vivo_cn
V2528A,mob,vivo,vivo,,PD2528,S50t,,vivo_cn
V2527A,mob,vivo,vivo,,PD2527,S50 Pro mini,,vivo_cn
V2571A,mob,vivo,vivo,,PD2571,S60,,vivo_cn
V2572A,mob,vivo,vivo,,PD2572,S60 元气版,,vivo_cn
V1901A,mob,vivo,vivo,,PD1901,Y3,全网通版,vivo_cn
V1901T,mob,vivo,vivo,,PD1901,Y3,移动全网通版,vivo_cn
V1930A,mob,vivo,vivo,,PD1930,Y3 标准版,全网通版,vivo_cn
V1930T,mob,vivo,vivo,,PD1930,Y3 标准版,移动全网通版,vivo_cn
V1901A,mob,vivo,vivo,,PD1901,Y3s,全网通版,vivo_cn
V1901T,mob,vivo,vivo,,PD1901,Y3s,移动全网通版,vivo_cn
V1934A,mob,vivo,vivo,,PD1934,Y5s,全网通版,vivo_cn
V1934T,mob,vivo,vivo,,PD1934,Y5s,移动全网通版,vivo_cn
V1913A,mob,vivo,vivo,,PD1913,Y7s,全网通版,vivo_cn
V1913T,mob,vivo,vivo,,PD1913,Y7s,移动全网通版,vivo_cn
V1945A,mob,vivo,vivo,,PD1945,Y9s,全网通版,vivo_cn
V1945T,mob,vivo,vivo,,PD1945,Y9s,移动全网通版,vivo_cn
V2140A,mob,vivo,vivo,,PD2140,Y10,,vivo_cn
V2168A,mob,vivo,vivo,,PD2168,Y10 (t1 版),,vivo_cn
V2180A,mob,vivo,vivo,,PD2180,Y10 (t2 版),,vivo_cn
V2236A,mob,vivo,vivo,,PD2236,Y11,,vivo_cn
V2317A,mob,vivo,vivo,,PD2317,Y12,,vivo_cn
V2034A,mob,vivo,vivo,,PD2034,Y30,,vivo_cn
V2036A,mob,vivo,vivo,,PD2036,Y30 标准版,,vivo_cn
V2099A,mob,vivo,vivo,,PD2099,Y30 2021,,vivo_cn
V2066A,mob,vivo,vivo,,PD2066,Y30 活力版,,vivo_cn
V2066BA,mob,vivo,vivo,,PD2066B,Y30g,,vivo_cn
V2054A,mob,vivo,vivo,,PD2054,Y31s,5G,vivo_cn
V2068A,mob,vivo,vivo,,PD2068,Y31s 标准版,5G,vivo_cn
V2068A,mob,vivo,vivo,,PD2068,Y31s (t1 版),5G,vivo_cn
V2054A,mob,vivo,vivo,,PD2092,Y31s (t2 版),5G,vivo_cn
V2158A,mob,vivo,vivo,,PD2158,Y32,,vivo_cn
V2168A,mob,vivo,vivo,,PD2168,Y32t,P70,vivo_cn
V2180A,mob,vivo,vivo,,PD2180,Y32t,骁龙 680,vivo_cn
V2166A,mob,vivo,vivo,,PD2166,Y33s,5G,vivo_cn
V2166A,mob,vivo,vivo,,PD2166,Y33e,5G,vivo_cn
V2317A,mob,vivo,vivo,,PD2317,Y33t,,vivo_cn
V2230A,mob,vivo,vivo,,PD2230,Y35,5G,vivo_cn
V2230A,mob,vivo,vivo,,PD2230,Y35m,5G,vivo_cn
V2279A,mob,vivo,vivo,,PD2279,Y35+,5G,vivo_cn
V2279A,mob,vivo,vivo,,PD2279,Y35m+,5G,vivo_cn
V2318A,mob,vivo,vivo,,PD2318,Y36,5G,vivo_cn
V2318A,mob,vivo,vivo,,PD2318,Y36m,5G,vivo_cn
V2318A,mob,vivo,vivo,,PD2318,Y36i,5G,vivo_cn
V2318A,mob,vivo,vivo,,PD2318,Y36s,5G,vivo_cn
V2327A,mob,vivo,vivo,,PD2327,Y36t,,vivo_cn
V2357A,mob,vivo,vivo,,PD2357,Y36c,5G,vivo_cn
V2357A,mob,vivo,vivo,,PD2357,Y37,5G,vivo_cn
V2357EA,mob,vivo,vivo,,PD2357,Y37m,5G,vivo_cn
V2354A,mob,vivo,vivo,,PD2354,Y37 Pro,5G,vivo_cn
V2442A,mob,vivo,vivo,,PD2442,Y37c,,vivo_cn
V1965A,mob,vivo,vivo,,PD1965,Y50,,vivo_cn
V2023EA,mob,vivo,vivo,,PD2023,Y50t,,vivo_cn
V2443A,mob,vivo,vivo,,PD2443,Y37t,5G,vivo_cn
V2443A,mob,vivo,vivo,,PD2443,Y37+,5G,vivo_cn
V2443A,mob,vivo,vivo,,PD2443,Y50 (2025),5G,vivo_cn
V2443A,mob,vivo,vivo,,PD2443,Y50i,5G,vivo_cn
V2443A,mob,vivo,vivo,,PD2443,Y50e,5G,vivo_cn
V2443A,mob,vivo,vivo,,PD2443,Y50s,5G,vivo_cn
V2443BA,mob,vivo,vivo,,PD2443,Y50m,5G,vivo_cn
V2443BA,mob,vivo,vivo,,PD2443,Y50c,5G,vivo_cn
V2002A,mob,vivo,vivo,,PD2019,Y51s,5G,vivo_cn
V2057A,mob,vivo,vivo,,PD2057,Y52s,5G,vivo_cn
V2054A,mob,vivo,vivo,,PD2106,Y52s (t1 版),5G,vivo_cn
V2166A,mob,vivo,vivo,,PD2166,Y52t,5G,vivo_cn
V2111A,mob,vivo,vivo,,PD2111,Y53s,5G,vivo_cn
V2069A,mob,vivo,vivo,,PD2069,Y53s (t1 版),5G,vivo_cn
V2123A,mob,vivo,vivo,,PD2123,Y53s (t2 版),5G,vivo_cn
V2069A,mob,vivo,vivo,,PD2069,Y53s (NFC 版),5G,vivo_cn
V2230A,mob,vivo,vivo,,PD2230,Y53t,5G,vivo_cn
V2045A,mob,vivo,vivo,,PD2045,Y54s,5G,vivo_cn
V2164A,mob,vivo,vivo,,PD2164,Y55s,5G,vivo_cn
V2279A,mob,vivo,vivo,,PD2279,Y55t,5G,vivo_cn
V2541A,mob,vivo,vivo,,PD2541,Y6c,,vivo_cn
V2559A,mob,vivo,vivo,,PD2559,Y60,,vivo_cn
V2559A,mob,vivo,vivo,,PD2559,Y6t,,vivo_cn
V2559A,mob,vivo,vivo,,PD2559,Y6e,,vivo_cn
V2559BA,mob,vivo,vivo,,PD2559,Y60m,,vivo_cn
V2559BA,mob,vivo,vivo,,PD2559,Y60s m 版,,vivo_cn
V2532BA,mob,vivo,vivo,,PD2532,Y6m,,vivo_cn
V2542A,mob,vivo,vivo,,PD2542,Y60i,,vivo_cn
V2542A,mob,vivo,vivo,,PD2542,Y60i m 版,,vivo_cn
V2542A,mob,vivo,vivo,,PD2542,Y6t m 版,,vivo_cn
V2002A,mob,vivo,vivo,,PD2002,Y70s,5G,vivo_cn
V2002A,mob,vivo,vivo,,PD2019,Y70t,5G,vivo_cn
V1731CA,mob,vivo,vivo,,PD1731C,Y71s,,vivo_cn
V2102A,mob,vivo,vivo,,PD2102,Y71t,5G,vivo_cn
V2164A,mob,vivo,vivo,,PD2164,Y72t,5G,vivo_cn
V1731CA,mob,vivo,vivo,,PD1731C,Y73,,vivo_cn
V2031A,mob,vivo,vivo,,PD2031,Y73s,5G,vivo_cn
V2164PA,mob,vivo,vivo,,PD2164U,Y73t,5G,vivo_cn
V2009A,mob,vivo,vivo,,PD2009,Y74s,5G,vivo_cn
V2069BA,mob,vivo,vivo,,PD2069,Y75s (2022),5G,vivo_cn
V2156A,mob,vivo,vivo,,PD2156,Y76s,5G,vivo_cn
V2156FA,mob,vivo,vivo,,PD2156U,Y76s (t1 版),5G,vivo_cn
V2219A,mob,vivo,vivo,,PD2219,Y77,5G,vivo_cn
V2166BA,mob,vivo,vivo,,PD2224,Y77e,5G,vivo_cn
V2166BA,mob,vivo,vivo,,PD2224,Y77e (t1 版),5G,vivo_cn
V2278A,mob,vivo,vivo,,PD2278,Y77t,5G,vivo_cn
V2278A,mob,vivo,vivo,,PD2278,Y78,5G,vivo_cn
V2278A,mob,vivo,vivo,,PD2278,Y78m,5G,vivo_cn
V2271A,mob,vivo,vivo,,PD2271,Y78+,5G,vivo_cn
V2271A,mob,vivo,vivo,,PD2271,Y78+ (t1),5G,vivo_cn
V2279A,mob,vivo,vivo,,PD2279,Y78 (t1),5G,vivo_cn
V2279A,mob,vivo,vivo,,PD2279,Y78m (t1),5G,vivo_cn
V2312BA,mob,vivo,vivo,,PD2312,Y78t,5G,vivo_cn
V1732A,mob,vivo,vivo,,PD1732,Y81,全网通版,vivo_cn
V1732T,mob,vivo,vivo,,PD1732,Y81,移动全网通版,vivo_cn
V1732A,mob,vivo,vivo,,PD1732,Y81s,全网通版,vivo_cn
V1732T,mob,vivo,vivo,,PD1732,Y81s,移动全网通版,vivo_cn
V1730EA,mob,vivo,vivo,,PD1730E,Y89,,vivo_cn
V1818CA,mob,vivo,vivo,,PD1818C,Y91,全网通版,vivo_cn
V1818CT,mob,vivo,vivo,,PD1818C,Y91,移动全网通版,vivo_cn
V1818A,mob,vivo,vivo,,PD1818,Y93,全网通版,vivo_cn
V1818T,mob,vivo,vivo,,PD1818,Y93,移动全网通版,vivo_cn
V1818BA,mob,vivo,vivo,,PD1818B,Y93 标准版,全网通版,vivo_cn
V1818CA,mob,vivo,vivo,,PD1818B,Y93 标准版,全网通版,vivo_cn
V1818CT,mob,vivo,vivo,,PD1818B,Y93 标准版,移动全网通版,vivo_cn
V1818CA,mob,vivo,vivo,,PD1818C,Y93s,全网通版,vivo_cn
V1818CT,mob,vivo,vivo,,PD1818C,Y93s,移动全网通版,vivo_cn
V1813A,mob,vivo,vivo,,PD1813,Y97,全网通版,vivo_cn
V1813T,mob,vivo,vivo,,PD1813,Y97,移动全网通版,vivo_cn
V2313A,mob,vivo,vivo,,PD2313,Y100,5G,vivo_cn
V2314DA,mob,vivo,vivo,,PD2314,Y100t,5G,vivo_cn
V2279A,mob,vivo,vivo,,PD2279,Y100i,5G,vivo_cn
V2312BA,mob,vivo,vivo,,PD2312,Y100i 长续航版,5G,vivo_cn
V2354A,mob,vivo,vivo,,PD2354,Y100+,5G,vivo_cn
V2354A,mob,vivo,vivo,,PD2354,Y200i,5G,vivo_cn
V2354A,mob,vivo,vivo,,PD2354,Y200+,5G,vivo_cn
V2343A,mob,vivo,vivo,,PD2343,Y200,5G,vivo_cn
V2361GA,mob,vivo,vivo,,PD2361,Y200 GT,5G,vivo_cn
V2361GA,mob,vivo,vivo,,PD2361,Y200 Pro 企业定制版,,vivo_cn
V2353DA,mob,vivo,vivo,,PD2353,Y200t,5G,vivo_cn
V2435A,mob,vivo,vivo,,PD2435,Y300,5G,vivo_cn
V2435A,mob,vivo,vivo,,PD2435,Y300c,,vivo_cn
V2444A,mob,vivo,vivo,,PD2444,Y300i,5G,vivo_cn
V2410A,mob,vivo,vivo,,PD2410,Y300 Pro,,vivo_cn
V2456A,mob,vivo,vivo,,PD2456,Y300 Pro+,,vivo_cn
V2445EA,mob,vivo,vivo,,PD2445D,Y300t,,vivo_cn
V2445EA,mob,vivo,vivo,,PD2445D,Y300+,,vivo_cn
V2452GA,mob,vivo,vivo,,PD2452,Y300 GT,,vivo_cn
V2506A,mob,vivo,vivo,,PD2506,Y500,,vivo_cn
V2516A,mob,vivo,vivo,,PD2516,Y500 Pro,,vivo_cn
V2531A,mob,vivo,vivo,,PD2531,Y500i,,vivo_cn
V2531A,mob,vivo,vivo,,PD2531,Y500s,,vivo_cn
V2531A,mob,vivo,vivo,,PD2531,Y6,,vivo_cn
V2531A,mob,vivo,vivo,,PD2531,Y6a,,vivo_cn
V2561A,mob,vivo,vivo,,PD2561,Y600 Pro,,vivo_cn
V2553A,mob,vivo,vivo,,PD2553,Y600 Turbo,,vivo_cn
V2115A,mob,vivo,vivo,,PD2115,T1,,vivo_cn
V2123A,mob,vivo,vivo,,PD2123,T1x,,vivo_cn
V2199GA,mob,vivo,vivo,,PD2199,T2,,vivo_cn
V2188A,mob,vivo,vivo,,PD2188,T2x,,vivo_cn
V1801A0,mob,vivo,vivo,,PD1730C,Z1,,vivo_cn
V1730DA,mob,vivo,vivo,,PD1730D,Z1i,全网通版,vivo_cn
V1730DT,mob,vivo,vivo,,PD1730D,Z1i,移动全网通版,vivo_cn
V1730EA,mob,vivo,vivo,,PD1730E,Z1 青春版,,vivo_cn
V1813BA,mob,vivo,vivo,,PD1813B,Z3,全网通版 (骁龙 670),vivo_cn
V1813BT,mob,vivo,vivo,,PD1813B,Z3,全网通版 (骁龙 710),vivo_cn
V1813A,mob,vivo,vivo,,PD1813,Z3i,全网通版,vivo_cn
V1813T,mob,vivo,vivo,,PD1813,Z3i,移动全网通版,vivo_cn
V1813A,mob,vivo,vivo,,PD1813,Z3i 标准版,全网通版,vivo_cn
V1813T,mob,vivo,vivo,,PD1813,Z3i 标准版,移动全网通版,vivo_cn
V1730GA,mob,vivo,vivo,,PD1730G,Z3x,,vivo_cn
V1921A,mob,vivo,vivo,,PD1921,Z5,全网通版,vivo_cn
V1921T,mob,vivo,vivo,,PD1921,Z5,移动全网通版,vivo_cn
V1911A,mob,vivo,vivo,,PD1911,Z5x,全网通版,vivo_cn
V1919A,mob,vivo,vivo,,PD1911,Z5x,移动全网通版,vivo_cn
V1990A,mob,vivo,vivo,,PD1990,Z5x,712 版,vivo_cn
V1941A,mob,vivo,vivo,,PD1941,Z5i,全网通版,vivo_cn
V1941T,mob,vivo,vivo,,PD1941,Z5i,移动全网通版,vivo_cn
V1963A,mob,vivo,vivo,,PD1963,Z6,5G,vivo_cn
V1818A,mob,vivo,vivo,,PD1818,U1,,vivo_cn
V1941A,mob,vivo,vivo,,PD1941,U3,全网通版,vivo_cn
V1941T,mob,vivo,vivo,,PD1941,U3,移动全网通版,vivo_cn
V1928A,mob,vivo,vivo,,PD1928,U3x,全网通版,vivo_cn
V1928T,mob,vivo,vivo,,PD1928,U3x,移动全网通版,vivo_cn
V1962BA,mob,vivo,vivo,,PD1962B,G1,,vivo_cn
V2318A,mob,vivo,vivo,,PD2318,G2,,vivo_cn
V2443A,mob,vivo,vivo,,PD2443,G3,,vivo_cn
V2531A,mob,vivo,vivo,,PD2531,G5i,,vivo_cn
V2531A,mob,vivo,vivo,,PD2531,G5z,,vivo_cn
V1824BA,mob,vivo,vivo,,PD1824,iQOO,6GB+128GB,vivo_cn
V1824A,mob,vivo,vivo,,PD1824,iQOO,8GB+128GB/8GB+256GB/12GB+128GB/12GB+256GB,vivo_cn
V1922A,mob,vivo,vivo,,PD1922,iQOO Pro,全网通版,vivo_cn
V1922T,mob,vivo,vivo,,PD1922,iQOO Pro,移动全网通版,vivo_cn
V1916A,mob,vivo,vivo,,PD1916,iQOO Pro 5G,全网通版,vivo_cn
V1916T,mob,vivo,vivo,,PD1916,iQOO Pro 5G,移动全网通版,vivo_cn
V1955A,mob,vivo,vivo,,PD1955,iQOO 3,,vivo_cn
V2024A,mob,vivo,vivo,,PD2024,iQOO 5,,vivo_cn
V2025A,mob,vivo,vivo,,PD2025,iQOO 5 Pro,,vivo_cn
V2049A,mob,vivo,vivo,,PD2049,iQOO 7,,vivo_cn
V2136A,mob,vivo,vivo,,PD2136,iQOO 8,,vivo_cn
V2141A,mob,vivo,vivo,,PD2141,iQOO 8 Pro,,vivo_cn
V2171A,mob,vivo,vivo,,PD2171,iQOO 9,,vivo_cn
V2172A,mob,vivo,vivo,,PD2172,iQOO 9 Pro,,vivo_cn
V2217A,mob,vivo,vivo,,PD2217,iQOO 10,,vivo_cn
V2218A,mob,vivo,vivo,,PD2218,iQOO 10 Pro,,vivo_cn
V2243A,mob,vivo,vivo,,PD2243,iQOO 11,,vivo_cn
V2254A,mob,vivo,vivo,,PD2254,iQOO 11 Pro,,vivo_cn
V2304A,mob,vivo,vivo,,PD2304,iQOO 11S,,vivo_cn
V2307A,mob,vivo,vivo,,PD2307,iQOO 12,,vivo_cn
V2329A,mob,vivo,vivo,,PD2329,iQOO 12 Pro,,vivo_cn
V2408A,mob,vivo,vivo,,PD2408,iQOO 13,,vivo_cn
V2505A,mob,vivo,vivo,,PD2505,iQOO 15,,vivo_cn
V2546A,mob,vivo,vivo,,PD2546,iQOO 15 Ultra,,vivo_cn
V2564A,mob,vivo,vivo,,PD2564,iQOO 15T,,vivo_cn
V1914A,mob,vivo,vivo,,PD1914,iQOO Neo,全网通版,vivo_cn
V1914T,mob,vivo,vivo,,PD1914,iQOO Neo,移动全网通版,vivo_cn
V1936A,mob,vivo,vivo,,PD1936,iQOO Neo 855 版,全网通版,vivo_cn
V1936T,mob,vivo,vivo,,PD1936,iQOO Neo 855 版,移动全网通版,vivo_cn
V1936AL,mob,vivo,vivo,,PD1936,iQOO Neo 855 竞速版,全网通版,vivo_cn
V1936TL,mob,vivo,vivo,,PD1936,iQOO Neo 855 竞速版,移动全网通版,vivo_cn
V1981A,mob,vivo,vivo,,PD1981,iQOO Neo3,,vivo_cn
V2055A,mob,vivo,vivo,,PD2055,iQOO Neo5,,vivo_cn
V2118A,mob,vivo,vivo,,PD2118,iQOO Neo5 活力版,,vivo_cn
V2154A,mob,vivo,vivo,,PD2154,iQOO Neo5S,,vivo_cn
V2157A,mob,vivo,vivo,,PD2157,iQOO Neo5 SE,,vivo_cn
V2196A,mob,vivo,vivo,,PD2196,iQOO Neo6,,vivo_cn
V2199A,mob,vivo,vivo,,PD2199,iQOO Neo6 SE,,vivo_cn
V2231A,mob,vivo,vivo,,PD2231,iQOO Neo7,,vivo_cn
V2232A,mob,vivo,vivo,,PD2232,iQOO Neo7 竞速版,,vivo_cn
V2238A,mob,vivo,vivo,,PD2238,iQOO Neo7 SE,,vivo_cn
V2301A,mob,vivo,vivo,,PD2301,iQOO Neo8,,vivo_cn
V2302A,mob,vivo,vivo,,PD2302,iQOO Neo8 Pro,,vivo_cn
V2338A,mob,vivo,vivo,,PD2338,iQOO Neo9,,vivo_cn
V2339A,mob,vivo,vivo,,PD2339,iQOO Neo9 Pro,,vivo_cn
V2339FA,mob,vivo,vivo,,PD2339,iQOO Neo9S Pro,,vivo_cn
V2403A,mob,vivo,vivo,,PD2403,iQOO Neo9S Pro+,,vivo_cn
V2425A,mob,vivo,vivo,,PD2425,iQOO Neo10,,vivo_cn
V2426A,mob,vivo,vivo,,PD2426,iQOO Neo10 Pro,,vivo_cn
V2463A,mob,vivo,vivo,,PD2463,iQOO Neo10 Pro+,,vivo_cn
V2520A,mob,vivo,vivo,,PD2520,iQOO Neo11,,vivo_cn
V1986A,mob,vivo,vivo,,PD1986,iQOO Z1,,vivo_cn
V2012A,mob,vivo,vivo,,PD2012,iQOO Z1x,,vivo_cn
V2073A,mob,vivo,vivo,,PD2073,iQOO Z3,,vivo_cn
V2148A,mob,vivo,vivo,,PD2148,iQOO Z5,,vivo_cn
V2131A,mob,vivo,vivo,,PD2131,iQOO Z5x,,vivo_cn
V2220A,mob,vivo,vivo,,PD2220,iQOO Z6,,vivo_cn
V2220A,mob,vivo,vivo,,PD2220,iQOO Z6,活力版,vivo_cn
V2164KA,mob,vivo,vivo,,PD2164U,iQOO Z6x,,vivo_cn
V2270A,mob,vivo,vivo,,PD2270,iQOO Z7,,vivo_cn
V2272A,mob,vivo,vivo,,PD2272,iQOO Z7x,,vivo_cn
V2230EA,mob,vivo,vivo,,PD2230,iQOO Z7i,,vivo_cn
V2314A,mob,vivo,vivo,,PD2314,iQOO Z8,,vivo_cn
V2312A,mob,vivo,vivo,,PD2312,iQOO Z8x,,vivo_cn
V2361A,mob,vivo,vivo,,PD2361,iQOO Z9,,vivo_cn
V2352A,mob,vivo,vivo,,PD2352,iQOO Z9 Turbo,,vivo_cn
V2352GA,mob,vivo,vivo,,PD2352G,iQOO Z9 Turbo 长续航版,,vivo_cn
V2417A,mob,vivo,vivo,,PD2417,iQOO Z9 Turbo+,,vivo_cn
V2353A,mob,vivo,vivo,,PD2353,iQOO Z9x,,vivo_cn
V2452A,mob,vivo,vivo,,PD2452,iQOO Z10 Turbo,,vivo_cn
V2453A,mob,vivo,vivo,,PD2453,iQOO Z10 Turbo Pro,,vivo_cn
V2507A,mob,vivo,vivo,,PD2507,iQOO Z10 Turbo+,,vivo_cn
V2445A,mob,vivo,vivo,,PD2445,iQOO Z10x,,vivo_cn
V2536A,mob,vivo,vivo,,PD2536,iQOO Z11 Turbo,,vivo_cn
V2551A,mob,vivo,vivo,,PD2551,iQOO Z11,,vivo_cn
V2532A,mob,vivo,vivo,,PD2532,iQOO Z11x,,vivo_cn
V2559UA,mob,vivo,vivo,,PD2559,iQOO Z11i,,vivo_cn
V2023A,mob,vivo,vivo,,PD2023,iQOO U1,,vivo_cn
V2065A,mob,vivo,vivo,,PD2065,iQOO U1x,,vivo_cn
V2061A,mob,vivo,vivo,,PD2061,iQOO U3,5G,vivo_cn
V2106A,mob,vivo,vivo,,PD2106,iQOO U3x,5G,vivo_cn
V2143A,mob,vivo,vivo,,PD2143,iQOO U3x 标准版,,vivo_cn
V2165A,mob,vivo,vivo,,PD2165,iQOO U5,5G,vivo_cn
V2180GA,mob,vivo,vivo,,PD2180G,iQOO U5x,,vivo_cn
V2197A,mob,vivo,vivo,,PD2197,iQOO U5e,5G,vivo_cn
PA2170,pad,vivo,vivo,,DPD2106,Pad,,vivo_cn
PA2373,pad,vivo,vivo,,DPD2221,Pad2,,vivo_cn
PA2353,pad,vivo,vivo,,DPD2305,Pad Air,,vivo_cn
PA2455,pad,vivo,vivo,,DPD2345,Pad3,,vivo_cn
PA2473,pad,vivo,vivo,,DPD2329,Pad3 Pro,,vivo_cn
PA2553,pad,vivo,vivo,,DPD2437,Pad5,,vivo_cn
PA2573,pad,vivo,vivo,,DPD2429,Pad5 Pro,,vivo_cn
PA2535,pad,vivo,vivo,,DPD2345,Pad5e,,vivo_cn
PA2535,pad,vivo,vivo,,DPD2345,Pad5c,,vivo_cn
PA2511,pad,vivo,vivo,,DPD2424,Pad SE,,vivo_cn
PA2671,pad,vivo,vivo,,DPD2540,Pad6 Pro,,vivo_cn
iPA2375,pad,vivo,vivo,,DPD2307,iQOO Pad,,vivo_cn
iPA2451,pad,vivo,vivo,,DPD2305,iQOO Pad Air,,vivo_cn
iPA2453,pad,vivo,vivo,,DPD2345,iQOO Pad2,,vivo_cn
iPA2475,pad,vivo,vivo,,DPD2329,iQOO Pad2 Pro,,vivo_cn
iPA2556,pad,vivo,vivo,,DPD2437,iQOO Pad5,,vivo_cn
iPA2575,pad,vivo,vivo,,DPD2438,iQOO Pad5 Pro,,vivo_cn
iPA2537,pad,vivo,vivo,,DPD2345,iQOO Pad5e,,vivo_cn
iPA2537,pad,vivo,vivo,,DPD2345,iQOO Pad5c,,vivo_cn
iPA2673,pad,vivo,vivo,,,iQOO Pad6 Pro,,vivo_cn
WA2052,watch,vivo,vivo,,,WATCH,42mm,vivo_cn
WA2056,watch,vivo,vivo,,,WATCH,46mm,vivo_cn
WA2156A,watch,vivo,vivo,,,WATCH 2,eSIM 版,vivo_cn
WA2356A,watch,vivo,vivo,,,WATCH 3,eSIM 版 / ECG 版,vivo_cn
WA2356C,watch,vivo,vivo,,,WATCH 3,蓝牙版,vivo_cn
WA2456A,watch,vivo,vivo,,,WATCH GT,eSIM 版,vivo_cn
WA2456C,watch,vivo,vivo,,,WATCH GT,蓝牙版,vivo_cn
WA2556A,watch,vivo,vivo,,,WATCH 5,蓝牙版,vivo_cn
WA2556B,watch,vivo,vivo,,,WATCH 5,eSIM 版,vivo_cn
WA2536A,watch,vivo,vivo,,,WATCH GT 2,蓝牙版,vivo_cn
WA2536B,watch,vivo,vivo,,,WATCH GT 2,eSIM 版,vivo_cn
iWA2356A,watch,vivo,vivo,,,iQOO WATCH,eSIM 版,vivo_cn
iWA2356C,watch,vivo,vivo,,,iQOO WATCH,蓝牙版,vivo_cn
iWA2456A,watch,vivo,vivo,,,iQOO WATCH GT,eSIM 版,vivo_cn
iWA2456C,watch,vivo,vivo,,,iQOO WATCH GT,蓝牙版,vivo_cn
iWA2556A,watch,vivo,vivo,,,iQOO WATCH 5,蓝牙版,vivo_cn
iWA2556B,watch,vivo,vivo,,,iQOO WATCH 5,eSIM 版,vivo_cn
iWA2536A,watch,vivo,vivo,,,iQOO WATCH GT 2,蓝牙版,vivo_cn
iWA2536C,watch,vivo,vivo,,,iQOO WATCH GT 2,eSIM 版,vivo_cn
vivo 1939,mob,vivo,vivo,,PD2006F,X50,,vivo_global_en
vivo 2004,mob,vivo,vivo,,PD2006F,X50,,vivo_global_en
vivo 2005,mob,vivo,vivo,,PD2006F,X50,,vivo_global_en
vivo 2006,mob,vivo,vivo,,PD2005F,X50 Pro,,vivo_global_en
V2006,mob,vivo,vivo,,PD2005F,X50 Pro,,vivo_global_en
V1930,mob,vivo,vivo,,PD1968F,X50e,5G,vivo_global_en
V1937,mob,vivo,vivo,,PD1982F,X50 Lite,,vivo_global_en
V2006,mob,vivo,vivo,,PD2005F,X51,5G,vivo_global_en
V2045,mob,vivo,vivo,,PD2046F,X60,,vivo_global_en
V2046,mob,vivo,vivo,,PD2059F,X60 Pro,,vivo_global_en
V2047,mob,vivo,vivo,,PD2056F,X60 Pro+,,vivo_global_en
V2104,mob,vivo,vivo,,PD2133F,X70,,vivo_global_en
V2105,mob,vivo,vivo,,PD2135F,X70 Pro,,vivo_global_en
V2114,mob,vivo,vivo,,PD2145F,X70 Pro+,,vivo_global_en
V2144,mob,vivo,vivo,,PD2183F,X80,,vivo_global_en
V2145,mob,vivo,vivo,,PD2185F,X80 Pro,,vivo_global_en
V2208,mob,vivo,vivo,,PD2215F,X80 Lite,5G,vivo_global_en
V2218,mob,vivo,vivo,,PD2241F,X90,,vivo_global_en
V2219,mob,vivo,vivo,,PD2242F,X90 Pro,,vivo_global_en
V2308,mob,vivo,vivo,,PD2309F,X100,,vivo_global_en
V2309,mob,vivo,vivo,,PD2324F,X100 Pro,,vivo_global_en
V2330,mob,vivo,vivo,,PD2337F,X Fold3 Pro,,vivo_global_en
V2415,mob,vivo,vivo,,PD2415F,X200,,vivo_global_en
V2413,mob,vivo,vivo,,PD2405F,X200 Pro,,vivo_global_en
V2503,mob,vivo,vivo,,PD2465F,X200 FE,,vivo_global_en
V2505,mob,vivo,vivo,,PD2465F,X200 FE,,vivo_global_en
V2561,mob,vivo,vivo,,PD2458F,X200T,,vivo_global_en
V2429,mob,vivo,vivo,,PD2436F,X Fold5,,vivo_global_en
V2515,mob,vivo,vivo,,PD2509F,X300,,vivo_global_en
V2514,mob,vivo,vivo,,PD2502F,X300 Pro,,vivo_global_en
V2537,mob,vivo,vivo,,PD2527F,X300 FE,,vivo_global_en
V2542,mob,vivo,vivo,,PD2527F,X300 FE,,vivo_global_en
V2633,mob,vivo,vivo,,PD2527F,X300 FE,,vivo_global_en
V2562,mob,vivo,vivo,,PD2547F,X300 Ultra,,vivo_global_en
vivo 1819,mob,vivo,vivo,,PD1831F,V15,,vivo_global_en
vivo 1920,mob,vivo,vivo,,PD1948F,V17,,vivo_global_en
vivo 1907,mob,vivo,vivo,,PD1913F,V17 Neo,,vivo_global_en
V2025,mob,vivo,vivo,,PD2039F,V20,,vivo_global_en
vivo 2018,mob,vivo,vivo,,PD2020F,V20 Pro,,vivo_global_en
V2022,mob,vivo,vivo,,PD2038F,V20 SE,,vivo_global_en
V2023,mob,vivo,vivo,,PD2038F,V20 SE,,vivo_global_en
V2040,mob,vivo,vivo,,PD2067F,V20 2021,,vivo_global_en
V2050,mob,vivo,vivo,,PD2083F,V21,5G,vivo_global_en
V2066,mob,vivo,vivo,,PD2083F,V21,5G,vivo_global_en
V2108,mob,vivo,vivo,,PD2083F,V21,5G,vivo_global_en
V2061,mob,vivo,vivo,,PD2107F,V21e,,vivo_global_en
V2055,mob,vivo,vivo,,PD2102F,V21e 5G,,vivo_global_en
V2130,mob,vivo,vivo,,PD2167F,V23,5G,vivo_global_en
V2132,mob,vivo,vivo,,PD2163F,V23 Pro,,vivo_global_en
V2115,mob,vivo,vivo,,PD2150F,V23e,,vivo_global_en
V2116,mob,vivo,vivo,,PD2150F,V23e,,vivo_global_en
V2126,mob,vivo,vivo,,PD2159F,V23e 5G,,vivo_global_en
V2202,mob,vivo,vivo,,PD2215F,V25,,vivo_global_en
V2228,mob,vivo,vivo,,PD2215F,V25,,vivo_global_en
V2158,mob,vivo,vivo,,PD2204F,V25 Pro,,vivo_global_en
V2201,mob,vivo,vivo,,PD2214F,V25e,,vivo_global_en
V2209,mob,vivo,vivo,,PD2214F,V25e,,vivo_global_en
V2242,mob,vivo,vivo,,PD2214F,V25e,,vivo_global_en
V2231,mob,vivo,vivo,,PD2269F,V27,,vivo_global_en
V2246,mob,vivo,vivo,,PD2269F,V27,,vivo_global_en
V2230,mob,vivo,vivo,,PD2245F,V27 Pro,,vivo_global_en
V2237,mob,vivo,vivo,,PD2268F,V27e,,vivo_global_en
V2250,mob,vivo,vivo,,PD2283F,V29,,vivo_global_en
V2251,mob,vivo,vivo,,PD2284F,V29 Pro,,vivo_global_en
V2317,mob,vivo,vivo,,PD2313F,V29e 5G,Global,vivo_global_en
V2303,mob,vivo,vivo,,PD2325F,V29e 5G,India,vivo_global_en
V2244,mob,vivo,vivo,,PD2271F,V29 Lite,5G,vivo_global_en
V2318,mob,vivo,vivo,,PD2323F,V30,,vivo_global_en
V2319,mob,vivo,vivo,,PD2332F,V30 Pro,,vivo_global_en
V2339,mob,vivo,vivo,,PD2343F,V30e,,vivo_global_en
V2340,mob,vivo,vivo,,PD2343F,V30e,,vivo_global_en
V2342,mob,vivo,vivo,,PD2358F,V30 Lite,,vivo_global_en
V2314,mob,vivo,vivo,,,V30 Lite 5G,Global,vivo_global_en
V2327,mob,vivo,vivo,,PD2341F,V30 Lite 5G,ME,vivo_global_en
V2349,mob,vivo,vivo,,PD2341F,V30 SE,,vivo_global_en
V2348,mob,vivo,vivo,,PD2363F,V40,,vivo_global_en
V2347,mob,vivo,vivo,,PD2362F,V40 Pro,,vivo_global_en
V2403,mob,vivo,vivo,,PD2406F,V40e,,vivo_global_en
V2424,mob,vivo,vivo,,PD2432F,V40 Lite,Indonesia,vivo_global_en
V2340,mob,vivo,vivo,,PD2343F,V40 Lite 5G,Global,vivo_global_en
V2341,mob,vivo,vivo,,PD2343F,V40 Lite 5G,Global,vivo_global_en
V2417,mob,vivo,vivo,,,V40 Lite 5G,Indonesia,vivo_global_en
V2418,mob,vivo,vivo,,,V40 Lite 5G,Indonesia,vivo_global_en
V2342,mob,vivo,vivo,,PD2358F,V40 SE,,vivo_global_en
V2337,mob,vivo,vivo,,PD2341F,V40 SE 5G,,vivo_global_en
V2418,mob,vivo,vivo,,PD2341F,V40 SE 5G,80W,vivo_global_en
V2427,mob,vivo,vivo,,PD2437F,V50,,vivo_global_en
V2448,mob,vivo,vivo,,PD2437F,V50,,vivo_global_en
V2451,mob,vivo,vivo,,PD2437F,V50,,vivo_global_en
V2428,mob,vivo,vivo,,PD2438F,V50e,,vivo_global_en
V2441,mob,vivo,vivo,,PD2448F,V50 Lite,,vivo_global_en
V2440,mob,vivo,vivo,,PD2447F,V50 Lite 5G,,vivo_global_en
V2450,mob,vivo,vivo,,PD2447F,V50 Lite 5G,,vivo_global_en
V2453,mob,vivo,vivo,,PD2447F,V50 Lite 5G,,vivo_global_en
V2511,mob,vivo,vivo,,PD2503F,V60,,vivo_global_en
V2512,mob,vivo,vivo,,PD2503F,V60,,vivo_global_en
V2530,mob,vivo,vivo,,PD2448F,V60 Lite,,vivo_global_en
V2549,mob,vivo,vivo,,PD2448F,V60 Lite,,vivo_global_en
V2529,mob,vivo,vivo,,PD2512F,V60 Lite 5G,,vivo_global_en
V2513,mob,vivo,vivo,,PD2504F,V60e,,vivo_global_en
V2538,mob,vivo,vivo,,PD2529F,V70,,vivo_global_en
V2539,mob,vivo,vivo,,PD2529F,V70,,vivo_global_en
V2540,mob,vivo,vivo,,PD2529F,V70,,vivo_global_en
V2548,mob,vivo,vivo,,PD2528F,V70 Elite,,vivo_global_en
V2550,mob,vivo,vivo,,PD2539F,V70 FE,,vivo_global_en
V2551,mob,vivo,vivo,,PD2539F,V70 FE,,vivo_global_en
V2552,mob,vivo,vivo,,PD2539F,V70 FE,,vivo_global_en
V2558,mob,vivo,vivo,,PD2539F,V70 FE,,vivo_global_en
V2584,mob,vivo,vivo,,,V70 Lite,,vivo_global_en
V2604,mob,vivo,vivo,,,V70 Lite,,vivo_global_en
V2627,mob,vivo,vivo,,,V70 Lite,,vivo_global_en
V2634,mob,vivo,vivo,,,V70 Lite,,vivo_global_en
V2635,mob,vivo,vivo,,,V70 Lite,,vivo_global_en
V2615,mob,vivo,vivo,,PD2512F,V70 Lite 5G,,vivo_global_en
V2637,mob,vivo,vivo,,PD2512F,V70 Lite 5G,,vivo_global_en
V2576,mob,vivo,vivo,,,V80 Lite 5G,,vivo_global_en
V2643,mob,vivo,vivo,,,V80 Lite 5G,,vivo_global_en
V2644,mob,vivo,vivo,,,V80 Lite 5G,,vivo_global_en
vivo 1907,mob,vivo,vivo,,PD1913F,S1,,vivo_global_en
V1937,mob,vivo,vivo,,PD1982F,S1 Prime,,vivo_global_en
vivo 1920,mob,vivo,vivo,,PD1945F,S1 Pro,,vivo_global_en
vivo 1920_20,mob,vivo,vivo,,PD1945F,S1 Pro,,vivo_global_en
V2576,mob,vivo,vivo,,,S2,,vivo_global_en
V2153,mob,vivo,vivo,,PD2201F,T1,,vivo_global_en
V2168,mob,vivo,vivo,,PD2201F,T1,,vivo_global_en
V2141,mob,vivo,vivo,,PD2165F,T1 5G,,vivo_global_en
V2150,mob,vivo,vivo,,PD2165F,T1 5G,,vivo_global_en
V2157,mob,vivo,vivo,,PD2165F,T1 5G,,vivo_global_en
V2143,mob,vivo,vivo,,PD2142F,T1x,,vivo_global_en
V2151,mob,vivo,vivo,,PD2193F,T1 Pro 5G,,vivo_global_en
V2320,mob,vivo,vivo,,PD2268F,T2,,vivo_global_en
V2240,mob,vivo,vivo,,PD2251F,T2 5G,,vivo_global_en
V2321,mob,vivo,vivo,,PD2285F,T2 Pro 5G,,vivo_global_en
V2253,mob,vivo,vivo,,PD2230F,T2x 5G,,vivo_global_en
V2312,mob,vivo,vivo,,PD2230F,T2x 5G,,vivo_global_en
V2334,mob,vivo,vivo,,PD2346F,T3 5G,,vivo_global_en
V2338,mob,vivo,vivo,,PD2353F,T3x 5G,,vivo_global_en
V2404,mob,vivo,vivo,,PD2404F,T3 Pro 5G,,vivo_global_en
V2356,mob,vivo,vivo,,PD2357F,T3 Lite 5G,,vivo_global_en
V2426,mob,vivo,vivo,,PD2362F,T3 Ultra 5G,,vivo_global_en
V2502,mob,vivo,vivo,,PD2456F,T4 5G,,vivo_global_en
V2437,mob,vivo,vivo,,PD2445F,T4x 5G,,vivo_global_en
V2509,mob,vivo,vivo,,PD2443F,T4 Lite 5G,,vivo_global_en
V2518,mob,vivo,vivo,,PD2438F,T4R 5G,,vivo_global_en
V2510,mob,vivo,vivo,,PD2503F,T4 Pro,,vivo_global_en
V2504,mob,vivo,vivo,,PD2430F,T4 Ultra,,vivo_global_en
V2583,mob,vivo,vivo,,,T5,,vivo_global_en
V2568,mob,vivo,vivo,,PD2553F,T5 Pro,,vivo_global_en
V2602,mob,vivo,vivo,,PD2553F,T5 Pro,,vivo_global_en
V2545,mob,vivo,vivo,,PD2532F,T5x 5G,,vivo_global_en
V2628,mob,vivo,vivo,,,T5e,,vivo_global_en
V2603,mob,vivo,vivo,,PD2542F,T5 Lite 5G,,vivo_global_en
V2557,mob,vivo,vivo,,,T5 Lite 44W 5G,,vivo_global_en
vivo 1929,mob,vivo,vivo,,PD2014F,Y1s,,vivo_global_en
vivo 2015,mob,vivo,vivo,,PD2014F,Y1s,,vivo_global_en
vivo 2015_21,mob,vivo,vivo,,PD2014F,Y1s,,vivo_global_en
V2044,mob,vivo,vivo,,PD2074F,Y3s,,vivo_global_en
vivo 1902,mob,vivo,vivo,,,Y5,,vivo_global_en
V2118,mob,vivo,vivo,,PD2140F,Y01,,vivo_global_en
V2166,mob,vivo,vivo,,PD2140NF,Y01A,,vivo_global_en
V2213,mob,vivo,vivo,,PD2236F,Y02,,vivo_global_en
V2217,mob,vivo,vivo,,PD2236F,Y02,,vivo_global_en
V2234_PK,mob,vivo,vivo,,PD2236F,Y02,,vivo_global_en
V2236,mob,vivo,vivo,,PD2236F,Y02,,vivo_global_en
V2234,mob,vivo,vivo,,PD2336F,Y02A,,vivo_global_en
V2203,mob,vivo,vivo,,PD2216F,Y02s,,vivo_global_en
V2221,mob,vivo,vivo,,PD2216F,Y02s,,vivo_global_en
V2229,mob,vivo,vivo,,PD2216F,Y02s,,vivo_global_en
V2252,mob,vivo,vivo,,PD2336F,Y02t,,vivo_global_en
V2254,mob,vivo,vivo,,PD2336F,Y02t,,vivo_global_en
V2325,mob,vivo,vivo,,PD2336F,Y02t,,vivo_global_en
V2332,mob,vivo,vivo,,PD2327F,Y03,,vivo_global_en
V2406,mob,vivo,vivo,,PD2327F,Y03,,vivo_global_en
V2344,mob,vivo,vivo,,PD2420F,Y03t,,vivo_global_en
V2409,mob,vivo,vivo,,PD2420F,Y03t,,vivo_global_en
V2430,mob,vivo,vivo,,PD2442F,Y04,,vivo_global_en
V2438,mob,vivo,vivo,,PD2442F,Y04,,vivo_global_en
V2531,mob,vivo,vivo,,PD2442F,Y04,,vivo_global_en
V2547,mob,vivo,vivo,,PD2442F,Y04,,vivo_global_en
V2532,mob,vivo,vivo,,PD2442F,Y04e,,vivo_global_en
V2531,mob,vivo,vivo,,PD2442F,Y04s,,vivo_global_en
V2556,mob,vivo,vivo,,PD2541F,Y05,,vivo_global_en
V2565,mob,vivo,vivo,,PD2541F,Y05,,vivo_global_en
V2606,mob,vivo,vivo,,,Y05e,,vivo_global_en
V2575,mob,vivo,vivo,,PD2542F,Y11 5G,,vivo_global_en
V2028,mob,vivo,vivo,,PD2042F,Y11s,,vivo_global_en
V2555,mob,vivo,vivo,,PD2541F,Y11d,,vivo_global_en
V2578,mob,vivo,vivo,,PD2541F,Y11d,,vivo_global_en
V2580,mob,vivo,vivo,,PD2541F,Y11d,,vivo_global_en
V2646,mob,vivo,vivo,,PD2541F,Y11d,,vivo_global_en
V2577,mob,vivo,vivo,,PD2541F,Y11e,,vivo_global_en
vivo 1904,mob,vivo,vivo,,PD1901F,Y12,,vivo_global_en
V2026,mob,vivo,vivo,,PD2060F,Y12A,,vivo_global_en
V2048,mob,vivo,vivo,,,Y12D,,vivo_global_en
V2026,mob,vivo,vivo,,PD2060F,Y12s,,vivo_global_en
V2026_21,mob,vivo,vivo,,PD2060F,Y12s,,vivo_global_en
V2042,mob,vivo,vivo,,PD2036F,Y12s,,vivo_global_en
vivo 1901,mob,vivo,vivo,,PD1901F,Y15,,vivo_global_en
vivo 1901,mob,vivo,vivo,,,Y15 2020,,vivo_global_en
V2134,mob,vivo,vivo,,,Y15A,,vivo_global_en
V2147,mob,vivo,vivo,,,Y15C,,vivo_global_en
V2162,mob,vivo,vivo,,,Y15C,,vivo_global_en
V2212,mob,vivo,vivo,,,Y15C,,vivo_global_en
V2120,mob,vivo,vivo,,PD2140F,Y15s,,vivo_global_en
V2125,mob,vivo,vivo,,PD2140F,Y15s,,vivo_global_en
V2139,mob,vivo,vivo,,PD2140F,Y15s,,vivo_global_en
V2204,mob,vivo,vivo,,PD2216F,Y16,,vivo_global_en
V2214,mob,vivo,vivo,,PD2216F,Y16,,vivo_global_en
V2305,mob,vivo,vivo,,PD2216F,Y16,,vivo_global_en
vivo 1902,mob,vivo,vivo,,PD1901F,Y17,,vivo_global_en
V2310,mob,vivo,vivo,,PD2317F,Y17s,,vivo_global_en
V2331,mob,vivo,vivo,,PD2317F,Y17s,,vivo_global_en
V2333,mob,vivo,vivo,,PD2327F,Y18,,vivo_global_en
V2345,mob,vivo,vivo,,PD2327F,Y18,,vivo_global_en
V2410,mob,vivo,vivo,,PD2327F,Y18s,,vivo_global_en
V2408,mob,vivo,vivo,,PD2360F,Y18t,,vivo_global_en
V2350,mob,vivo,vivo,,PD2327F,Y18e,,vivo_global_en
V2414,mob,vivo,vivo,,PD2360F,Y18i,,vivo_global_en
vivo 1915,mob,vivo,vivo,,,Y19,,vivo_global_en
V2432,mob,vivo,vivo,,PD2443F,Y19 5G,,vivo_global_en
V2419,mob,vivo,vivo,,PD2420F,Y19s,,vivo_global_en
V2423,mob,vivo,vivo,,PD2420F,Y19s,,vivo_global_en
V2541,mob,vivo,vivo,,PD2420F,Y19s 5G,,vivo_global_en
V2419,mob,vivo,vivo,,PD2420F,Y19s Pro,,vivo_global_en
V2458,mob,vivo,vivo,,PD2420F,Y19s Pro,,vivo_global_en
V2507,mob,vivo,vivo,,PD2420F,Y19s Pro,,vivo_global_en
V2508,mob,vivo,vivo,,PD2420F,Y19s Pro,,vivo_global_en
V2519,mob,vivo,vivo,,PD2420F,Y19s Pro,,vivo_global_en
V2526,mob,vivo,vivo,,PD2443F,Y19s GT 5G,,vivo_global_en
V2431,mob,vivo,vivo,,PD2442F,Y19e,,vivo_global_en
V2027,mob,vivo,vivo,,PD2034F,Y20,,vivo_global_en
V2037,mob,vivo,vivo,,PD2066F,Y20G,,vivo_global_en
V2032,mob,vivo,vivo,,PD2034F,Y20i,,vivo_global_en
V2029,mob,vivo,vivo,,PD2034F,Y20s,,vivo_global_en
V2038,mob,vivo,vivo,,PD2066F,Y20s,G,vivo_global_en
V2129,mob,vivo,vivo,,PD2093F,Y20T,,vivo_global_en
V2043,mob,vivo,vivo,,PD2036F,Y20 2021,,vivo_global_en
V2043_21,mob,vivo,vivo,,PD2036F,Y20 2021,,vivo_global_en
V2065,mob,vivo,vivo,,PD2036F,Y20G 2021,,vivo_global_en
V2026,mob,vivo,vivo,,PD2036F,Y20i 2021,,vivo_global_en
V2111,mob,vivo,vivo,,PD2139F,Y21,,vivo_global_en
V2149,mob,vivo,vivo,,PD2139F,Y21A,,vivo_global_en
V2111-EG,mob,vivo,vivo,,PD2139F,Y21A,,vivo_global_en
V2140,mob,vivo,vivo,,PD2158F,Y21e (2022),,vivo_global_en
V2152,mob,vivo,vivo,,PD2138F,Y21G,,vivo_global_en
V2110,mob,vivo,vivo,,PD2138F,Y21s,,vivo_global_en
V2136,mob,vivo,vivo,,PD2138F,Y21s,,vivo_global_en
V2131,mob,vivo,vivo,,PD2158F,Y21T,,vivo_global_en
V2135,mob,vivo,vivo,,PD2158F,Y21T,,vivo_global_en
V2520,mob,vivo,vivo,,PD2510DF,Y21d,,vivo_global_en
V2524,mob,vivo,vivo,,PD2510DF,Y21d,,vivo_global_en
V2525,mob,vivo,vivo,,PD2510DF,Y21d,,vivo_global_en
V2535,mob,vivo,vivo,,PD2510DF,Y21d,,vivo_global_en
V2560,mob,vivo,vivo,,PD2510DF,Y21d,,vivo_global_en
V2525,mob,vivo,vivo,,PD2510DF,Y21e (2025),,vivo_global_en
V2553,mob,vivo,vivo,,PD2542F,Y21 5G,,vivo_global_en
V2554,mob,vivo,vivo,,PD2542F,Y21 5G,,vivo_global_en
V2207,mob,vivo,vivo,,PD2226F,Y22,,vivo_global_en
V2238,mob,vivo,vivo,,PD2226F,Y22,,vivo_global_en
V2206,mob,vivo,vivo,,PD2228F,Y22s,,vivo_global_en
V2313,mob,vivo,vivo,,PD2226F,Y22t,,vivo_global_en
V2249,mob,vivo,vivo,,PD2281F,Y27,,vivo_global_en
V2248,mob,vivo,vivo,,PD2279F,Y27 5G,,vivo_global_en
V2302,mob,vivo,vivo,,PD2279F,Y27 5G,,vivo_global_en
V2322,mob,vivo,vivo,,PD2280F,Y27s,,vivo_global_en
V2335,mob,vivo,vivo,,PD2280F,Y27s,,vivo_global_en
V2352,mob,vivo,vivo,,PD2365CF,Y28,,vivo_global_en
V2353,mob,vivo,vivo,,PD2365CF,Y28,,vivo_global_en
V2315,mob,vivo,vivo,,PD2318F,Y28 5G,,vivo_global_en
V2346,mob,vivo,vivo,,PD2357F,Y28s 5G,,vivo_global_en
V2351,mob,vivo,vivo,,PD2357F,Y28s 5G,,vivo_global_en
V2407,mob,vivo,vivo,,PD2357F,Y28e 5G,,vivo_global_en
V2434,mob,vivo,vivo,,PD2446F,Y29,,vivo_global_en
V2435,mob,vivo,vivo,,PD2446F,Y29,,vivo_global_en
V2420,mob,vivo,vivo,,PD2421F,Y29 5G,,vivo_global_en
V2446,mob,vivo,vivo,,PD2443F,Y29s 5G,,vivo_global_en
V2527,mob,vivo,vivo,,PD2443F,Y29t 5G,,vivo_global_en
V2160,mob,vivo,vivo,,PD2197F,Y30 5G,,vivo_global_en
V2036,mob,vivo,vivo,,PD2068F,Y31,,vivo_global_en
V2036_21,mob,vivo,vivo,,PD2068F,Y31,,vivo_global_en
V2521,mob,vivo,vivo,,PD2511F,Y31 5G,,vivo_global_en
V2534,mob,vivo,vivo,,PD2445F,Y31 Pro 5G,,vivo_global_en
V2543,mob,vivo,vivo,,PD2533F,Y31d,,vivo_global_en
V2546,mob,vivo,vivo,,PD2533F,Y31d,,vivo_global_en
V2582,mob,vivo,vivo,,PD2533F,Y31d,,vivo_global_en
V2611,mob,vivo,vivo,,PD2533F,Y31d,,vivo_global_en
V2636,mob,vivo,vivo,,PD2533F,Y31d,,vivo_global_en
V2543,mob,vivo,vivo,,PD2533F,Y31d Pro,,vivo_global_en
V2533,mob,vivo,vivo,,PD2511F,Y31e 5G,,vivo_global_en
V2614,mob,vivo,vivo,,PD2511F,Y31s 5G,,vivo_global_en
V2057,mob,vivo,vivo,,PD2103F,Y33,,vivo_global_en
V2109-EG,mob,vivo,vivo,,PD2142F,Y33A,,vivo_global_en
V2109,mob,vivo,vivo,,PD2147F,Y33s,,vivo_global_en
V2146,mob,vivo,vivo,,PD2142F,Y33T,,vivo_global_en
V2205,mob,vivo,vivo,,PD2225F,Y35,,vivo_global_en
V2247,mob,vivo,vivo,,PD2280F,Y36,,vivo_global_en
V2324,mob,vivo,vivo,,PD2280F,Y36,,vivo_global_en
V2248,mob,vivo,vivo,,PD2279F,Y36 5G,,vivo_global_en
V2343,mob,vivo,vivo,,PD2343F,Y38 5G,,vivo_global_en
V2436,mob,vivo,vivo,,PD2444F,Y39 5G,,vivo_global_en
V2443,mob,vivo,vivo,,PD2444F,Y39 5G,,vivo_global_en
V2447,mob,vivo,vivo,,PD2444F,Y39 5G,,vivo_global_en
V2024,mob,vivo,vivo,,PD2044F,Y51,,vivo_global_en
V2030,mob,vivo,vivo,,PD2044F,Y51,,vivo_global_en
V2035,mob,vivo,vivo,,PD2044F,Y51,,vivo_global_en
V2031,mob,vivo,vivo,,PD2044F,Y51s,,vivo_global_en
V2031_21,mob,vivo,vivo,,PD2044F,Y51s,,vivo_global_en
V2544,mob,vivo,vivo,,PD2532F,Y51 Pro 5G,,vivo_global_en
V2613,mob,vivo,vivo,,PD2532F,Y51 Pro 5G,,vivo_global_en
V2053,mob,vivo,vivo,,PD2069F,Y52 5G,,vivo_global_en
V2058,mob,vivo,vivo,,PD2103F,Y53s,,vivo_global_en
V2154,mob,vivo,vivo,,PD2201F,Y55,,vivo_global_en
V2127,mob,vivo,vivo,,PD2166F,Y55 5G,,vivo_global_en
V2225,mob,vivo,vivo,,PD2230F,Y56 5G,,vivo_global_en
V2311,mob,vivo,vivo,,PD2230F,Y56 5G,,vivo_global_en
V2355,mob,vivo,vivo,,PD2354F,Y58 5G,,vivo_global_en
V2443,mob,vivo,vivo,,,Y59 5G,,vivo_global_en
V2041,mob,vivo,vivo,,PD2069F,Y72 5G,Global,vivo_global_en
V2060,mob,vivo,vivo,,PD2112F,Y72 5G,India,vivo_global_en
V2059,mob,vivo,vivo,,PD2078F,Y73,,vivo_global_en
V2059-EG,mob,vivo,vivo,,PD2078F,Y73,,vivo_global_en
V2117,mob,vivo,vivo,,PD2150F,Y75,,vivo_global_en
V2142,mob,vivo,vivo,,PD2166F,Y75 5G,,vivo_global_en
V2124,mob,vivo,vivo,,PD2156F,Y76 5G,,vivo_global_en
V2169,mob,vivo,vivo,,PD2224F,Y77 5G,,vivo_global_en
V2244,mob,vivo,vivo,,PD2271F,Y78 5G,,vivo_global_en
V2342,mob,vivo,vivo,,PD2358F,Y100,,vivo_global_en
V2412,mob,vivo,vivo,,PD2358F,Y100,,vivo_global_en
V2239,mob,vivo,vivo,,PD2257F,Y100 5G,,vivo_global_en
V2327,mob,vivo,vivo,,PD2257F,Y100 5G,,vivo_global_en
V2222,mob,vivo,vivo,,PD2251F,Y100A 5G,,vivo_global_en
V2424,mob,vivo,vivo,,PD2358F,Y200,,vivo_global_en
V2425,mob,vivo,vivo,,PD2358F,Y200,,vivo_global_en
V2307,mob,vivo,vivo,,PD2326F,Y200 5G,,vivo_global_en
V2303,mob,vivo,vivo,,PD2313F,Y200 Pro 5G,,vivo_global_en
V2401,mob,vivo,vivo,,PD2313F,Y200 Pro 5G,,vivo_global_en
V2336,mob,vivo,vivo,,PD2341F,Y200e 5G,,vivo_global_en
V2416,mob,vivo,vivo,,PD2418F,Y300 5G,,vivo_global_en
V2422,mob,vivo,vivo,,PD2422F,Y300+ 5G,,vivo_global_en
V2402,mob,vivo,vivo,,,Y300 Pro 5G,,vivo_global_en
V2455,mob,vivo,vivo,,PD2470F,Y400,,vivo_global_en
V2506,mob,vivo,vivo,,PD2469F,Y400 5G,,vivo_global_en
V2439,mob,vivo,vivo,,PD2451F,Y400 Pro 5G,,vivo_global_en
V2570,mob,vivo,vivo,,,Y500,,vivo_global_en
V2584,mob,vivo,vivo,,,Y500,,vivo_global_en
V2627,mob,vivo,vivo,,,Y500,,vivo_global_en
V2634,mob,vivo,vivo,,,Y500,,vivo_global_en
V2635,mob,vivo,vivo,,,Y500,,vivo_global_en
I1927,mob,vivo,vivo,,PD1964F,iQOO 3,4G,vivo_global_en
I1928,mob,vivo,vivo,,PD1955F,iQOO 3 5G,,vivo_global_en
I2009,mob,vivo,vivo,,PD2049F,iQOO 7,Global,vivo_global_en
I2012,mob,vivo,vivo,,PD2055F,iQOO 7,India,vivo_global_en
I2017,mob,vivo,vivo,,PD2136F,iQOO 9,,vivo_global_en
I2022,mob,vivo,vivo,,PD2172F,iQOO 9 Pro,,vivo_global_en
I2019,mob,vivo,vivo,,PD2154F,iQOO 9 SE,,vivo_global_en
I2201,mob,vivo,vivo,,PD2217F,iQOO 9T,,vivo_global_en
I2212,mob,vivo,vivo,,PD2243F,iQOO 11,,vivo_global_en
I2220,mob,vivo,vivo,,PD2307F,iQOO 12,,vivo_global_en
I2401,mob,vivo,vivo,,PD2408F,iQOO 13,,vivo_global_en
I2501,mob,vivo,vivo,,PD2505F,iQOO 15,,vivo_global_en
I2508,mob,vivo,vivo,,PD2536F,iQOO 15R,,vivo_global_en
I2202,mob,vivo,vivo,,PD2199F,iQOO Neo6,,vivo_global_en
I2214,mob,vivo,vivo,,PD2238F,iQOO Neo7,,vivo_global_en
I2217,mob,vivo,vivo,,PD2232F,iQOO Neo7 Pro,,vivo_global_en
I2304,mob,vivo,vivo,,PD2338F,iQOO Neo9 Pro,,vivo_global_en
I2405,mob,vivo,vivo,,PD2453F,iQOO Neo 10,,vivo_global_en
I2408,mob,vivo,vivo,,PD2453F,iQOO Neo 10,,vivo_global_en
I2221,mob,vivo,vivo,,PD2352F,iQOO Neo 10R,,vivo_global_en
I2011,mob,vivo,vivo,,PD2073F,iQOO Z3 5G,,vivo_global_en
I2018,mob,vivo,vivo,,PD2148F,iQOO Z5,,vivo_global_en
I2127,mob,vivo,vivo,,PD2165F,iQOO Z6 5G,,vivo_global_en
I2203,mob,vivo,vivo,,PD2201F,iQOO Z6,44W,vivo_global_en
I2206,mob,vivo,vivo,,PD2201F,iQOO Z6,44W,vivo_global_en
I2126,mob,vivo,vivo,,PD2193F,iQOO Z6 Pro 5G,,vivo_global_en
I2208,mob,vivo,vivo,,PD2235F,iQOO Z6 Lite 5G,,vivo_global_en
I2213,mob,vivo,vivo,,PD2270F,iQOO Z7 5G,Global,vivo_global_en
I2207,mob,vivo,vivo,,PD2257F,iQOO Z7 5G,India,vivo_global_en
I2223,mob,vivo,vivo,,PD2251F,iQOO Z7s 5G,,vivo_global_en
I2216,mob,vivo,vivo,,PD2272F,iQOO Z7x 5G,,vivo_global_en
I2301,mob,vivo,vivo,,PD2285F,iQOO Z7 Pro 5G,,vivo_global_en
I2218,mob,vivo,vivo,,PD2346F,iQOO Z9 5G,,vivo_global_en
I2302,mob,vivo,vivo,,PD2346F,iQOO Z9 5G,,vivo_global_en
I2219,mob,vivo,vivo,,PD2353F,iQOO Z9x 5G,,vivo_global_en
I2306,mob,vivo,vivo,,PD2357F,iQOO Z9 Lite 5G,,vivo_global_en
I2403,mob,vivo,vivo,,PD2406F,iQOO Z9s 5G,,vivo_global_en
I2305,mob,vivo,vivo,,PD2404F,iQOO Z9s Pro 5G,,vivo_global_en
I2407,mob,vivo,vivo,,PD2456F,iQOO Z10 5G,,vivo_global_en
I2404,mob,vivo,vivo,,PD2445F,iQOO Z10x 5G,,vivo_global_en
I2409,mob,vivo,vivo,,PD2443F,iQOO Z10 Lite 5G,,vivo_global_en
I2502,mob,vivo,vivo,,,iQOO Z10 Lite,,vivo_global_en
I2410,mob,vivo,vivo,,PD2438F,iQOO Z10R 5G,India,vivo_global_en
I2505,mob,vivo,vivo,,,iQOO Z10R 5G,Global,vivo_global_en
I2512,mob,vivo,vivo,,PD2553F,iQOO Z11 5G,,vivo_global_en
I2507,mob,vivo,vivo,,PD2532F,iQOO Z11x 5G,,vivo_global_en
I2510,mob,vivo,vivo,,PD2542F,iQOO Z11 Lite 5G,,vivo_global_en
I2510,mob,vivo,vivo,,PD2542F,iQOO Z11 Lite 44W 5G,,vivo_global_en
I2515,mob,vivo,vivo,,PD2542F,iQOO Z11 Lite 44W 5G,,vivo_global_en
J2505,mob,vivo,vivo,,PD2527F,JOVI X300 FE,,vivo_global_en
J2510,mob,vivo,vivo,,PD2547F,JOVI X300 Ultra,,vivo_global_en
V2427,mob,vivo,vivo,,PD2437F,JOVI V50,,vivo_global_en
V2440,mob,vivo,vivo,,PD2447F,JOVI V50 Lite 5G,,vivo_global_en
J2507,mob,vivo,vivo,,PD2529F,JOVI V70 5G,,vivo_global_en
J2502,mob,vivo,vivo,,,JOVI T1 5G,,vivo_global_en
V2425,mob,vivo,vivo,,PD2420F,JOVI Y19s,,vivo_global_en
V2454,mob,vivo,vivo,,PD2420F,JOVI Y19s,,vivo_global_en
J2503,mob,vivo,vivo,,PD2510DF,JOVI Y21,,vivo_global_en
J2508,mob,vivo,vivo,,PD2542F,JOVI Y21 5G,,vivo_global_en
V2445,mob,vivo,vivo,,PD2446F,JOVI Y29,,vivo_global_en
V2459,mob,vivo,vivo,,PD2443F,JOVI Y29s 5G,,vivo_global_en
J2506,mob,vivo,vivo,,PD2533HF,JOVI Y31,,vivo_global_en
V2444,mob,vivo,vivo,,PD2444F,JOVI Y39 5G,,vivo_global_en
XMSH01HM,band,xiaomi,小米,,,小米手环,,xiaomi-wear
XMSH02HM,band,xiaomi,小米,,,小米手环,光感版,xiaomi-wear
XMSH03HM,band,xiaomi,小米,,,小米手环,光感版,xiaomi-wear
XMSH04HM,band,xiaomi,小米,,,小米手环 2,,xiaomi-wear
XMSH2iHM,band,xiaomi,小米,,,小米手环 HRX Edition,印度版,xiaomi-wear
XMSH05HM,band,xiaomi,小米,,,小米手环 3,,xiaomi-wear
XMSH06HM,band,xiaomi,小米,,,小米手环 3,NFC 版,xiaomi-wear
XMSH09HM,band,xiaomi,小米,,,小米手环 3i,印度版,xiaomi-wear
XMSH07HM,band,xiaomi,小米,,,小米手环 4,,xiaomi-wear
XMSH08HM,band,xiaomi,小米,,,小米手环 4,NFC 版,xiaomi-wear
HMSH01GE,band,xiaomi,小米,,,小米手环 4C,国际版,xiaomi-wear
XMSH10HM,band,xiaomi,小米,,,小米手环 5,,xiaomi-wear
XMSH11HM,band,xiaomi,小米,,,小米手环 5,NFC 版,xiaomi-wear
XMSH15HM,band,xiaomi,小米,,,小米手环 6,,xiaomi-wear
XMSH16HM,band,xiaomi,小米,,,小米手环 6,NFC 版,xiaomi-wear
M2129B1,band,xiaomi,小米,L66,,小米手环 7,,xiaomi-wear
M2130B1,band,xiaomi,小米,L66,,小米手环 7,NFC 版,xiaomi-wear
M2140B1,band,xiaomi,小米,L67,,小米手环 7 Pro,国行版,xiaomi-wear
M2141B1,band,xiaomi,小米,L67,,小米手环 7 Pro,国际版,xiaomi-wear
M2239B1,band,xiaomi,小米,M66,,小米手环 8,,xiaomi-wear
M2240B1,band,xiaomi,小米,M66,,小米手环 8,NFC 版,xiaomi-wear
M2302B1,band,xiaomi,小米,M69B,,小米手环 8 Active,国际版,xiaomi-wear
M2303B1,band,xiaomi,小米,M67,,小米手环 8 Pro,国行版,xiaomi-wear
M2333B1,band,xiaomi,小米,M67,,小米手环 8 Pro,国际版,xiaomi-wear
M2345B1,band,xiaomi,小米,N66,,小米手环 9,,xiaomi-wear
M2346B1,band,xiaomi,小米,N66,,小米手环 9,NFC 版 / 陶瓷特别版,xiaomi-wear
M2401B1,band,xiaomi,小米,N67,,小米手环 9 Pro,国行版,xiaomi-wear
M2402B1,band,xiaomi,小米,N67,,小米手环 9 Pro,国际版,xiaomi-wear
M2435B1,band,xiaomi,小米,N69,,小米手环 9 Active,国际版,xiaomi-wear
M2457B1,band,xiaomi,小米,O66,,小米手环 10,,xiaomi-wear
M2456B1,band,xiaomi,小米,O66,,小米手环 10,NFC 版 / 陶瓷版,xiaomi-wear
M2551B1,band,xiaomi,小米,P67,,小米手环 10 Pro,金属版 国行版,xiaomi-wear
M2553B1,band,xiaomi,小米,P67,,小米手环 10 Pro,陶瓷版 国行版,xiaomi-wear
M2552B1,band,xiaomi,小米,P67,,小米手环 10 Pro,国际版,xiaomi-wear
M2558B1,band,xiaomi,小米,P67,,小米手环 10 Pro,NFC 版 国际版,xiaomi-wear
M2559B1,band,xiaomi,小米,P67,,小米手环 10 Pro,陶瓷版 国际版,xiaomi-wear
XMWT01,watch,xiaomi,小米,,baiji,小米手表,,xiaomi-wear
M2320W1,watch,xiaomi,小米,M61C,axolotlaxie,Xiaomi Watch 2,,xiaomi-wear
M2234W1,watch,xiaomi,小米,M61,axolotl,Xiaomi Watch 2 Pro,蓝牙版,xiaomi-wear
M2233W1,watch,xiaomi,小米,M61,axolotlte,Xiaomi Watch 2 Pro,LTE,xiaomi-wear
M2501W1,watch,xiaomi,小米,O61,grass,Xiaomi Watch 5,蓝牙版,xiaomi-wear
M2505W1,watch,xiaomi,小米,O61LTE,grasslte,Xiaomi Watch 5,LTE,xiaomi-wear
M2501W1,watch,xiaomi,小米,O61W,blenny,Xiaomi Watch 5,国际版,xiaomi-wear
REDMIWT02,watch,xiaomi,小米,,,Mi Watch Lite,国际版,xiaomi-wear
XMWT06,watch,xiaomi,小米,,,小米手表 Color,,xiaomi-wear
XMWTCL01,watch,xiaomi,小米,,,小米手表 Color,运动版 国行版,xiaomi-wear
XMWTCL02,watch,xiaomi,小米,,,小米手表 Color,运动版 国际版,xiaomi-wear
M2106W1,watch,xiaomi,小米,K63,,Xiaomi Watch Color 2,,xiaomi-wear
M2108W1,watch,xiaomi,小米,K62,,Xiaomi Watch S1,国行版,xiaomi-wear
M2112W1,watch,xiaomi,小米,K62,,Xiaomi Watch S1,国际版,xiaomi-wear
M2134W1,watch,xiaomi,小米,L61,,Xiaomi Watch S1 Pro,国行版,xiaomi-wear
M2135W1,watch,xiaomi,小米,L61,,Xiaomi Watch S1 Pro,国际版,xiaomi-wear
M2116W1,watch,xiaomi,小米,K63,,Xiaomi Watch S1 Active,国际版,xiaomi-wear
M2206W1,watch,xiaomi,小米,M62,,Xiaomi Watch S2,42mm,xiaomi-wear
M2207W1,watch,xiaomi,小米,M62,,Xiaomi Watch S2,46mm,xiaomi-wear
M2313W1,watch,xiaomi,小米,N62,,Xiaomi Watch S3,蓝牙版 国行版,xiaomi-wear
M2311W1,watch,xiaomi,小米,N62,,Xiaomi Watch S3,eSIM 版 国行版,xiaomi-wear
M2323W1,watch,xiaomi,小米,N62,,Xiaomi Watch S3,蓝牙版 国际版,xiaomi-wear
M2425W1,watch,xiaomi,小米,O62,,Xiaomi Watch S4,蓝牙版,xiaomi-wear
M2424W1,watch,xiaomi,小米,O62,,Xiaomi Watch S4,eSIM 版,xiaomi-wear
M2426W1,watch,xiaomi,小米,O62,,Xiaomi Watch S4,eSIM 15 周年纪念版,xiaomi-wear
M2312W1,watch,xiaomi,小米,N62S,,Xiaomi Watch S4 Sport,eSIM 版,xiaomi-wear
M2502W1,watch,xiaomi,小米,O63,,Xiaomi Watch S4 41mm,,xiaomi-wear
M2230W1,watch,xiaomi,小米,N60,,小米腕部心电血压记录仪,Xiaomi Watch H1,xiaomi-wear
M2412W1,watch,xiaomi,小米,N60E,,小米腕部血压记录仪,Xiaomi Watch H1 E,xiaomi-wear
M2530W1,watch,xiaomi,小米,P62,,Xiaomi Watch S5,蓝牙版,xiaomi-wear
M2517W1,watch,xiaomi,小米,P62,,Xiaomi Watch S5,eSIM 版,xiaomi-wear
M2442G1,glass,xiaomi,小米,O95,,Xiaomi AI Glasses,,xiaomi-wear
HMSH01GE,band,xiaomi,小米,,,Redmi 手环,,xiaomi-wear
M2101B1,band,xiaomi,小米,K67,,Redmi Smart Band Pro,国际版,xiaomi-wear
M2225B1,band,xiaomi,小米,M69B,,Redmi 手环 2,,xiaomi-wear
M2434B1,band,xiaomi,小米,N69,,Redmi 手环 3,,xiaomi-wear
REDMIWT01,watch,xiaomi,小米,,,Redmi Watch,,xiaomi-wear
M2102W1,watch,xiaomi,小米,K65,,Redmi Watch 2,,xiaomi-wear
M2109W1,watch,xiaomi,小米,K65B,,Redmi Watch 2 Lite,国际版,xiaomi-wear
M2215W1,watch,xiaomi,小米,M65,,Redmi Watch 3,国行版,xiaomi-wear
M2216W1,watch,xiaomi,小米,M65,,Redmi Watch 3,国际版,xiaomi-wear
M2309W1,watch,xiaomi,小米,M65A,,Redmi Watch 3 青春版,,xiaomi-wear
M2235W1,watch,xiaomi,小米,M65A,,Redmi Watch 3 Active,国际版,xiaomi-wear
M2314W1,watch,xiaomi,小米,N65,,Redmi Watch 4,国行版,xiaomi-wear
M2315W1,watch,xiaomi,小米,N65,,Redmi Watch 4,国际版,xiaomi-wear
M2427W1,watch,xiaomi,小米,O65,,REDMI Watch 5,蓝牙版,xiaomi-wear
M2428W1,watch,xiaomi,小米,O65,,REDMI Watch 5,eSIM 版,xiaomi-wear
M2351W1,watch,xiaomi,小米,N65A,,Redmi Watch 5 Active,印度版,xiaomi-wear
M2352W1,watch,xiaomi,小米,N65B,,Redmi Watch 5 Lite,印度版,xiaomi-wear
M2460W1,watch,xiaomi,小米,N65C,,Redmi Watch Move,印度版,xiaomi-wear
M2523W1,watch,xiaomi,小米,P65,,REDMI Watch 6,,xiaomi-wear
M2131W1,watch,xiaomi,小米,K65,,POCO Watch,,xiaomi-wear
M2111E1,pod,xiaomi,小米,K75,,Xiaomi 真无线降噪耳机 3,,xiaomi-wear
M2103E1,pod,xiaomi,小米,K73,,Xiaomi 真无线降噪耳机 3 Pro,,xiaomi-wear
M2115E1,pod,xiaomi,小米,K73A,,Xiaomi Buds 3T Pro,国际版,xiaomi-wear
M2301E1,pod,xiaomi,小米,M79B,,Xiaomi Air3 SE,,xiaomi-wear
M2224E1,pod,xiaomi,小米,M75A,,Xiaomi Buds 4,,xiaomi-wear
M2126E1,pod,xiaomi,小米,L71,,Xiaomi Buds 4 Pro,,xiaomi-wear
M2319E1,pod,xiaomi,小米,N74A,,Xiaomi 开放式耳机,,xiaomi-wear
M2419E1,pod,xiaomi,小米,N79,,小米 Air4 SE,,xiaomi-wear
M2341E1,pod,xiaomi,小米,N75,,Xiaomi Buds 5,,xiaomi-wear
M2437E1,pod,xiaomi,小米,O71,,Xiaomi Buds 5 Pro,蓝牙版,xiaomi-wear
M2438E1,pod,xiaomi,小米,O71,,Xiaomi Buds 5 Pro,Wi-Fi 版,xiaomi-wear
M2540E1,pod,xiaomi,小米,P75,,Xiaomi Buds 6,,xiaomi-wear
M2503E1,pod,xiaomi,小米,O74,,Xiaomi 开放式耳机 Pro,,xiaomi-wear
GCDEJ01LS,pod,xiaomi,小米,,,Xiaomi 骨传导耳机,,xiaomi-wear
M2447E1,pod,xiaomi,小米,O73,,Xiaomi 骨传导耳机 2,,xiaomi-wear
M2529E1,pod,xiaomi,小米,Q74U,,Xiaomi 耳夹式耳机,,xiaomi-wear
TWSEJ01ZM,pod,xiaomi,小米,K76,,Redmi AirDots 3 Pro,,xiaomi-wear
M2104E1,pod,xiaomi,小米,K77,,Redmi Buds 3,,xiaomi-wear
M2110E1,pod,xiaomi,小米,K79,,Redmi Buds 3 青春版,,xiaomi-wear
M2133E1,pod,xiaomi,小米,K79,,Redmi Buds 3 Lite,国际版,xiaomi-wear
M2137E1,pod,xiaomi,小米,L77,,Redmi Buds 4,,xiaomi-wear
M2132E1,pod,xiaomi,小米,L76,,Redmi Buds 4 Pro,,xiaomi-wear
M2310E1,pod,xiaomi,小米,M79A,,Redmi Buds 4 活力版,,xiaomi-wear
M2232E1,pod,xiaomi,小米,M79A,,Redmi Buds 4 Active,国际版,xiaomi-wear
M2232E1,pod,xiaomi,小米,M79A,,Redmi Buds 5A,印度版,xiaomi-wear
M2231E1,pod,xiaomi,小米,M79B,,Redmi Buds 4 青春版,,xiaomi-wear
M2236E1,pod,xiaomi,小米,M79B,,Redmi Buds 4 Lite,国际版,xiaomi-wear
M2222E1,pod,xiaomi,小米,M79,,Redmi Buds Essential,国际版,xiaomi-wear
M2316E1,pod,xiaomi,小米,N77,,Redmi Buds 5,,xiaomi-wear
M2317E1,pod,xiaomi,小米,N76,,Redmi Buds 5 Pro,,xiaomi-wear
M2318E1,pod,xiaomi,小米,N76G,,Redmi Buds 5 Pro 电竞版,,xiaomi-wear
M2429E1,pod,xiaomi,小米,O77,,Redmi Buds 6,,xiaomi-wear
M2403E1,pod,xiaomi,小米,N77S,,Redmi Buds 6S,,xiaomi-wear
M2430E1,pod,xiaomi,小米,O76,,REDMI Buds 6 Pro,,xiaomi-wear
M2431E1,pod,xiaomi,小米,O76G,,REDMI Buds 6 Pro 电竞版,,xiaomi-wear
M2344E1,pod,xiaomi,小米,N79,,Redmi Buds 6 活力版,,xiaomi-wear
M2344E1,pod,xiaomi,小米,N79,,Redmi Buds 6 Active,国际版,xiaomi-wear
M2349E1,pod,xiaomi,小米,N79A,,Redmi Buds 6 青春版,,xiaomi-wear
M2349E1,pod,xiaomi,小米,N79A,,Redmi Buds 6 Lite,国际版,xiaomi-wear
M2349E1,pod,xiaomi,小米,N79A,,Redmi Buds 5C,印度版,xiaomi-wear
M2420E1,pod,xiaomi,小米,N79B,,Redmi Buds 6 Play,国际版,xiaomi-wear
M2411E1,pod,xiaomi,小米,N79B,,REDMI Buds SE,,xiaomi-wear
M2455E1,pod,xiaomi,小米,O77S,,REDMI Buds 7S,,xiaomi-wear
M2544E1,pod,xiaomi,小米,P77,,REDMI Buds 8,,xiaomi-wear
M2535E1,pod,xiaomi,小米,P76,,REDMI Buds 8 Pro,,xiaomi-wear
M2537E1,pod,xiaomi,小米,P79,,REDMI Buds 8 活力版,,xiaomi-wear
M2537E1,pod,xiaomi,小米,P79,,REDMI Buds 8 Active,国际版,xiaomi-wear
M2539E1,pod,xiaomi,小米,P79A,,REDMI Buds 8 青春版,,xiaomi-wear
M2539E1,pod,xiaomi,小米,P79A,,REDMI Buds 8 Lite,国际版,xiaomi-wear
M2546E1,pod,xiaomi,小米,O70C,,REDMI 头戴降噪耳机,,xiaomi-wear
M2546E1,pod,xiaomi,小米,O70C,,REDMI Headphones Neo,国际版,xiaomi-wear
TWSEJ01ZM,pod,xiaomi,小米,K76,,POCO Buds Pro Genshin Impact Edition,国际版,xiaomi-wear
M2237E1,pod,xiaomi,小米,M79A,,POCO Pods,印度版,xiaomi-wear
M2350E1,pod,xiaomi,小米,N79A,,POCO Buds X1,印度版,xiaomi-wear
M2543T1,accessory,xiaomi,小米,P99,,Xiaomi Tag,蓝牙版,xiaomi-wear
M2542T1,accessory,xiaomi,小米,P99,,Xiaomi Tag,UWB,xiaomi-wear
MI-ONE PLUS,mob,xiaomi,小米,X1,mione_plus,小米 1,联通版,xiaomi
MI-ONE C1,mob,xiaomi,小米,X1,mione_plus,小米 1,电信版,xiaomi
MI-ONE,mob,xiaomi,小米,X1,mione_plus,小米 1,青春版,xiaomi
2012051,mob,xiaomi,小米,X1,mione_plus,小米 1S,联通版,xiaomi
2012053,mob,xiaomi,小米,X1,mione_plus,小米 1S,电信版,xiaomi
2012052,mob,xiaomi,小米,X1,mione_plus,小米 1S,青春版,xiaomi
2012061,mob,xiaomi,小米,X2,aries,小米 2,联通版,xiaomi
2012062,mob,xiaomi,小米,X2,aries,小米 2,电信版,xiaomi
2013012,mob,xiaomi,小米,X2,aries,小米 2S,联通版,xiaomi
2013021,mob,xiaomi,小米,X2,aries,小米 2S,电信版,xiaomi
2012121,mob,xiaomi,小米,X2A,taurus,小米 2A,联通版,xiaomi
2013061,mob,xiaomi,小米,X3TD,pisces,小米 3,移动版,xiaomi
2013062,mob,xiaomi,小米,X3W,cancro,小米 3,联通版,xiaomi
2013063,mob,xiaomi,小米,X3W,cancro,小米 3,电信版,xiaomi
2014215,mob,xiaomi,小米,X4,cancro,小米 4,联通 3G 版,xiaomi
2014218,mob,xiaomi,小米,X4,cancro,小米 4,电信 3G 版,xiaomi
2014216,mob,xiaomi,小米,X4,cancro,小米 4,移动 4G 版,xiaomi
2014719,mob,xiaomi,小米,X4,cancro,小米 4,联通 4G 版,xiaomi
2014716,mob,xiaomi,小米,X4LTE-CT,cancro_lte_ct,小米 4,电信 4G 版,xiaomi
2014726,mob,xiaomi,小米,X4LTE-CT,cancro_lte_ct,小米 4,电信 4G 合约版,xiaomi
2015015,mob,xiaomi,小米,X9,ferrari,小米 4i,国际版,xiaomi
2015561,mob,xiaomi,小米,X11,libra,小米 4c,全网通版,xiaomi
2015562,mob,xiaomi,小米,X11,libra,小米 4c,移动合约版,xiaomi
2015911,mob,xiaomi,小米,A10,aqua,小米 4S,,xiaomi
2015201,mob,xiaomi,小米,A1,gemini,小米 5,标准版,xiaomi
2015628,mob,xiaomi,小米,A1,gemini,小米 5,高配版 / 尊享版,xiaomi
2015105,mob,xiaomi,小米,A1,gemini,小米 5,国际版,xiaomi
2015711,mob,xiaomi,小米,A7,capricorn,小米 5s,,xiaomi
2016070,mob,xiaomi,小米,B7,natrium,小米 5s Plus,,xiaomi
2016089,mob,xiaomi,小米,C10,meri,小米 5c,,xiaomi
MDE2,mob,xiaomi,小米,D2,tiffany,小米 5X,全网通版,xiaomi
MDT2,mob,xiaomi,小米,D2,tiffany,小米 5X,移动 4G+ 版,xiaomi
MCE16,mob,xiaomi,小米,C1,sagit,小米 6,全网通版,xiaomi
MCT1,mob,xiaomi,小米,C1,sagit,小米 6,移动 4G+ 版,xiaomi
M1804D2SE,mob,xiaomi,小米,D2S,wayne,小米 6X,全网通版,xiaomi
M1804D2ST,mob,xiaomi,小米,D2S,wayne,小米 6X,移动 4G+ 版,xiaomi
M1804D2SC,mob,xiaomi,小米,D2S,wayne,小米 6X,联通电信定制版,xiaomi
M1803E1A,mob,xiaomi,小米,E1,dipper,小米 8,全网通版,xiaomi
M1803E1T,mob,xiaomi,小米,E1,dipper,小米 8,移动 4G+ 版,xiaomi
M1803E1C,mob,xiaomi,小米,E1,dipper,小米 8,联通电信定制版,xiaomi
M1807E8S,mob,xiaomi,小米,E8,ursa,小米 8 透明探索版,,xiaomi
M1807E8A,mob,xiaomi,小米,E1S,equuleus,小米 8 屏幕指纹版,,xiaomi
M1805E2A,mob,xiaomi,小米,E2,sirius,小米 8 SE,,xiaomi
M1808D2TE,mob,xiaomi,小米,D2T,platina,小米 8 青春版,全网通版,xiaomi
M1808D2TT,mob,xiaomi,小米,D2T,platina,小米 8 青春版,移动 4G+ 版,xiaomi
M1808D2TC,mob,xiaomi,小米,D2T,platina,小米 8 青春版,联通电信定制版,xiaomi
M1808D2TG,mob,xiaomi,小米,D2T,platina,小米 8 青春版,Lite 国际版,xiaomi
M1902F1A,mob,xiaomi,小米,F1,cepheus,小米 9,全网通版,xiaomi
M1902F1T,mob,xiaomi,小米,F1,cepheus,小米 9,移动 4G+ 版,xiaomi
M1902F1C,mob,xiaomi,小米,F1,cepheus,小米 9,联通电信定制版,xiaomi
M1902F1G,mob,xiaomi,小米,F1,cepheus,小米 9,国际版,xiaomi
M1908F1XE,mob,xiaomi,小米,F1X,crux,小米 9 Pro,5G,xiaomi
M1903F2A,mob,xiaomi,小米,F2,grus,小米 9 SE,国行版,xiaomi
M1903F2G,mob,xiaomi,小米,F2,grus,小米 9 SE,国际版,xiaomi
M1903F10G,mob,xiaomi,小米,F10,davinci,小米 9T,国际版,xiaomi
M1903F11G,mob,xiaomi,小米,F11,raphael,小米 9T Pro,国际版,xiaomi
M1904F3BG,mob,xiaomi,小米,F3B,pyxis,小米 9 Lite,国际版,xiaomi
M2001J2E,mob,xiaomi,小米,J2,umi,小米 10,国行版,xiaomi
M2001J2C,mob,xiaomi,小米,J2,umi,小米 10,国行版,xiaomi
M2001J2G,mob,xiaomi,小米,J2,umi,小米 10,国际版,xiaomi
M2001J2I,mob,xiaomi,小米,J2,umi,小米 10,印度版,xiaomi
M2001J1E,mob,xiaomi,小米,J1,cmi,小米 10 Pro,国行版,xiaomi
M2001J1C,mob,xiaomi,小米,J1,cmi,小米 10 Pro,国行版,xiaomi
M2001J1G,mob,xiaomi,小米,J1,cmi,小米 10 Pro,国际版,xiaomi
M2002J9E,mob,xiaomi,小米,J9A,vangogh,小米 10 青春版,国行版,xiaomi
M2002J9G,mob,xiaomi,小米,J9,monet,小米 10 Lite,国际版,xiaomi
M2002J9S,mob,xiaomi,小米,J9,monet,小米 10 Lite,韩国版,xiaomi
M2002J9R,mob,xiaomi,小米,J9,monet,小米 10 Lite,日本版 (KDDI),xiaomi
XIG01,mob,xiaomi,小米,J9,monet,小米 10 Lite,日本版 (KDDI),xiaomi
M2007J1SC,mob,xiaomi,小米,J1S,cas,小米 10 至尊纪念版,,xiaomi
M2007J3SY,mob,xiaomi,小米,J3S,apollo,小米 10T,国际版,xiaomi
M2007J3SP,mob,xiaomi,小米,J3S,apollo,小米 10T,印度版,xiaomi
M2007J3SG,mob,xiaomi,小米,J3S,apollo,小米 10T Pro,国际版,xiaomi
M2007J3SI,mob,xiaomi,小米,J3S,apollo,小米 10T Pro,印度版,xiaomi
M2007J17G,mob,xiaomi,小米,J17,gauguin,小米 10T Lite,国际版,xiaomi
M2007J17I,mob,xiaomi,小米,J17,"gauguinin, gauguininpro",小米 10i,印度版,xiaomi
M2102J2SC,mob,xiaomi,小米,J2S,thyme,小米 10S,,xiaomi
M2011K2C,mob,xiaomi,小米,K2,venus,小米 11,国行版,xiaomi
M2011K2G,mob,xiaomi,小米,K2,venus,小米 11,国际版,xiaomi
M2102K1AC,mob,xiaomi,小米,K1A,"star, mars",小米 11 Pro,,xiaomi
M2102K1C,mob,xiaomi,小米,K1,star,小米 11 Ultra,国行版,xiaomi
M2102K1G,mob,xiaomi,小米,K1,star,小米 11 Ultra,国际版,xiaomi
M2101K9C,mob,xiaomi,小米,K9,renoir,小米 11 青春版,国行版,xiaomi
M2101K9G,mob,xiaomi,小米,K9,renoir,小米 11 青春版,Lite 5G 国际版,xiaomi
M2101K9R,mob,xiaomi,小米,K9,renoir,小米 11 青春版,Lite 5G 日本版,xiaomi
M2101K9AG,mob,xiaomi,小米,K9A,courbet,小米 11 Lite,4G 国际版,xiaomi
M2101K9AI,mob,xiaomi,小米,K9A,courbet,小米 11 Lite,4G 印度版,xiaomi
2107119DC,mob,xiaomi,小米,K9D,lisa,Xiaomi 11 青春活力版,国行版,xiaomi
2109119DG,mob,xiaomi,小米,K9D,lisa,Xiaomi 11 Lite 5G NE,国际版,xiaomi
2109119DI,mob,xiaomi,小米,K9D,lisa,Xiaomi 11 Lite NE 5G,印度版,xiaomi
M2012K11G,mob,xiaomi,小米,K11,"haydn, haydnpro",小米 11i,国际版,xiaomi
M2012K11AI,mob,xiaomi,小米,K11A,"alioth, aliothin",小米 11X,印度版,xiaomi
M2012K11I,mob,xiaomi,小米,K11,"haydn, haydnin",小米 11X Pro,印度版,xiaomi
21081111RG,mob,xiaomi,小米,K11R,"agate, amber",Xiaomi 11T,国际版,xiaomi
2107113SG,mob,xiaomi,小米,K3S,vili,Xiaomi 11T Pro,国际版,xiaomi
2107113SI,mob,xiaomi,小米,K3S,vili,Xiaomi 11T Pro,印度版,xiaomi
2107113SR,mob,xiaomi,小米,K3S,vili,Xiaomi 11T Pro,日本版,xiaomi
21091116I,mob,xiaomi,小米,K16,"pissarro, pissarroin",Xiaomi 11i,印度版,xiaomi
21091116UI,mob,xiaomi,小米,K16U,"pissarro, pissarroinpro",Xiaomi 11i HyperCharge,印度版,xiaomi
2201123C,mob,xiaomi,小米,L3,cupid,Xiaomi 12,国行版,xiaomi
2201123G,mob,xiaomi,小米,L3,cupid,Xiaomi 12,国际版,xiaomi
2112123AC,mob,xiaomi,小米,L3A,psyche,Xiaomi 12X,国行版,xiaomi
2112123AG,mob,xiaomi,小米,L3A,psyche,Xiaomi 12X,国际版,xiaomi
2201122C,mob,xiaomi,小米,L2,zeus,Xiaomi 12 Pro,国行版,xiaomi
2201122G,mob,xiaomi,小米,L2,zeus,Xiaomi 12 Pro,国际版,xiaomi
2207122MC,mob,xiaomi,小米,L2M,daumier,Xiaomi 12 Pro 天玑版,,xiaomi
2203129G,mob,xiaomi,小米,L9,taoyao,Xiaomi 12 Lite,国际版,xiaomi
2203129I,mob,xiaomi,小米,L9,taoyao,Xiaomi 12 Lite,印度版,xiaomi
2206123SC,mob,xiaomi,小米,L3S,mayfly,Xiaomi 12S,,xiaomi
2206122SC,mob,xiaomi,小米,L2S,unicorn,Xiaomi 12S Pro,,xiaomi
2203121C,mob,xiaomi,小米,L1,thor,Xiaomi 12S Ultra,,xiaomi
22071212AG,mob,xiaomi,小米,L12A,plato,Xiaomi 12T,国际版,xiaomi
22081212UG,mob,xiaomi,小米,L12U,diting,Xiaomi 12T Pro,国际版,xiaomi
22081212R,mob,xiaomi,小米,L12U,diting,Xiaomi 12T Pro,日本版 (无锁),xiaomi
22200414R,mob,xiaomi,小米,L12U,diting,Xiaomi 12T Pro,日本版 (无锁),xiaomi
A201XM,mob,xiaomi,小米,L12U,diting,Xiaomi 12T Pro,日本版 (SoftBank),xiaomi
2211133C,mob,xiaomi,小米,M3,fuxi,Xiaomi 13,国行版,xiaomi
2211133G,mob,xiaomi,小米,M3,fuxi,Xiaomi 13,国际版,xiaomi
2210132C,mob,xiaomi,小米,M2,nuwa,Xiaomi 13 Pro,国行版,xiaomi
2210132G,mob,xiaomi,小米,M2,nuwa,Xiaomi 13 Pro,国际版,xiaomi
2304FPN6DC,mob,xiaomi,小米,M1,ishtar,Xiaomi 13 Ultra,国行版,xiaomi
2304FPN6DG,mob,xiaomi,小米,M1,ishtar,Xiaomi 13 Ultra,国际版,xiaomi
2210129SG,mob,xiaomi,小米,L9S,ziyi,Xiaomi 13 Lite,国际版,xiaomi
2306EPN60G,mob,xiaomi,小米,M12A,aristotle,Xiaomi 13T,国际版,xiaomi
2306EPN60R,mob,xiaomi,小米,M12A,aristotle,Xiaomi 13T,日本版 (无锁),xiaomi
XIG04,mob,xiaomi,小米,M12A,aristotle,Xiaomi 13T,日本版 (KDDI),xiaomi
23078PND5G,mob,xiaomi,小米,M12,corot,Xiaomi 13T Pro,国际版,xiaomi
23088PND5R,mob,xiaomi,小米,M12,corot,Xiaomi 13T Pro,日本版 (无锁),xiaomi
A301XM,mob,xiaomi,小米,M12,corot,Xiaomi 13T Pro,日本版 (SoftBank),xiaomi
23127PN0CC,mob,xiaomi,小米,N3,houji,Xiaomi 14,国行版,xiaomi
23127PN0CG,mob,xiaomi,小米,N3,houji,Xiaomi 14,国际版,xiaomi
23116PN5BC,mob,xiaomi,小米,N2,shennong,Xiaomi 14 Pro,,xiaomi
23116PN5BC,mob,xiaomi,小米,N2,shennong,Xiaomi 14 Pro,钛金属版,xiaomi
2311BPN23C,mob,xiaomi,小米,N2T,"shennong, shennong_t",Xiaomi 14 Pro,钛金属版 (卫星通讯),xiaomi
24031PN0DC,mob,xiaomi,小米,N1,"aurora, aurorapro",Xiaomi 14 Ultra,国行版,xiaomi
24030PN60G,mob,xiaomi,小米,N1,aurora,Xiaomi 14 Ultra,国际版,xiaomi
24053PY09I,mob,xiaomi,小米,N9,chenfeng,Xiaomi 14 Civi,印度版,xiaomi
2406APNFAG,mob,xiaomi,小米,N12A,degas,Xiaomi 14T,国际版,xiaomi
XIG07,mob,xiaomi,小米,N12A,degas,Xiaomi 14T,日本版 (KDDI),xiaomi
2407FPN8EG,mob,xiaomi,小米,N12,rothko,Xiaomi 14T Pro,国际版,xiaomi
2407FPN8ER,mob,xiaomi,小米,N12,rothko,Xiaomi 14T Pro,日本版 (无锁),xiaomi
XIG06,mob,xiaomi,小米,N12,rothko,Xiaomi 14T Pro,日本版 (KDDI),xiaomi
A402XM,mob,xiaomi,小米,N12,rothko,Xiaomi 14T Pro,日本版 (SoftBank),xiaomi
24129PN74C,mob,xiaomi,小米,O3,dada,Xiaomi 15,国行版,xiaomi
24129PN74G,mob,xiaomi,小米,O3,dada,Xiaomi 15,国际版,xiaomi
24129PN74I,mob,xiaomi,小米,O3,dada,Xiaomi 15,印度版,xiaomi
2410DPN6CC,mob,xiaomi,小米,O2,haotian,Xiaomi 15 Pro,,xiaomi
25019PNF3C,mob,xiaomi,小米,O1,xuanyuan,Xiaomi 15 Ultra,国行版,xiaomi
25010PN30C,mob,xiaomi,小米,O1,xuanyuan,Xiaomi 15 Ultra,双卫星版 国行版,xiaomi
25010PN30G,mob,xiaomi,小米,O1,xuanyuan,Xiaomi 15 Ultra,国际版,xiaomi
25010PN30I,mob,xiaomi,小米,O1,xuanyuan,Xiaomi 15 Ultra,印度版,xiaomi
25042PN24C,mob,xiaomi,小米,O2S,dijun,Xiaomi 15S Pro,,xiaomi
25069PTEBG,mob,xiaomi,小米,O12A,goya,Xiaomi 15T,国际版,xiaomi
2506BPN68G,mob,xiaomi,小米,O12U,klimt,Xiaomi 15T Pro,国际版,xiaomi
2506BPN68R,mob,xiaomi,小米,O12U,klimt,Xiaomi 15T Pro,日本版 (无锁),xiaomi
25113PN0EC,mob,xiaomi,小米,P3,pudding,Xiaomi 17,国行版,xiaomi
25113PN0EG,mob,xiaomi,小米,P3,pudding,Xiaomi 17,国际版,xiaomi
25113PN0EI,mob,xiaomi,小米,P3,pudding,Xiaomi 17,印度版,xiaomi
25098PN5AC,mob,xiaomi,小米,Q200,pandora,Xiaomi 17 Pro,,xiaomi
2509FPN0BC,mob,xiaomi,小米,P2,popsicle,Xiaomi 17 Pro Max,,xiaomi
2512BPNDAC,mob,xiaomi,小米,P1,nezha,Xiaomi 17 Ultra,国行版,xiaomi
2512BPNDAC,mob,xiaomi,小米,P1,nezha,Xiaomi 17 Ultra by Leica,国行版 (非卫星),xiaomi
2512BPNDAG,mob,xiaomi,小米,P1,nezha,Xiaomi 17 Ultra,国际版,xiaomi
2512BPNDAI,mob,xiaomi,小米,P1,nezha,Xiaomi 17 Ultra,印度版,xiaomi
25128PNA1C,mob,xiaomi,小米,P1S,nezha,Xiaomi 17 Ultra by Leica,国行版 (卫星通讯),xiaomi
25128PNA1G,mob,xiaomi,小米,P1S,nezha,Leica Leitzphone powered by Xiaomi,国际版,xiaomi
2605EPN8EC,mob,xiaomi,小米,P3S,byron,Xiaomi 17 Max,,xiaomi
M531DA,mob,xiaomi,小米,P12A,chagall,Xiaomi 17T,国行版,xiaomi
2602DPT53G,mob,xiaomi,小米,P12A,chagall,Xiaomi 17T,国际版,xiaomi
2602DPT53I,mob,xiaomi,小米,P12A,chagall,Xiaomi 17T,印度版,xiaomi
M025EC,mob,xiaomi,小米,P12U,warhol,Xiaomi 17T Pro,国行版,xiaomi
2602EPTC0G,mob,xiaomi,小米,P12U,warhol,Xiaomi 17T Pro,国际版,xiaomi
2602EPTC0R,mob,xiaomi,小米,P12U,warhol,Xiaomi 17T Pro,日本版 (无锁),xiaomi
2014616,mob,xiaomi,小米,X5,virgo,小米 Note,双网通版,xiaomi
2014619,mob,xiaomi,小米,X5,virgo,小米 Note,全网通版,xiaomi
2014618,mob,xiaomi,小米,X5,virgo,小米 Note,移动合约版,xiaomi
2014617,mob,xiaomi,小米,X5,virgo,小米 Note,联通合约版,xiaomi
2015011,mob,xiaomi,小米,X5,virgo,小米 Note,国际版,xiaomi
2015021,mob,xiaomi,小米,X7,leo,小米 Note 顶配版,双网通版,xiaomi
2015022,mob,xiaomi,小米,X7,leo,小米 Note 顶配版,全网通版,xiaomi
2015501,mob,xiaomi,小米,X7,leo,小米 Note 顶配版,移动合约版,xiaomi
2015211,mob,xiaomi,小米,A4,scorpio,小米 Note 2,全网通版,xiaomi
2015212,mob,xiaomi,小米,A4,scorpio,小米 Note 2,移动 4G+ 版,xiaomi
2015213,mob,xiaomi,小米,A4,scorpio,小米 Note 2,全球频段,xiaomi
MCE8,mob,xiaomi,小米,C8,jason,小米 Note 3,全网通版,xiaomi
MCT8,mob,xiaomi,小米,C8,jason,小米 Note 3,移动 4G+ 版,xiaomi
M1910F4G,mob,xiaomi,小米,F4,tucana,小米 Note 10,国际版,xiaomi
M1910F4S,mob,xiaomi,小米,F4,tucana,小米 Note 10,Pro 国际版,xiaomi
M2002F4LG,mob,xiaomi,小米,F4L,toco,小米 Note 10 Lite,国际版,xiaomi
2016080,mob,xiaomi,小米,A8,lithium,小米 MIX,,xiaomi
MDE5,mob,xiaomi,小米,D5,chiron,小米 MIX 2,黑色陶瓷版 全网通版,xiaomi
MDT5,mob,xiaomi,小米,D5,chiron,小米 MIX 2,黑色陶瓷版 移动 4G+ 版,xiaomi
MDE5S,mob,xiaomi,小米,D5,chiron,小米 MIX 2,全陶瓷尊享版,xiaomi
M1803D5XE,mob,xiaomi,小米,D5X,polaris,小米 MIX 2S,全网通版,xiaomi
M1803D5XA,mob,xiaomi,小米,D5X,polaris,小米 MIX 2S,尊享版 (全球频段),xiaomi
M1803D5XT,mob,xiaomi,小米,D5X,polaris,小米 MIX 2S,移动 4G+ 版,xiaomi
M1803D5XC,mob,xiaomi,小米,D5X,polaris,小米 MIX 2S,联通电信定制版,xiaomi
M1810E5E,mob,xiaomi,小米,E5,perseus,小米 MIX 3,国行版,xiaomi
M1810E5A,mob,xiaomi,小米,E5,perseus,小米 MIX 3,全球频段,xiaomi
M1810E5GG,mob,xiaomi,小米,E5G,andromeda,小米 MIX 3 5G,,xiaomi
2106118C,mob,xiaomi,小米,K8,odin,Xiaomi MIX 4,,xiaomi
M2011J18C,mob,xiaomi,小米,J18,cetus,MIX FOLD 小米折叠屏手机,,xiaomi
22061218C,mob,xiaomi,小米,L18,zizhan,Xiaomi MIX Fold 2,,xiaomi
2308CPXD0C,mob,xiaomi,小米,M18,babylon,Xiaomi MIX Fold 3,,xiaomi
24072PX77C,mob,xiaomi,小米,N18,goku,Xiaomi MIX Fold 4,,xiaomi
2405CPX3DC,mob,xiaomi,小米,N8,ruyi,Xiaomi MIX Flip,国行版,xiaomi
2405CPX3DG,mob,xiaomi,小米,N8,ruyi,Xiaomi MIX Flip,国际版,xiaomi
2505APX7BC,mob,xiaomi,小米,O8,bixi,Xiaomi MIX Flip 2,国行版,xiaomi
2016001,mob,xiaomi,小米,B3,hydrogen,小米 Max,标准版 国行版,xiaomi
2016002,mob,xiaomi,小米,B3,hydrogen,小米 Max,标准版 国际版,xiaomi
2016007,mob,xiaomi,小米,B3_PRO,helium,小米 Max,高配版,xiaomi
MDE40,mob,xiaomi,小米,D4,oxygen,小米 Max 2,全网通版,xiaomi
MDT4,mob,xiaomi,小米,D4,oxygen,小米 Max 2,移动 4G+ 版,xiaomi
MDI40,mob,xiaomi,小米,D4,oxygen,小米 Max 2,印度版,xiaomi
M1804E4A,mob,xiaomi,小米,E4,nitrogen,小米 Max 3,全网通版,xiaomi
M1804E4T,mob,xiaomi,小米,E4,nitrogen,小米 Max 3,移动 4G+ 版,xiaomi
M1804E4C,mob,xiaomi,小米,E4,nitrogen,小米 Max 3,联通电信定制版,xiaomi
M1904F3BC,mob,xiaomi,小米,F3B,pyxis,小米 CC9,,xiaomi
M1904F3BT,mob,xiaomi,小米,F3M,vela,小米 CC9 美图定制版,,xiaomi
M1906F9SC,mob,xiaomi,小米,F9S,laurus,小米 CC9e,,xiaomi
M1910F4E,mob,xiaomi,小米,F4,tucana,小米 CC9 Pro,,xiaomi
2109119BC,mob,xiaomi,小米,K9B,mona,Xiaomi Civi,,xiaomi
2109119BC,mob,xiaomi,小米,K9E,zijin,Xiaomi Civi 1S,,xiaomi
2209129SC,mob,xiaomi,小米,L9S,ziyi,Xiaomi Civi 2,,xiaomi
23046PNC9C,mob,xiaomi,小米,M9,yuechu,Xiaomi Civi 3,,xiaomi
24053PY09C,mob,xiaomi,小米,N9,chenfeng,Xiaomi Civi 4 Pro,,xiaomi
25067PYE3C,mob,xiaomi,小米,O9,luming,Xiaomi Civi 5 Pro,,xiaomi
M1901F9E,mob,xiaomi,小米,F9,lotus,小米 Play,全网通版,xiaomi
M1901F9T,mob,xiaomi,小米,F9,lotus,小米 Play,移动 4G+ 版,xiaomi
MDG2,mob,xiaomi,小米,D2,tissot,小米 A1,国际版,xiaomi
MDI2,mob,xiaomi,小米,D2,tissot,小米 A1,印度版,xiaomi
M1804D2SG,mob,xiaomi,小米,D2S,jasmine,小米 A2,国际版,xiaomi
M1804D2SI,mob,xiaomi,小米,D2S,jasmine,小米 A2,印度版,xiaomi
M1805D1SG,mob,xiaomi,小米,D1S,daisy,小米 A2 Lite,国际版,xiaomi
M1906F9SH,mob,xiaomi,小米,F9S,laurel_sprout,小米 A3,国际版,xiaomi
M1906F9SI,mob,xiaomi,小米,F9S,laurel_sprout,小米 A3,印度版,xiaomi
A0101,pad,xiaomi,小米,X6,mocha,小米平板,,xiaomi
2015716,pad,xiaomi,小米,A3,latte,小米平板 2,,xiaomi
MCE91,pad,xiaomi,小米,C9,cappu,小米平板 3,,xiaomi
M1806D9W,pad,xiaomi,小米,D9,clover,小米平板 4,Wi-Fi 版,xiaomi
M1806D9E,pad,xiaomi,小米,D9,clover,小米平板 4,LTE 版,xiaomi
M1806D9PE,pad,xiaomi,小米,D9P,clover,小米平板 4 Plus,LTE 版,xiaomi
21051182C,pad,xiaomi,小米,K82,nabu,小米平板 5,国行版,xiaomi
21051182G,pad,xiaomi,小米,K82,nabu,小米平板 5,国际版,xiaomi
M2105K81AC,pad,xiaomi,小米,K81A,elish,小米平板 5 Pro,Wi-Fi 版,xiaomi
M2105K81C,pad,xiaomi,小米,K81,enuma,小米平板 5 Pro 5G,,xiaomi
22081281AC,pad,xiaomi,小米,L81A,dagu,小米平板 5 Pro,12.4 英寸,xiaomi
23043RP34C,pad,xiaomi,小米,M82,pipa,Xiaomi Pad 6,国行版,xiaomi
23043RP34G,pad,xiaomi,小米,M82,pipa,Xiaomi Pad 6,国际版,xiaomi
23043RP34I,pad,xiaomi,小米,M82,pipa,Xiaomi Pad 6,印度版,xiaomi
23046RP50C,pad,xiaomi,小米,M81,liuqin,Xiaomi Pad 6 Pro,,xiaomi
2307BRPDCC,pad,xiaomi,小米,M80,yudi,Xiaomi Pad 6 Max,14,xiaomi
24018RPACC,pad,xiaomi,小米,N81A,sheng,Xiaomi Pad 6S Pro,12.4 国行版,xiaomi
24018RPACG,pad,xiaomi,小米,N81A,sheng,Xiaomi Pad 6S Pro,12.4 国际版,xiaomi
2410CRP4CC,pad,xiaomi,小米,O82,uke,Xiaomi Pad 7,国行版,xiaomi
2410CRP4CG,pad,xiaomi,小米,O82,uke,Xiaomi Pad 7,国际版,xiaomi
24091RPADC,pad,xiaomi,小米,O81,muyu,Xiaomi Pad 7 Pro,国行版,xiaomi
24091RPADG,pad,xiaomi,小米,O81,muyu,Xiaomi Pad 7 Pro,国际版,xiaomi
25032RP42C,pad,xiaomi,小米,O80,jinghu,Xiaomi Pad 7 Ultra,,xiaomi
25053RP5CC,pad,xiaomi,小米,O81A,violin,Xiaomi Pad 7S Pro 12.5,,xiaomi
25079RPDCG,pad,xiaomi,小米,O88,turner,Xiaomi Pad Mini,国际版,xiaomi
25097RP43C,pad,xiaomi,小米,P82,yupei,Xiaomi Pad 8,国行版,xiaomi
25097RP43G,pad,xiaomi,小米,P82,yupei,Xiaomi Pad 8,国际版,xiaomi
25097RP43I,pad,xiaomi,小米,P82,yupei,Xiaomi Pad 8,印度版,xiaomi
25091RP04C,pad,xiaomi,小米,P81,piano,Xiaomi Pad 8 Pro,国行版,xiaomi
25091RP04G,pad,xiaomi,小米,P81,piano,Xiaomi Pad 8 Pro,国际版,xiaomi
2013022,mob,xiaomi,小米,H2TD,"wt93007, HM2013022",红米手机,移动版,xiaomi
2013023,mob,xiaomi,小米,H2W,"wt98007, HM2013023",红米手机,联通版,xiaomi
2013029,mob,xiaomi,小米,H2A,armani,红米 1S,联通版,xiaomi
2013028,mob,xiaomi,小米,H2A,armani,红米 1S,电信版,xiaomi
2014011,mob,xiaomi,小米,H2S,"wt93807, HM2014011",红米 1S,移动 3G 版,xiaomi
2014501,mob,xiaomi,小米,H2SLTE,"wt96007, HM2014501",红米 1S,移动 4G 版,xiaomi
2014813,mob,xiaomi,小米,H2X,"wt86047, HM2014813",红米 2,移动版,xiaomi
2014112,mob,xiaomi,小米,H2X,"wt86047, HM2014813",红米 2,移动合约版,xiaomi
2014811,mob,xiaomi,小米,H2X,"wt88047, HM2014811",红米 2,联通版,xiaomi
2014812,mob,xiaomi,小米,H2X,"wt88047, HM2014811",红米 2,电信版,xiaomi
2014821,mob,xiaomi,小米,H2X,"wt88047, HM2014811",红米 2,电信合约版,xiaomi
2014817,mob,xiaomi,小米,H2X,"wt88047, HM2014811",红米 2,国际版,xiaomi
2014818,mob,xiaomi,小米,H2X,"wt88047, HM2014811",红米 2,印度版,xiaomi
2014819,mob,xiaomi,小米,H2X,"wt88047, HM2014811",红米 2,巴西版,xiaomi
2014502,mob,xiaomi,小米,H2X(LC),lte26007,红米 2A,标准版,xiaomi
2014512,mob,xiaomi,小米,H2X(LC),lte26007,红米 2A,增强版,xiaomi
2014055,mob,xiaomi,小米,H2X(LC),lte26007,红米 2A,增强版,xiaomi
2014816,mob,xiaomi,小米,H2X,"wt86047, HM2014813",红米 2A,高配版,xiaomi
2015811,mob,xiaomi,小米,A9,"ido_xhdpi, ido",红米 3,全网通 标准版,xiaomi
2015815,mob,xiaomi,小米,A9,"ido_xhdpi, ido",红米 3,全网通 标准版,xiaomi
2015812,mob,xiaomi,小米,A9,"ido_xhdpi, ido",红米 3,移动合约 标准版,xiaomi
2015810,mob,xiaomi,小米,A9,"ido_xhdpi, ido",红米 3,联通合约 标准版,xiaomi
2015817,mob,xiaomi,小米,A9,"ido_xhdpi, ido",红米 3,全网通 高配版,xiaomi
2015819,mob,xiaomi,小米,A9,"ido_xhdpi, ido",红米 3,全网通 高配版,xiaomi
2015818,mob,xiaomi,小米,A9,"ido_xhdpi, ido",红米 3,联通合约 高配版,xiaomi
2015816,mob,xiaomi,小米,A9,"ido_xhdpi, ido",红米 3,国际版,xiaomi
2016030,mob,xiaomi,小米,A12,land,红米 3S,国行版,xiaomi
2016031,mob,xiaomi,小米,A12,land,红米 3S,国际版,xiaomi
2016032,mob,xiaomi,小米,A12,land,红米 3S,Prime 印度版,xiaomi
2016037,mob,xiaomi,小米,A12,land,红米 3S,印度版,xiaomi
2016036,mob,xiaomi,小米,A12,land,红米 3X,全网通版,xiaomi
2016035,mob,xiaomi,小米,A12,land,红米 3X,移动合约版,xiaomi
2016033,mob,xiaomi,小米,A12,land,红米 3X,全网通版 (联通定制),xiaomi
2016090,mob,xiaomi,小米,C5,prada,红米 4,标准版,xiaomi
2016060,mob,xiaomi,小米,B5W,markw,红米 4,高配版,xiaomi
2016111,mob,xiaomi,小米,C3A,rolex,红米 4A,全网通版,xiaomi
2016112,mob,xiaomi,小米,C3A,rolex,红米 4A,移动 4G+ 版,xiaomi
2016117,mob,xiaomi,小米,C3A,rolex,红米 4A,国际版,xiaomi
2016116,mob,xiaomi,小米,C3A,rolex,红米 4A,印度版,xiaomi
MAE136,mob,xiaomi,小米,A13,santoni,红米 4X,全网通版,xiaomi
MAT136,mob,xiaomi,小米,A13,santoni,红米 4X,移动 4G+ 版,xiaomi
MAG138,mob,xiaomi,小米,A13,santoni,红米 4X,国际版,xiaomi
MAI132,mob,xiaomi,小米,A13,santoni,红米 4,印度版,xiaomi
MDE1,mob,xiaomi,小米,D1,rosy,红米 5,全网通版,xiaomi
MDT1,mob,xiaomi,小米,D1,rosy,红米 5,移动 4G+ 版,xiaomi
MDG1,mob,xiaomi,小米,D1,rosy,红米 5,国际版,xiaomi
MDI1,mob,xiaomi,小米,D1,rosy,红米 5,印度版,xiaomi
MEE7,mob,xiaomi,小米,E7,vince,红米 5 Plus,全网通版,xiaomi
MET7,mob,xiaomi,小米,E7,vince,红米 5 Plus,移动 4G+ 版,xiaomi
MEG7,mob,xiaomi,小米,E7,vince,红米 5 Plus,国际版,xiaomi
MCE3B,mob,xiaomi,小米,C3B,riva,红米 5A,全网通版,xiaomi
MCT3B,mob,xiaomi,小米,C3B,riva,红米 5A,移动 4G+ 版,xiaomi
MCG3B,mob,xiaomi,小米,C3B,riva,红米 5A,国际版,xiaomi
MCI3B,mob,xiaomi,小米,C3B,riva,红米 5A,印度版,xiaomi
M1804C3DE,mob,xiaomi,小米,C3D,cereus,红米 6,全网通版,xiaomi
M1804C3DT,mob,xiaomi,小米,C3D,cereus,红米 6,移动 4G+ 版,xiaomi
M1804C3DC,mob,xiaomi,小米,C3D,cereus,红米 6,联通电信定制版,xiaomi
M1804C3DG,mob,xiaomi,小米,C3D,cereus,红米 6,国际版,xiaomi
M1804C3DH,mob,xiaomi,小米,C3D,cereus,红米 6,国际版,xiaomi
M1804C3DI,mob,xiaomi,小米,C3D,cereus,红米 6,印度版,xiaomi
M1805D1SE,mob,xiaomi,小米,D1S,sakura,红米 6 Pro,全网通版,xiaomi
M1805D1ST,mob,xiaomi,小米,D1S,sakura,红米 6 Pro,移动 4G+ 版,xiaomi
M1805D1SC,mob,xiaomi,小米,D1S,sakura,红米 6 Pro,联通电信定制版,xiaomi
M1805D1SI,mob,xiaomi,小米,D1S,sakura,红米 6 Pro,印度版,xiaomi
M1804C3CE,mob,xiaomi,小米,C3C,cactus,红米 6A,全网通版,xiaomi
M1804C3CT,mob,xiaomi,小米,C3C,cactus,红米 6A,移动 4G+ 版,xiaomi
M1804C3CC,mob,xiaomi,小米,C3C,cactus,红米 6A,联通电信定制版,xiaomi
M1804C3CG,mob,xiaomi,小米,C3C,cactus,红米 6A,国际版,xiaomi
M1804C3CH,mob,xiaomi,小米,C3C,cactus,红米 6A,国际版,xiaomi
M1804C3CI,mob,xiaomi,小米,C3C,cactus,红米 6A,印度版,xiaomi
M1810F6LE,mob,xiaomi,小米,F6L,onclite,Redmi 7,全网通版,xiaomi
M1810F6LT,mob,xiaomi,小米,F6L,onclite,Redmi 7,运营商全网通版,xiaomi
M1810F6LG,mob,xiaomi,小米,F6L,onclite,Redmi 7,国际版,xiaomi
M1810F6LH,mob,xiaomi,小米,F6L,onclite,Redmi 7,国际版,xiaomi
M1810F6LI,mob,xiaomi,小米,F6L,onclite,Redmi 7,印度版,xiaomi
M1903C3EE,mob,xiaomi,小米,C3E,pine,Redmi 7A,全网通版,xiaomi
M1903C3ET,mob,xiaomi,小米,C3E,pine,Redmi 7A,移动 4G+ 版,xiaomi
M1903C3EC,mob,xiaomi,小米,C3E,pine,Redmi 7A,联通电信定制版,xiaomi
M1903C3EG,mob,xiaomi,小米,C3E,pine,Redmi 7A,国际版,xiaomi
M1903C3EH,mob,xiaomi,小米,C3E,pine,Redmi 7A,国际版,xiaomi
M1903C3EI,mob,xiaomi,小米,C3E,pine,Redmi 7A,印度版,xiaomi
M1908C3IE,mob,xiaomi,小米,C3I,olive,Redmi 8,全网通版,xiaomi
M1908C3IC,mob,xiaomi,小米,C3I,olive,Redmi 8,运营商全网通版,xiaomi
M1908C3IG,mob,xiaomi,小米,C3I,olive,Redmi 8,国际版,xiaomi
M1908C3IH,mob,xiaomi,小米,C3I,olive,Redmi 8,国际版,xiaomi
M1908C3II,mob,xiaomi,小米,C3I,olive,Redmi 8,印度版,xiaomi
M1908C3KE,mob,xiaomi,小米,C3K,olivelite,Redmi 8A,国行版,xiaomi
M1908C3KG,mob,xiaomi,小米,C3K,olivelite,Redmi 8A,国际版,xiaomi
M1908C3KH,mob,xiaomi,小米,C3K,olivelite,Redmi 8A,国际版,xiaomi
M1908C3KI,mob,xiaomi,小米,C3K,olivelite,Redmi 8A,印度版,xiaomi
M2001C3K3I,mob,xiaomi,小米,C3K3,olivewood,Redmi 8A Dual,印度版,xiaomi
M2001C3K3I,mob,xiaomi,小米,C3K3,olivewood,Redmi 8A Pro,国际版,xiaomi
M2004J19C,mob,xiaomi,小米,J19,lancelot,Redmi 9,国行版,xiaomi
M2004J19G,mob,xiaomi,小米,J19,lancelot,Redmi 9,国际版,xiaomi
M2004J19I,mob,xiaomi,小米,J19,lancelot,Redmi 9 Prime,印度版,xiaomi
M2004J19AG,mob,xiaomi,小米,J19A,"lancelot, galahad",Redmi 9,国际版 (NFC),xiaomi
M2006C3LC,mob,xiaomi,小米,C3L,dandelion,Redmi 9A,国行版,xiaomi
M2006C3LG,mob,xiaomi,小米,C3L,dandelion,Redmi 9A,国际版,xiaomi
M2006C3LVG,mob,xiaomi,小米,C3L,dandelion,Redmi 9AT,国际版,xiaomi
M2006C3LI,mob,xiaomi,小米,C3L,dandelion,Redmi 9A,印度版,xiaomi
M2006C3LI,mob,xiaomi,小米,C3L,dandelion,Redmi 9A,Sport 印度版,xiaomi
M2006C3LII,mob,xiaomi,小米,C3L,dandelion,Redmi 9i,印度版,xiaomi
M2006C3LII,mob,xiaomi,小米,C3L,dandelion,Redmi 9i,Sport 印度版,xiaomi
M2006C3MG,mob,xiaomi,小米,C3M,angelica,Redmi 9C,国际版,xiaomi
M2006C3MT,mob,xiaomi,小米,C3M,angelica,Redmi 9C,泰国版,xiaomi
M2006C3MNG,mob,xiaomi,小米,C3MN,angelican,Redmi 9C NFC,国际版,xiaomi
M2006C3MII,mob,xiaomi,小米,C3MI,"angelica, cattail",Redmi 9,印度版,xiaomi
M2006C3MII,mob,xiaomi,小米,C3MI,"angelica, cattail",Redmi 9 Activ,印度版,xiaomi
M2010J19SG,mob,xiaomi,小米,J19S,lime,Redmi 9T,国际版,xiaomi
M2010J19SI,mob,xiaomi,小米,J19S,lime,Redmi 9 Power,印度版,xiaomi
M2010J19SR,mob,xiaomi,小米,J19S,lime,Redmi 9T,日本版,xiaomi
M2010J19ST,mob,xiaomi,小米,J19S,lime,Redmi 9T,泰国版,xiaomi
M2010J19SY,mob,xiaomi,小米,J19N,"lime, lemon",Redmi 9T,国际版 (NFC),xiaomi
M2010J19SL,mob,xiaomi,小米,J19L,"lime, pomelo",Redmi 9T,拉美版,xiaomi
21061119AG,mob,xiaomi,小米,K19A,selene,Redmi 10,国际版,xiaomi
21061119AL,mob,xiaomi,小米,K19A,selene,Redmi 10,拉美版,xiaomi
21061119BI,mob,xiaomi,小米,K19B,selene,Redmi 10 Prime,印度版,xiaomi
21061119DG,mob,xiaomi,小米,K19D,"selene, eos",Redmi 10,国际版 (NFC),xiaomi
21121119SG,mob,xiaomi,小米,K19S,selene,Redmi 10 2022,国际版,xiaomi
21121119VL,mob,xiaomi,小米,K19V,selene,Redmi 10 2022,拉美版,xiaomi
22011119TI,mob,xiaomi,小米,K19T,selene,Redmi 10 Prime 2022,印度版,xiaomi
22011119UY,mob,xiaomi,小米,K19U,"selene, eos",Redmi 10 2022,国际版 (NFC),xiaomi
22041219G,mob,xiaomi,小米,L19,light,Redmi 10 5G,国际版,xiaomi
22041219I,mob,xiaomi,小米,L19,light,Redmi 11 Prime 5G,印度版,xiaomi
22041219NY,mob,xiaomi,小米,L19N,"light, thunder",Redmi 10 5G,国际版 (NFC),xiaomi
220333QAG,mob,xiaomi,小米,C3QA,fog,Redmi 10C,国际版,xiaomi
220333QBI,mob,xiaomi,小米,C3QB,fog,Redmi 10,印度版,xiaomi
220333QBI,mob,xiaomi,小米,C3QB,fog,Redmi 10 Power,印度版,xiaomi
220333QNY,mob,xiaomi,小米,C3QN,"fog, rain",Redmi 10C,国际版 (NFC),xiaomi
220333QL,mob,xiaomi,小米,C3QL,"fog, wind",Redmi 10C,拉美版,xiaomi
220233L2C,mob,xiaomi,小米,C3L2,dandelion,Redmi 10A,国行版,xiaomi
220233L2G,mob,xiaomi,小米,C3L2,dandelion,Redmi 10A,国际版,xiaomi
220233L2I,mob,xiaomi,小米,C3L2,dandelion,Redmi 10A,印度版,xiaomi
220233L2I,mob,xiaomi,小米,C3L2,dandelion,Redmi 10A,Sport 印度版,xiaomi
22071219AI,mob,xiaomi,小米,L19A,rock,Redmi 11 Prime,印度版,xiaomi
23053RN02A,mob,xiaomi,小米,M19A,fire,Redmi 12,国际版,xiaomi
23053RN02I,mob,xiaomi,小米,M19A,fire,Redmi 12,印度版,xiaomi
23053RN02L,mob,xiaomi,小米,M19L,fire,Redmi 12,拉美版,xiaomi
23053RN02Y,mob,xiaomi,小米,M19E,"fire, heat",Redmi 12,国际版 (NFC),xiaomi
23077RABDC,mob,xiaomi,小米,M19P,"sky, river",Redmi 12 5G,国行版,xiaomi
23076RN8DY,mob,xiaomi,小米,M19N,"sky, river",Redmi 12 5G,国际版 (NFC),xiaomi
23076RA4BR,mob,xiaomi,小米,M19J,"sky, river",Redmi 12 5G,日本版 (无锁),xiaomi
XIG03,mob,xiaomi,小米,M19J,"sky, river",Redmi 12 5G,日本版 (KDDI),xiaomi
A401XM,mob,xiaomi,小米,M19J,"sky, river",Redmi 12 5G,日本版 (SoftBank),xiaomi
23076RN4BI,mob,xiaomi,小米,M19,sky,Redmi 12 5G,印度版,xiaomi
23076RA4BC,mob,xiaomi,小米,M19,sky,Redmi 12R,,xiaomi
22120RN86C,mob,xiaomi,小米,C3T,earth,Redmi 12C,国行版,xiaomi
22120RN86G,mob,xiaomi,小米,C3T,earth,Redmi 12C,国际版,xiaomi
22120RN86H,mob,xiaomi,小米,C3T,earth,Redmi 12C,印度版,xiaomi
22120RN86I,mob,xiaomi,小米,C3T,earth,Redmi 12C,印度版,xiaomi
2212ARNC4L,mob,xiaomi,小米,C3TL,earth,Redmi 12C,拉美版 / 日本版,xiaomi
22126RN91Y,mob,xiaomi,小米,C3TN,"earth, aether",Redmi 12C,国际版 (NFC),xiaomi
2404ARN45A,mob,xiaomi,小米,N19A,"moon, tides",Redmi 13,国际版,xiaomi
2404ARN45A,mob,xiaomi,小米,N19A,"moon, tides",REDMI 13x,国际版,xiaomi
2404ARN45I,mob,xiaomi,小米,N19A,"moon, tides",Redmi 13,印度版,xiaomi
24049RN28L,mob,xiaomi,小米,N19L,"moon, tides",Redmi 13,拉美版,xiaomi
24049RN28L,mob,xiaomi,小米,N19L,"moon, tides",REDMI 13x,拉美版,xiaomi
24040RN64Y,mob,xiaomi,小米,N19E,moon,Redmi 13,国际版 (NFC),xiaomi
24040RN64Y,mob,xiaomi,小米,N19E,moon,REDMI 13x,国际版 (NFC),xiaomi
2406ERN9CI,mob,xiaomi,小米,N19,breeze,Redmi 13 5G,印度版,xiaomi
23106RN0DA,mob,xiaomi,小米,C3UA,gale,Redmi 13C,国际版,xiaomi
2311DRN14I,mob,xiaomi,小米,C3U,gale,Redmi 13C,印度版,xiaomi
23100RN82L,mob,xiaomi,小米,C3UL,gale,Redmi 13C,拉美版,xiaomi
23108RN04Y,mob,xiaomi,小米,C3UN,"gale, gust",Redmi 13C,国际版 (NFC),xiaomi
23124RN87C,mob,xiaomi,小米,C3V,air,Redmi 13C 5G,国行版,xiaomi
23124RN87C,mob,xiaomi,小米,C3V,air,Redmi 13R 5G,,xiaomi
23124RN87I,mob,xiaomi,小米,C3V,air,Redmi 13C 5G,印度版,xiaomi
23124RN87G,mob,xiaomi,小米,C3V,"air, atmos",Redmi 13C 5G,国际版,xiaomi
2409BRN2CC,mob,xiaomi,小米,C3N,"lake, pond",Redmi 14C,国行版,xiaomi
2409BRN2CC,mob,xiaomi,小米,C3N,"lake, pond",REDMI 17C,国行版,xiaomi
2409BRN2CA,mob,xiaomi,小米,C3N,"lake, pond",Redmi 14C,国际版,xiaomi
2409BRN2CI,mob,xiaomi,小米,C3N,"lake, pond",Redmi 14C,印度版,xiaomi
2409BRN2CL,mob,xiaomi,小米,C3N,"lake, pond",Redmi 14C,拉美版 / 日韩版,xiaomi
2409BRN2CY,mob,xiaomi,小米,C3N,lake,Redmi 14C,国际版 (NFC),xiaomi
2411DRN47G,mob,xiaomi,小米,C3F,"flame, blaze",Redmi 14C 5G,国际版,xiaomi
2411DRN47R,mob,xiaomi,小米,C3F,"flame, blaze",Redmi 14C 5G,日本版,xiaomi
2411DRN47C,mob,xiaomi,小米,C3F,flame,Redmi 14R 5G,国行版,xiaomi
2411DRN47I,mob,xiaomi,小米,C3F,flame,Redmi 14C 5G,印度版,xiaomi
25062RN2DA,mob,xiaomi,小米,O19A,creek,REDMI 15,国际版,xiaomi
25062RN2DY,mob,xiaomi,小米,O19A,creek,REDMI 15,国际版 (NFC),xiaomi
25062RN2DE,mob,xiaomi,小米,O19A,creek,REDMI 15,欧洲版,xiaomi
25062RN2DL,mob,xiaomi,小米,O19A,creek,REDMI 15,拉美版,xiaomi
25057RN09G,mob,xiaomi,小米,O19,spring,REDMI 15 5G,国际版,xiaomi
25057RN09E,mob,xiaomi,小米,O19,spring,REDMI 15 5G,欧洲版,xiaomi
25057RN09I,mob,xiaomi,小米,O19,spring,REDMI 15 5G,印度版,xiaomi
25057RN09R,mob,xiaomi,小米,O19,spring,REDMI 15 5G,日本版 (无锁),xiaomi
A501XM,mob,xiaomi,小米,O19,spring,REDMI 15 5G,日本版 (SoftBank),xiaomi
25078RA3EA,mob,xiaomi,小米,P15A,dew,REDMI 15C,国际版,xiaomi
25078RA3EY,mob,xiaomi,小米,P15A,dew,REDMI 15C,国际版 (NFC),xiaomi
25078RA3EE,mob,xiaomi,小米,P15A,dew,REDMI 15C,欧洲版,xiaomi
25078RA3EL,mob,xiaomi,小米,P15A,dew,REDMI 15C,拉美版,xiaomi
2508CRN2BG,mob,xiaomi,小米,P15,tornado,REDMI 15C 5G,国际版,xiaomi
2508CRN2BE,mob,xiaomi,小米,P15,tornado,REDMI 15C 5G,欧洲版,xiaomi
2508CRN2BI,mob,xiaomi,小米,P15,tornado,REDMI 15C 5G,印度版,xiaomi
2508CRN2BR,mob,xiaomi,小米,P15,tornado,REDMI 15C 5G,日本版,xiaomi
25082RNC1C,mob,xiaomi,小米,P15X,tornado,REDMI 15R 5G,,xiaomi
2602BRNA4I,mob,xiaomi,小米,P25,somalia,REDMI 15A 5G,印度版,xiaomi
2602BRNA4C,mob,xiaomi,小米,P25,somalia,REDMI 17 5G,国行版,xiaomi
2014018,mob,xiaomi,小米,H3W,lcsh92_wet_gb9,红米 Note,联通 3G 标准版,xiaomi
2013121,mob,xiaomi,小米,H3W,lcsh92_wet_gb9,红米 Note,联通 3G 增强版,xiaomi
2014017,mob,xiaomi,小米,H3TD,lcsh92_wet_xm_td,红米 Note,移动 3G 标准版,xiaomi
2013122,mob,xiaomi,小米,H3TD,lcsh92_wet_xm_td,红米 Note,移动 3G 增强版,xiaomi
2014022,mob,xiaomi,小米,H3LTE,dior,红米 Note,移动 4G 增强版,xiaomi
2014021,mob,xiaomi,小米,H3LTE,dior,红米 Note,联通 4G 增强版,xiaomi
2014715,mob,xiaomi,小米,H3LTE,dior,红米 Note,4G 国际版,xiaomi
2014712,mob,xiaomi,小米,H3LTE,dior,红米 Note,4G 印度版,xiaomi
2014915,mob,xiaomi,小米,H3X,gucci,红米 Note 1S,移动 4G 双卡版,xiaomi
2014912,mob,xiaomi,小米,H3X,gucci,红米 Note 1S,联通 4G 双卡版,xiaomi
2014916,mob,xiaomi,小米,H3X,gucci,红米 Note 1S,电信 4G 双卡版,xiaomi
2014911,mob,xiaomi,小米,H3X,gucci,红米 Note 1S,移动 4G 双卡合约版,xiaomi
2014910,mob,xiaomi,小米,H3X,gucci,红米 Note 1S,电信 4G 双卡合约版,xiaomi
2015052,mob,xiaomi,小米,H3Y,hermes,红米 Note 2,移动版,xiaomi
2015051,mob,xiaomi,小米,H3Y,hermes,红米 Note 2,双网通版,xiaomi
2015712,mob,xiaomi,小米,H3Y,hermes,红米 Note 2,双网通高配版,xiaomi
2015055,mob,xiaomi,小米,H3Y,hermes,红米 Note 2,移动合约版,xiaomi
2015056,mob,xiaomi,小米,H3Y,hermes,红米 Note 2,移动合约高配版,xiaomi
2015617,mob,xiaomi,小米,H3Z,hennessy,红米 Note 3,双网通版,xiaomi
2015611,mob,xiaomi,小米,H3Z,hennessy,红米 Note 3,移动合约版,xiaomi
2015112,mob,xiaomi,小米,H3A,kenzo,红米 Note 3,国行版,xiaomi
2015115,mob,xiaomi,小米,H3A,kenzo,红米 Note 3,国行版,xiaomi
2015116,mob,xiaomi,小米,H3A,kenzo,红米 Note 3,国际版,xiaomi
2015161,mob,xiaomi,小米,H3B,kate,红米 Note 3,台湾特制版,xiaomi
2016050,mob,xiaomi,小米,B6L,nikel,红米 Note 4,全网通版,xiaomi
2016051,mob,xiaomi,小米,B6L,nikel,红米 Note 4,移动版,xiaomi
2016101,mob,xiaomi,小米,C6,mido,红米 Note 4X,高通 全网通版,xiaomi
2016130,mob,xiaomi,小米,C6,mido,红米 Note 4X,高通 移动 4G+ 版,xiaomi
2016100,mob,xiaomi,小米,C6,mido,红米 Note 4,国际版,xiaomi
2016102,mob,xiaomi,小米,C6,mido,红米 Note 4,国际版,xiaomi
2016100,mob,xiaomi,小米,C6,mido,红米 Note 4X,高通 国际版,xiaomi
2016102,mob,xiaomi,小米,C6,mido,红米 Note 4X,高通 国际版,xiaomi
MBE6A5,mob,xiaomi,小米,B6A,nikel,红米 Note 4X,MTK 全网通版,xiaomi
MBT6A5,mob,xiaomi,小米,B6A,nikel,红米 Note 4X,MTK 移动 4G+ 版,xiaomi
MEI7,mob,xiaomi,小米,E7,vince,红米 Note 5,印度版,xiaomi
MEE7S,mob,xiaomi,小米,E7S,whyred,红米 Note 5,全网通版,xiaomi
MET7S,mob,xiaomi,小米,E7S,whyred,红米 Note 5,移动 4G+ 版,xiaomi
MEC7S,mob,xiaomi,小米,E7S,whyred,红米 Note 5,联通电信定制版,xiaomi
M1803E7SG,mob,xiaomi,小米,E7S,whyred,红米 Note 5,国际版,xiaomi
M1803E7SH,mob,xiaomi,小米,E7S,whyred,红米 Note 5,国际版,xiaomi
MEI7S,mob,xiaomi,小米,E7S,whyred,红米 Note 5 Pro,印度版,xiaomi
MDE6,mob,xiaomi,小米,D6,ugglite,红米 Note 5A,全网通 标准版,xiaomi
MDT6,mob,xiaomi,小米,D6,ugglite,红米 Note 5A,移动 4G+ 标准版,xiaomi
MDG6,mob,xiaomi,小米,D6,ugglite,红米 Note 5A,国际版 标准版,xiaomi
MDI6,mob,xiaomi,小米,D6,ugglite,红米 Y1 Lite,印度版,xiaomi
MDE6S,mob,xiaomi,小米,D6S,ugg,红米 Note 5A,全网通 高配版,xiaomi
MDT6S,mob,xiaomi,小米,D6S,ugg,红米 Note 5A,移动 4G+ 高配版,xiaomi
MDG6S,mob,xiaomi,小米,D6S,ugg,红米 Note 5A,国际版 高配版,xiaomi
MDI6S,mob,xiaomi,小米,D6S,ugg,红米 Y1,印度版,xiaomi
M1806E7TG,mob,xiaomi,小米,E7T,tulip,红米 Note 6 Pro,国际版,xiaomi
M1806E7TH,mob,xiaomi,小米,E7T,tulip,红米 Note 6 Pro,国际版,xiaomi
M1806E7TI,mob,xiaomi,小米,E7T,tulip,红米 Note 6 Pro,印度版,xiaomi
M1901F7E,mob,xiaomi,小米,F7A,lavender,Redmi Note 7,全网通版,xiaomi
M1901F7T,mob,xiaomi,小米,F7A,lavender,Redmi Note 7,移动 4G+ 版,xiaomi
M1901F7C,mob,xiaomi,小米,F7A,lavender,Redmi Note 7,联通电信定制版,xiaomi
M1901F7G,mob,xiaomi,小米,F7A,lavender,Redmi Note 7,国际版,xiaomi
M1901F7H,mob,xiaomi,小米,F7A,lavender,Redmi Note 7,国际版,xiaomi
M1901F7I,mob,xiaomi,小米,F7A,lavender,Redmi Note 7,印度版,xiaomi
M1901F7I,mob,xiaomi,小米,F7A,lavender,Redmi Note 7S,印度版,xiaomi
M1901F7BE,mob,xiaomi,小米,F7B,violet,Redmi Note 7 Pro,国行版,xiaomi
M1901F7S,mob,xiaomi,小米,F7B,violet,Redmi Note 7 Pro,印度版,xiaomi
M1908C3JE,mob,xiaomi,小米,C3J,ginkgo,Redmi Note 8,全网通版,xiaomi
M1908C3JC,mob,xiaomi,小米,C3J,ginkgo,Redmi Note 8,运营商全网通版,xiaomi
M1908C3JG,mob,xiaomi,小米,C3J,ginkgo,Redmi Note 8,国际版,xiaomi
M1908C3JH,mob,xiaomi,小米,C3J,ginkgo,Redmi Note 8,国际版,xiaomi
M1908C3JI,mob,xiaomi,小米,C3J,ginkgo,Redmi Note 8,印度版,xiaomi
M1908C3XG,mob,xiaomi,小米,C3X,willow,Redmi Note 8T,国际版,xiaomi
M1908C3JGG,mob,xiaomi,小米,C3JG,biloba,Redmi Note 8 (2021),国际版,xiaomi
M1906G7E,mob,xiaomi,小米,G7,begonia,Redmi Note 8 Pro,全网通版,xiaomi
M1906G7T,mob,xiaomi,小米,G7,begonia,Redmi Note 8 Pro,运营商全网通版,xiaomi
M1906G7G,mob,xiaomi,小米,G7,begonia,Redmi Note 8 Pro,国际版,xiaomi
M1906G7I,mob,xiaomi,小米,G7,begoniain,Redmi Note 8 Pro,印度版,xiaomi
M2010J19SC,mob,xiaomi,小米,J19S,lime,Redmi Note 9 4G,国行版,xiaomi
M2007J22C,mob,xiaomi,小米,J22,cannon,Redmi Note 9 5G,国行版,xiaomi
M2003J15SS,mob,xiaomi,小米,J15S,merlin,Redmi Note 9,国际版,xiaomi
M2003J15SI,mob,xiaomi,小米,J15S,merlin,Redmi Note 9,印度版,xiaomi
M2003J15SG,mob,xiaomi,小米,J15S,"merlin, merlinnfc",Redmi Note 9,国际版 (NFC),xiaomi
M2007J22G,mob,xiaomi,小米,J22,cannong,Redmi Note 9T,5G 国际版,xiaomi
M2007J22R,mob,xiaomi,小米,J22,cannong,Redmi Note 9T,5G 日本版 (SoftBank),xiaomi
A001XM,mob,xiaomi,小米,J22,cannong,Redmi Note 9T,5G 日本版 (SoftBank),xiaomi
M2007J17C,mob,xiaomi,小米,J17,"gauguin, gauguinpro",Redmi Note 9 Pro,5G 国行版,xiaomi
M2003J6A1G,mob,xiaomi,小米,J6A1,"curtana, miatoll",Redmi Note 9S,国际版,xiaomi
M2003J6A1R,mob,xiaomi,小米,J6A1,"curtana, miatoll",Redmi Note 9S,日韩版,xiaomi
M2003J6A1I,mob,xiaomi,小米,J6A1,"curtana, miatoll",Redmi Note 9 Pro,印度版,xiaomi
M2003J6B1I,mob,xiaomi,小米,J6B1,"excalibur, miatoll",Redmi Note 9 Pro Max,印度版,xiaomi
M2003J6B2G,mob,xiaomi,小米,J6B2,"joyeuse, miatoll",Redmi Note 9 Pro,国际版,xiaomi
M2101K7AG,mob,xiaomi,小米,K7A,mojito,Redmi Note 10,国际版,xiaomi
M2101K7AI,mob,xiaomi,小米,K7A,mojito,Redmi Note 10,印度版,xiaomi
M2101K7BG,mob,xiaomi,小米,K7B,"rosemary, secret",Redmi Note 10S,国际版,xiaomi
M2101K7BI,mob,xiaomi,小米,K7B,"rosemary, secret",Redmi Note 10S,印度版,xiaomi
M2101K7BNY,mob,xiaomi,小米,K7BN,rosemary,Redmi Note 10S,国际版 (NFC),xiaomi
M2101K7BL,mob,xiaomi,小米,K7BL,"rosemary, maltose",Redmi Note 10S,拉美版,xiaomi
M2103K19C,mob,xiaomi,小米,K19,camellia,Redmi Note 10 5G,国行版,xiaomi
M2103K19C,mob,xiaomi,小米,K19,camellia,Redmi Note 11SE,国行版,xiaomi
M2103K19I,mob,xiaomi,小米,K19,camellia,Redmi Note 10T,5G 印度版,xiaomi
M2103K19G,mob,xiaomi,小米,K19,camellian,Redmi Note 10 5G,国际版,xiaomi
M2103K19Y,mob,xiaomi,小米,K19,camellian,Redmi Note 10T,国际版,xiaomi
M2104K19J,mob,xiaomi,小米,K19J,iris,Redmi Note 10 JE,日本版 (KDDI),xiaomi
XIG02,mob,xiaomi,小米,K19J,iris,Redmi Note 10 JE,日本版 (KDDI),xiaomi
22021119KR,mob,xiaomi,小米,K19K,lilac,Redmi Note 10T,日本版 (无锁),xiaomi
A101XM,mob,xiaomi,小米,K19K,lilac,Redmi Note 10T,日本版 (SoftBank),xiaomi
M2101K6G,mob,xiaomi,小米,K6,sweet,Redmi Note 10 Pro,国际版,xiaomi
M2101K6T,mob,xiaomi,小米,K6,sweet,Redmi Note 10 Pro,泰国版,xiaomi
M2101K6R,mob,xiaomi,小米,K6,sweet,Redmi Note 10 Pro,日本版,xiaomi
M2101K6P,mob,xiaomi,小米,K6,sweetin,Redmi Note 10 Pro,印度版,xiaomi
M2101K6I,mob,xiaomi,小米,K6,sweetin,Redmi Note 10 Pro Max,印度版,xiaomi
M2104K10AC,mob,xiaomi,小米,K10A,chopin,Redmi Note 10 Pro,5G 国行版,xiaomi
2109106A1I,mob,xiaomi,小米,J6A1,"curtana, miatoll",Redmi Note 10 Lite,印度版,xiaomi
21121119SC,mob,xiaomi,小米,K19S,"selene, selenes",Redmi Note 11 4G,国行版,xiaomi
2201117TG,mob,xiaomi,小米,K7T,spes,Redmi Note 11,国际版,xiaomi
2201117TI,mob,xiaomi,小米,K7T,spes,Redmi Note 11,印度版,xiaomi
2201117TL,mob,xiaomi,小米,K7TL,spes,Redmi Note 11,拉美版,xiaomi
2201117TY,mob,xiaomi,小米,K7T,spesn,Redmi Note 11,国际版 (NFC),xiaomi
21091116AC,mob,xiaomi,小米,K16A,evergo,Redmi Note 11 5G,国行版,xiaomi
21091116AI,mob,xiaomi,小米,K16A,evergo,Redmi Note 11T,5G 印度版,xiaomi
22041219C,mob,xiaomi,小米,L19,light,Redmi Note 11E 5G,,xiaomi
2201117SG,mob,xiaomi,小米,K7S,"fleur, miel",Redmi Note 11S,国际版,xiaomi
2201117SI,mob,xiaomi,小米,K7S,"fleur, miel",Redmi Note 11S,印度版,xiaomi
2201117SL,mob,xiaomi,小米,K7SL,"fleur, miel",Redmi Note 11S,拉美版,xiaomi
2201117SY,mob,xiaomi,小米,K7S,fleur,Redmi Note 11S,国际版 (NFC),xiaomi
22087RA4DI,mob,xiaomi,小米,K7BR,"rosemary, secret",Redmi Note 11 SE,印度版,xiaomi
22031116BG,mob,xiaomi,小米,K16B,opal,Redmi Note 11S 5G,国际版,xiaomi
21091116C,mob,xiaomi,小米,K16,pissarro,Redmi Note 11 Pro,国行版,xiaomi
2201116TG,mob,xiaomi,小米,K6T,viva,Redmi Note 11 Pro,国际版,xiaomi
2201116TI,mob,xiaomi,小米,K6T,vida,Redmi Note 11 Pro,印度版,xiaomi
2201116SC,mob,xiaomi,小米,K6S,veux,Redmi Note 11E Pro,国行版,xiaomi
2201116SG,mob,xiaomi,小米,K6S,veux,Redmi Note 11 Pro 5G,国际版,xiaomi
2201116SR,mob,xiaomi,小米,K6S,veux,Redmi Note 11 Pro 5G,日本版,xiaomi
2201116SI,mob,xiaomi,小米,K6S,"veux, peux",Redmi Note 11 Pro+ 5G,印度版,xiaomi
21091116UC,mob,xiaomi,小米,K16U,"pissarro, pissarropro",Redmi Note 11 Pro+,国行版,xiaomi
21091116UG,mob,xiaomi,小米,K16U,"pissarro, pissarropro",Redmi Note 11 Pro+,5G 国际版,xiaomi
22041216C,mob,xiaomi,小米,L16,xaga,Redmi Note 11T Pro,,xiaomi
22041216UC,mob,xiaomi,小米,L16U,"xaga, xagapro",Redmi Note 11T Pro+,,xiaomi
22095RA98C,mob,xiaomi,小米,L19X,"light, lightcm",Redmi Note 11R,5G,xiaomi
23021RAAEG,mob,xiaomi,小米,M7,tapas,Redmi Note 12,国际版,xiaomi
23027RAD4I,mob,xiaomi,小米,M7U,tapas,Redmi Note 12,印度版,xiaomi
23028RA60L,mob,xiaomi,小米,M7L,tapas,Redmi Note 12,拉美版,xiaomi
23021RAA2Y,mob,xiaomi,小米,M7N,topaz,Redmi Note 12,国际版 (NFC),xiaomi
22101317C,mob,xiaomi,小米,M17,sunstone,Redmi Note 12 5G,国行版,xiaomi
22101317C,mob,xiaomi,小米,M17,sunstone,Redmi Note 12R Pro,,xiaomi
22111317G,mob,xiaomi,小米,M17,sunstone,Redmi Note 12 5G,国际版,xiaomi
22111317I,mob,xiaomi,小米,M17,sunstone,Redmi Note 12 5G,印度版,xiaomi
23076RA4BC,mob,xiaomi,小米,M19,sky,Redmi Note 12R,,xiaomi
2303CRA44A,mob,xiaomi,小米,K7SR,"sea, ocean",Redmi Note 12S,国际版,xiaomi
2303ERA42L,mob,xiaomi,小米,K7SRL,"sea, ocean",Redmi Note 12S,拉美版,xiaomi
23030RAC7Y,mob,xiaomi,小米,K7SRN,sea,Redmi Note 12S,国际版 (NFC),xiaomi
2209116AG,mob,xiaomi,小米,K6A,"sweet, sweet_k6a",Redmi Note 12 Pro,国际版,xiaomi
22101316C,mob,xiaomi,小米,M16,ruby,Redmi Note 12 Pro,国行版,xiaomi
22101316G,mob,xiaomi,小米,M16,ruby,Redmi Note 12 Pro,5G 国际版,xiaomi
22101316I,mob,xiaomi,小米,M16,ruby,Redmi Note 12 Pro,5G 印度版,xiaomi
22101316UCP,mob,xiaomi,小米,M16U,"ruby, rubypro",Redmi Note 12 Pro+,国行版,xiaomi
22101316UG,mob,xiaomi,小米,M16U,"ruby, rubypro",Redmi Note 12 Pro+,5G 国际版,xiaomi
22101316UP,mob,xiaomi,小米,M16U,"ruby, rubypro",Redmi Note 12 Pro+,5G 印度版,xiaomi
22101316UC,mob,xiaomi,小米,M16U,"ruby, rubyplus",Redmi Note 12 探索版,,xiaomi
22101320C,mob,xiaomi,小米,M20,redwood,Redmi Note 12 Pro 极速版,,xiaomi
23054RA19C,mob,xiaomi,小米,L16S,pearl,Redmi Note 12T Pro,,xiaomi
23049RAD8C,mob,xiaomi,小米,M16T,marble,Redmi Note 12 Turbo,,xiaomi
23129RAA4G,mob,xiaomi,小米,N7,sapphire,Redmi Note 13,国际版,xiaomi
23129RA5FL,mob,xiaomi,小米,N7L,sapphire,Redmi Note 13,拉美版,xiaomi
23124RA7EO,mob,xiaomi,小米,N7N,sapphiren,Redmi Note 13,国际版 (NFC),xiaomi
2312DRAABC,mob,xiaomi,小米,N17,gold,Redmi Note 13 5G,国行版,xiaomi
2312DRAABI,mob,xiaomi,小米,N17,gold,Redmi Note 13 5G,印度版,xiaomi
2312DRAABG,mob,xiaomi,小米,N17,"gold, iron",Redmi Note 13 5G,国际版,xiaomi
23117RA68G,mob,xiaomi,小米,N6,emerald,Redmi Note 13 Pro,国际版,xiaomi
2312DRA50C,mob,xiaomi,小米,N16,garnet,Redmi Note 13 Pro,国行版 (LPDDR4x + UFS 2.2),xiaomi
2312DRA50G,mob,xiaomi,小米,N16,garnet,Redmi Note 13 Pro,5G 国际版,xiaomi
2312DRA50I,mob,xiaomi,小米,N16,garnet,Redmi Note 13 Pro,5G 印度版,xiaomi
XIG05,mob,xiaomi,小米,N16,garnet,Redmi Note 13 Pro,5G 日本版 (KDDI),xiaomi
2312CRAD3C,mob,xiaomi,小米,N16S,garnet,Redmi Note 13 Pro,国行版 (LPDDR5 + UFS 3.1),xiaomi
23090RA98C,mob,xiaomi,小米,N16U,zircon,Redmi Note 13 Pro+,国行版,xiaomi
23090RA98G,mob,xiaomi,小米,N16U,zircon,Redmi Note 13 Pro+,5G 国际版,xiaomi
23090RA98I,mob,xiaomi,小米,N16U,zircon,Redmi Note 13 Pro+,5G 印度版,xiaomi
24040RA98R,mob,xiaomi,小米,N16U,zircon,Redmi Note 13 Pro+,5G 日本版,xiaomi
2406ERN9CC,mob,xiaomi,小米,N19,breeze,Redmi Note 13R,,xiaomi
2311FRAFDC,mob,xiaomi,小米,N17A,gold,Redmi Note 13R Pro,,xiaomi
24117RN76G,mob,xiaomi,小米,O7,tanzanite,Redmi Note 14,国际版,xiaomi
24117RN76E,mob,xiaomi,小米,O7,tanzanite,Redmi Note 14,欧洲版,xiaomi
24117RN76L,mob,xiaomi,小米,O7,tanzanite,Redmi Note 14,拉美版,xiaomi
24117RN76O,mob,xiaomi,小米,O7,tanzanite,Redmi Note 14,国际版 (NFC),xiaomi
24094RAD4C,mob,xiaomi,小米,O17,beryl,Redmi Note 14 5G,国行版,xiaomi
24094RAD4C,mob,xiaomi,小米,O17,beryl,REDMI Note 15R Pro,国行版,xiaomi
24094RAD4I,mob,xiaomi,小米,O17,beryl,Redmi Note 14 5G,印度版,xiaomi
24094RAD4I,mob,xiaomi,小米,O17,beryl,Redmi Note 14 SE 5G,印度版,xiaomi
24094RAD4G,mob,xiaomi,小米,O17,"beryl, citrine",Redmi Note 14 5G,国际版,xiaomi
2502FRA65G,mob,xiaomi,小米,N6R,"emerald, emerald_r",Redmi Note 14S,国际版,xiaomi
24116RACCG,mob,xiaomi,小米,O6,obsidian,Redmi Note 14 Pro,国际版,xiaomi
24090RA29C,mob,xiaomi,小米,O16,malachite,Redmi Note 14 Pro,国行版,xiaomi
24090RA29G,mob,xiaomi,小米,O16,malachite,Redmi Note 14 Pro,5G 国际版,xiaomi
24090RA29I,mob,xiaomi,小米,O16,malachite,Redmi Note 14 Pro,5G 印度版,xiaomi
24115RA8EC,mob,xiaomi,小米,O16U,amethyst,Redmi Note 14 Pro+,国行版,xiaomi
24115RA8EG,mob,xiaomi,小米,O16U,amethyst,Redmi Note 14 Pro+,5G 国际版,xiaomi
24115RA8EI,mob,xiaomi,小米,O16U,amethyst,Redmi Note 14 Pro+,5G 印度版,xiaomi
2510DRA23G,mob,xiaomi,小米,P7,spinel,REDMI Note 15,国际版,xiaomi
2510DRA23E,mob,xiaomi,小米,P7,spinel,REDMI Note 15,欧洲版,xiaomi
2510DRA23L,mob,xiaomi,小米,P7,spinel,REDMI Note 15,拉美版,xiaomi
25098RA98C,mob,xiaomi,小米,P17,kunzite,REDMI Note 15,国行版,xiaomi
25098RA98G,mob,xiaomi,小米,P17,kunzite,REDMI Note 15,5G 国际版,xiaomi
25098RA98E,mob,xiaomi,小米,P17,kunzite,REDMI Note 15,5G 欧洲版,xiaomi
25098RA98I,mob,xiaomi,小米,P17,kunzite,REDMI Note 15,5G 印度版,xiaomi
25098RA98T,mob,xiaomi,小米,P17,kunzite,REDMI Note 15,5G 沙特版,xiaomi
26022PCACI,mob,xiaomi,小米,P17,kunzite,REDMI Note 15 SE,5G 印度版,xiaomi
25100RA69G,mob,xiaomi,小米,P6,charoite,REDMI Note 15 Pro,国际版,xiaomi
25080RABDC,mob,xiaomi,小米,P16,lapis,REDMI Note 15 Pro,国行版,xiaomi
25080RABDG,mob,xiaomi,小米,P16,lapis,REDMI Note 15 Pro,5G 国际版,xiaomi
25080RABDI,mob,xiaomi,小米,P16,lapis,REDMI Note 15 Pro,5G 印度版,xiaomi
25080RABDR,mob,xiaomi,小米,P16,lapis,REDMI Note 15 Pro,5G 日本版,xiaomi
25080RABDT,mob,xiaomi,小米,P16,lapis,REDMI Note 15 Pro,5G 沙特版,xiaomi
2510ERA8BC,mob,xiaomi,小米,P16U,flourite,REDMI Note 15 Pro+,国行版,xiaomi
2510ERA8BG,mob,xiaomi,小米,P16U,flourite,REDMI Note 15 Pro+,5G 国际版,xiaomi
2510ERA8BI,mob,xiaomi,小米,P16U,flourite,REDMI Note 15 Pro+,5G 印度版,xiaomi
2510ERA8BT,mob,xiaomi,小米,P16U,flourite,REDMI Note 15 Pro+,5G 沙特版,xiaomi
25104RADAC,mob,xiaomi,小米,P16US,flourite,REDMI Note 15 Pro+,卫星消息版,xiaomi
25057RA09C,mob,xiaomi,小米,O19,spring,REDMI Note 15R,,xiaomi
26021RN18C,mob,xiaomi,小米,P19,mist,REDMI Note 17,国行版,xiaomi
26021RN18I,mob,xiaomi,小米,P19,mist,REDMI Note 17,5G 印度版,xiaomi
26081RA18G,mob,xiaomi,小米,P19,mist,REDMI Note 17,5G 国际版,xiaomi
26081RA18L,mob,xiaomi,小米,P19,mist,REDMI Note 17,5G 拉美版,xiaomi
2607DRA18C,mob,xiaomi,小米,Q16,"iolite, moscow",REDMI Note 17 Pro,国行版,xiaomi
2607DRA18G,mob,xiaomi,小米,Q16,"iolite, moscow",REDMI Note 17 Pro,5G 国际版,xiaomi
2607DRA18I,mob,xiaomi,小米,Q16,"iolite, moscow",REDMI Note 17 Pro,5G 印度版,xiaomi
2607DRA18T,mob,xiaomi,小米,Q16,"iolite, moscow",REDMI Note 17 Pro,5G 沙特版,xiaomi
M2004J7AC,mob,xiaomi,小米,J7A,atom,Redmi 10X 5G,,xiaomi
M2004J7BC,mob,xiaomi,小米,J7B,bomb,Redmi 10X Pro 5G,,xiaomi
M2003J15SC,mob,xiaomi,小米,J15S,merlin,Redmi 10X 4G,,xiaomi
24069RA21C,mob,xiaomi,小米,N16T,peridot,Redmi Turbo 3,,xiaomi
24129RT7CC,mob,xiaomi,小米,O10S,rodin,REDMI Turbo 4,,xiaomi
25053RT47C,mob,xiaomi,小米,O10U,onyx,REDMI Turbo 4 Pro,,xiaomi
2511FRT34C,mob,xiaomi,小米,P10,klee,REDMI Turbo 5,国行版,xiaomi
2606FRT34I,mob,xiaomi,小米,P10,klee,REDMI Turbo 5,印度版,xiaomi
2602BRT18C,mob,xiaomi,小米,P10U,dash,REDMI Turbo 5 Max,,xiaomi
M1903F10A,mob,xiaomi,小米,F10,davinci,Redmi K20,全网通版,xiaomi
M1903F10C,mob,xiaomi,小米,F10,davinci,Redmi K20,运营商全网通版,xiaomi
M1903F10I,mob,xiaomi,小米,F10,davinciin,Redmi K20,印度版,xiaomi
M1903F11A,mob,xiaomi,小米,F11,raphael,Redmi K20 Pro,全网通版,xiaomi
M1903F11C,mob,xiaomi,小米,F11,raphael,Redmi K20 Pro,运营商全网通版,xiaomi
M1903F11I,mob,xiaomi,小米,F11,raphaelin,Redmi K20 Pro,印度版,xiaomi
M1903F11A,mob,xiaomi,小米,F11,"raphael, raphaels",Redmi K20 Pro 尊享版,,xiaomi
M2001G7AE,mob,xiaomi,小米,G7A,picasso,Redmi K30 5G,,xiaomi
M2001G7AE,mob,xiaomi,小米,G7A,picasso,Redmi K30 5G,极速版,xiaomi
M2001G7AC,mob,xiaomi,小米,G7A,picasso,Redmi K30 5G,,xiaomi
M2001G7AC,mob,xiaomi,小米,G7A,picasso48m,Redmi K30i 5G,,xiaomi
M1912G7BE,mob,xiaomi,小米,G7B,phoenix,Redmi K30 4G,全网通版,xiaomi
M1912G7BC,mob,xiaomi,小米,G7B,phoenix,Redmi K30 4G,运营商全网通版,xiaomi
M2001J11C,mob,xiaomi,小米,J11,lmi,Redmi K30 Pro,,xiaomi
M2001J11C,mob,xiaomi,小米,J11,"lmi, lmipro",Redmi K30 Pro,变焦版,xiaomi
M2001J11E,mob,xiaomi,小米,J11,"lmi, lmipro",Redmi K30 Pro,变焦版,xiaomi
M2006J10C,mob,xiaomi,小米,J10,cezanne,Redmi K30 至尊纪念版,,xiaomi
M2007J3SC,mob,xiaomi,小米,J3S,apollo,Redmi K30S 至尊纪念版,,xiaomi
M2012K11AC,mob,xiaomi,小米,K11A,alioth,Redmi K40,,xiaomi
M2012K11C,mob,xiaomi,小米,K11,haydn,Redmi K40 Pro,,xiaomi
M2012K11C,mob,xiaomi,小米,K11,"haydn, haydnpro",Redmi K40 Pro+,,xiaomi
M2012K10C,mob,xiaomi,小米,K10,ares,Redmi K40 游戏增强版,,xiaomi
22021211RC,mob,xiaomi,小米,L11R,munch,Redmi K40S,,xiaomi
22041211AC,mob,xiaomi,小米,L11A,rubens,Redmi K50,,xiaomi
22011211C,mob,xiaomi,小米,L11,matisse,Redmi K50 Pro,,xiaomi
21121210C,mob,xiaomi,小米,L10,ingres,Redmi K50 电竞版,,xiaomi
22081212C,mob,xiaomi,小米,L12,diting,Redmi K50 至尊版,,xiaomi
22041216I,mob,xiaomi,小米,L16,"xaga, xagain",Redmi K50i,印度版,xiaomi
23013RK75C,mob,xiaomi,小米,M11A,mondrian,Redmi K60,,xiaomi
22127RK46C,mob,xiaomi,小米,M11,socrates,Redmi K60 Pro,,xiaomi
22122RK93C,mob,xiaomi,小米,M11R,rembrandt,Redmi K60E,,xiaomi
23078RKD5C,mob,xiaomi,小米,M12,corot,Redmi K60 至尊版,,xiaomi
23113RKC6C,mob,xiaomi,小米,N11,vermeer,Redmi K70,,xiaomi
23117RK66C,mob,xiaomi,小米,N11U,manet,Redmi K70 Pro,,xiaomi
2311DRK48C,mob,xiaomi,小米,N11A,duchamp,Redmi K70E,,xiaomi
2407FRK8EC,mob,xiaomi,小米,N12,rothko,Redmi K70 至尊版,,xiaomi
24117RK2CC,mob,xiaomi,小米,O11,zorn,REDMI K80,,xiaomi
24122RKC7C,mob,xiaomi,小米,O11U,miro,REDMI K80 Pro,,xiaomi
24127RK2CC,mob,xiaomi,小米,O11US,miro,REDMI K80 Pro 冠军版,,xiaomi
25060RK16C,mob,xiaomi,小米,O12,dali,REDMI K80 至尊版,,xiaomi
2510DRK44C,mob,xiaomi,小米,P11,annibale,REDMI K90,,xiaomi
25102RKBEC,mob,xiaomi,小米,P11U,myron,REDMI K90 Pro Max,,xiaomi
25102RK69C,mob,xiaomi,小米,P11UIP,myron,REDMI K90 Pro Max,冠军版,xiaomi
2604FRK1EC,mob,xiaomi,小米,P12,prague,REDMI K90 Max,,xiaomi
M332BF,mob,xiaomi,小米,P12X,warsaw,REDMI K90 至尊版,,xiaomi
2016020,mob,xiaomi,小米,H3C,omega,红米 Pro,标准版,xiaomi
2016021,mob,xiaomi,小米,H3C,omega,红米 Pro,高配版 / 尊享版,xiaomi
M1803E6E,mob,xiaomi,小米,E6,ysl,红米 S2,全网通版,xiaomi
M1803E6T,mob,xiaomi,小米,E6,ysl,红米 S2,移动 4G+ 版,xiaomi
M1803E6C,mob,xiaomi,小米,E6,ysl,红米 S2,联通电信定制版,xiaomi
M1803E6G,mob,xiaomi,小米,E6,ysl,红米 S2,国际版,xiaomi
M1803E6H,mob,xiaomi,小米,E6,ysl,红米 S2,国际版,xiaomi
M1803E6I,mob,xiaomi,小米,E6,ysl,红米 Y2,印度版,xiaomi
M1810F6G,mob,xiaomi,小米,F6,onc,Redmi Y3,国际版,xiaomi
M1810F6I,mob,xiaomi,小米,F6,onc,Redmi Y3,印度版,xiaomi
M1903C3GG,mob,xiaomi,小米,C3G,tiare,Redmi Go,国际版,xiaomi
M1903C3GH,mob,xiaomi,小米,C3G,tiare,Redmi Go,国际版,xiaomi
M1903C3GI,mob,xiaomi,小米,C3G,tiare,Redmi Go,印度版,xiaomi
220733SG,mob,xiaomi,小米,C3S,ice,Redmi A1,国际版,xiaomi
220733SH,mob,xiaomi,小米,C3S,ice,Redmi A1,印度版,xiaomi
220733SI,mob,xiaomi,小米,C3S,ice,Redmi A1,印度版,xiaomi
220733SL,mob,xiaomi,小米,C3SL,ice,Redmi A1,拉美版,xiaomi
220733SFG,mob,xiaomi,小米,C3SF,"ice, snow",Redmi A1+,国际版,xiaomi
220733SFH,mob,xiaomi,小米,C3SF,"ice, snow",Redmi A1+,印度版,xiaomi
220743FI,mob,xiaomi,小米,C3SF,"ice, snow",Redmi A1+,印度版,xiaomi
23028RN4DG,mob,xiaomi,小米,C3S2,"water, cloud",Redmi A2,国际版,xiaomi
23028RN4DH,mob,xiaomi,小米,C3S2,"water, cloud",Redmi A2,印度版,xiaomi
23028RN4DI,mob,xiaomi,小米,C3S2,"water, cloud",Redmi A2,印度版,xiaomi
23026RN54G,mob,xiaomi,小米,CSL2,"water, cloud",Redmi A2,拉美版,xiaomi
23028RNCAG,mob,xiaomi,小米,CSF2,water,Redmi A2+,国际版,xiaomi
23028RNCAH,mob,xiaomi,小米,CSF2,water,Redmi A2+,印度版,xiaomi
23028RNCAI,mob,xiaomi,小米,CSF2,water,Redmi A2+,印度版,xiaomi
23129RN51X,mob,xiaomi,小米,C3Y,blue,Redmi A3,国际版,xiaomi
23129RN51H,mob,xiaomi,小米,C3Y,blue,Redmi A3,印度版,xiaomi
2312CRNCCL,mob,xiaomi,小米,C3YL,blue,Redmi A3,拉美版,xiaomi
24048RN6CG,mob,xiaomi,小米,C3Y2,klein,Redmi A3x,国际版,xiaomi
24048RN6CI,mob,xiaomi,小米,C3Y2,klein,Redmi A3x,印度版,xiaomi
24044RN32L,mob,xiaomi,小米,C3Y2,klein,Redmi A3x,拉美版,xiaomi
2409BRN2CG,mob,xiaomi,小米,C3N,"lake, pond",Redmi A3 Pro,国际版,xiaomi
24116RNC1I,mob,xiaomi,小米,C3F2,warm,Redmi A4 5G,印度版,xiaomi
25028RN03G,mob,xiaomi,小米,C3Z,serenity,REDMI A5,国际版,xiaomi
25028RN03A,mob,xiaomi,小米,C3Z,serenity,REDMI A5,国际版,xiaomi
25028RN03Y,mob,xiaomi,小米,C3Z,serenity,REDMI A5,国际版,xiaomi
25028RN03I,mob,xiaomi,小米,C3Z,serenity,REDMI A5,印度版,xiaomi
25028RN03L,mob,xiaomi,小米,C3Z,serenity,REDMI A5,拉美版,xiaomi
26020RNB4A,mob,xiaomi,小米,C3ZR,serenity,REDMI A7,国际版,xiaomi
26020RNB4I,mob,xiaomi,小米,C3ZR,serenity,REDMI A7,印度版,xiaomi
26020RNB4L,mob,xiaomi,小米,C3ZR,serenity,REDMI A7,拉美版,xiaomi
25128RN17A,mob,xiaomi,小米,P25A,arctic,REDMI A7 Pro,国际版,xiaomi
25128RN17Y,mob,xiaomi,小米,P25A,arctic,REDMI A7 Pro,国际版,xiaomi
25128RN17I,mob,xiaomi,小米,P25A,arctic,REDMI A7 Pro,印度版,xiaomi
25128RN17L,mob,xiaomi,小米,P25A,arctic,REDMI A7 Pro,拉美版,xiaomi
26020RN1AC,mob,xiaomi,小米,P25,somalia,REDMI R70 5G,国行版,xiaomi
26020RN1AC,mob,xiaomi,小米,P25,somalia,REDMI R70m 5G,国行版,xiaomi
26020RN1AI,mob,xiaomi,小米,P25,somalia,REDMI A7 Pro 5G,印度版,xiaomi
22081283C,pad,xiaomi,小米,L83,yunluo,Redmi Pad,国行版,xiaomi
22081283G,pad,xiaomi,小米,L83,yunluo,Redmi Pad,国际版,xiaomi
23073RPBFC,pad,xiaomi,小米,M84,xun,Redmi Pad SE,国行版,xiaomi
23073RPBFG,pad,xiaomi,小米,M84,xun,Redmi Pad SE,国际版,xiaomi
23073RPBFL,pad,xiaomi,小米,M84,xun,Redmi Pad SE,拉美版,xiaomi
23073RPBFC,pad,xiaomi,小米,M84,xun,Redmi Pad M7,,xiaomi
2405CRPFDC,pad,xiaomi,小米,N83,dizi,Redmi Pad Pro,Wi-Fi 国行版,xiaomi
2405CRPFDG,pad,xiaomi,小米,N83,dizi,Redmi Pad Pro,Wi-Fi 国际版,xiaomi
2405CRPFDI,pad,xiaomi,小米,N83,dizi,Redmi Pad Pro,Wi-Fi 印度版,xiaomi
2405CRPFDL,pad,xiaomi,小米,N83,dizi,Redmi Pad Pro,Wi-Fi 拉美版 / 韩国版,xiaomi
24074RPD2C,pad,xiaomi,小米,N83U,ruan,Redmi Pad Pro 5G,国行版,xiaomi
24074RPD2G,pad,xiaomi,小米,N83U,ruan,Redmi Pad Pro 5G,国际版,xiaomi
24074RPD2I,pad,xiaomi,小米,N83U,ruan,Redmi Pad Pro 5G,印度版,xiaomi
24075RP89G,pad,xiaomi,小米,N85,flare,Redmi Pad SE 8.7,Wi-Fi 国际版,xiaomi
24076RP19G,pad,xiaomi,小米,N85X,spark,Redmi Pad SE 8.7 4G,国际版,xiaomi
24076RP19I,pad,xiaomi,小米,N85X,spark,Redmi Pad SE 8.7 4G,4G 印度版,xiaomi
25040RP0AC,pad,xiaomi,小米,O84,taiko,REDMI Pad 2,国行版,xiaomi
25040RP0AG,pad,xiaomi,小米,O84,taiko,REDMI Pad 2,国际版,xiaomi
25040RP0AI,pad,xiaomi,小米,O84,taiko,REDMI Pad 2,印度版,xiaomi
25040RP0AE,pad,xiaomi,小米,O84,taiko,REDMI Pad 2,欧洲版,xiaomi
25040RP0AL,pad,xiaomi,小米,O84,taiko,REDMI Pad 2,拉美版,xiaomi
2505DRP06G,pad,xiaomi,小米,O84X,koto,REDMI Pad 2 4G,国际版,xiaomi
2505DRP06I,pad,xiaomi,小米,O84X,koto,REDMI Pad 2 4G,印度版,xiaomi
2505DRP06E,pad,xiaomi,小米,O84X,koto,REDMI Pad 2 4G,欧洲版,xiaomi
25099RP13C,pad,xiaomi,小米,P83,flute,REDMI Pad 2 Pro,国行版,xiaomi
25099RP13G,pad,xiaomi,小米,P83,flute,REDMI Pad 2 Pro,国际版,xiaomi
25099RP13I,pad,xiaomi,小米,P83,flute,REDMI Pad 2 Pro,印度版,xiaomi
2509BRP2DC,pad,xiaomi,小米,P83X,organ,REDMI Pad 2 Pro 5G,国行版,xiaomi
2509BRP2DG,pad,xiaomi,小米,P83X,organ,REDMI Pad 2 Pro 5G,国际版,xiaomi
2509BRP2DI,pad,xiaomi,小米,P83X,organ,REDMI Pad 2 Pro 5G,印度版,xiaomi
2603ARP14C,pad,xiaomi,小米,P85,guitar,REDMI Pad 2 SE,国行版,xiaomi
2603ARP14G,pad,xiaomi,小米,P85,guitar,REDMI Pad 2 9.7,国际版,xiaomi
2604ERP4DC,pad,xiaomi,小米,P85X,erhu,REDMI Pad 2 SE 4G,国行版,xiaomi
2604ERP4DG,pad,xiaomi,小米,P85X,erhu,REDMI Pad 2 9.7 4G,国际版,xiaomi
2604ERP4DI,pad,xiaomi,小米,P85X,erhu,REDMI Pad 2 9.7 4G,印度版,xiaomi
25079RPDCC,pad,xiaomi,小米,O88,turner,REDMI K Pad,,xiaomi
26048RP6AC,pad,xiaomi,小米,P88,yili,REDMI K Pad 2,,xiaomi
M1805E10A,mob,xiaomi,小米,E10,beryllium,POCO F1,,xiaomi
M2004J11G,mob,xiaomi,小米,J11,lmi,POCO F2 Pro,国际版,xiaomi
M2012K11AG,mob,xiaomi,小米,K11A,alioth,POCO F3,国际版,xiaomi
M2104K10I,mob,xiaomi,小米,K10,"ares, aresin",POCO F3 GT,印度版,xiaomi
22021211RG,mob,xiaomi,小米,L11R,munch,POCO F4,国际版,xiaomi
22021211RI,mob,xiaomi,小米,L11R,munch,POCO F4,印度版,xiaomi
21121210G,mob,xiaomi,小米,L10,ingres,POCO F4 GT,国际版,xiaomi
23049PCD8G,mob,xiaomi,小米,M16T,marble,POCO F5,国际版,xiaomi
23049PCD8I,mob,xiaomi,小米,M16T,"marble, marblein",POCO F5,印度版,xiaomi
23013PC75G,mob,xiaomi,小米,M11A,mondrian,POCO F5 Pro,国际版,xiaomi
24069PC21G,mob,xiaomi,小米,N16T,peridot,POCO F6,国际版,xiaomi
24069PC21I,mob,xiaomi,小米,N16T,peridot,POCO F6,印度版,xiaomi
23113RKC6G,mob,xiaomi,小米,N11,vermeer,POCO F6 Pro,国际版,xiaomi
25053PC47G,mob,xiaomi,小米,O10U,onyx,POCO F7,国际版,xiaomi
25053PC47I,mob,xiaomi,小米,O10U,onyx,POCO F7,印度版,xiaomi
24117RK2CG,mob,xiaomi,小米,O11,zorn,POCO F7 Pro,国际版,xiaomi
24122RKC7G,mob,xiaomi,小米,O11U,miro,POCO F7 Ultra,国际版,xiaomi
2510DPC44G,mob,xiaomi,小米,P11,annibale,POCO F8 Pro,国际版,xiaomi
25102PCBEG,mob,xiaomi,小米,P11U,myron,POCO F8 Ultra,国际版,xiaomi
M1912G7BI,mob,xiaomi,小米,G7B,phoenixin,POCO X2,印度版,xiaomi
M2007J20CI,mob,xiaomi,小米,J20C,"surya, karna",POCO X3,印度版,xiaomi
M2007J20CG,mob,xiaomi,小米,J20C,surya,POCO X3 NFC,国际版,xiaomi
M2007J20CT,mob,xiaomi,小米,J20C,surya,POCO X3 NFC,泰国版,xiaomi
M2102J20SG,mob,xiaomi,小米,J20S,vayu,POCO X3 Pro,国际版,xiaomi
M2102J20SI,mob,xiaomi,小米,J20S,"vayu, bhima",POCO X3 Pro,印度版,xiaomi
21061110AG,mob,xiaomi,小米,K10A,chopin,POCO X3 GT,国际版,xiaomi
2201116PG,mob,xiaomi,小米,K6P,veux,POCO X4 Pro 5G,国际版,xiaomi
2201116PI,mob,xiaomi,小米,K6P,"veux, peux",POCO X4 Pro 5G,印度版,xiaomi
22041216G,mob,xiaomi,小米,L16,xaga,POCO X4 GT,国际版,xiaomi
22111317PG,mob,xiaomi,小米,M17P,moonstone,POCO X5 5G,国际版,xiaomi
22111317PI,mob,xiaomi,小米,M17P,moonstone,POCO X5 5G,印度版,xiaomi
22101320G,mob,xiaomi,小米,M20,redwood,POCO X5 Pro 5G,国际版,xiaomi
22101320I,mob,xiaomi,小米,M20,"redwood, redwoodin",POCO X5 Pro 5G,印度版,xiaomi
23122PCD1G,mob,xiaomi,小米,N16P,garnet,POCO X6 5G,国际版,xiaomi
23122PCD1I,mob,xiaomi,小米,N16P,garnet,POCO X6 5G,印度版,xiaomi
2311DRK48G,mob,xiaomi,小米,N11A,duchamp,POCO X6 Pro 5G,国际版,xiaomi
2311DRK48I,mob,xiaomi,小米,N11A,duchamp,POCO X6 Pro 5G,印度版,xiaomi
2312FRAFDI,mob,xiaomi,小米,N17A,gold,POCO X6 Neo,印度版,xiaomi
24095PCADG,mob,xiaomi,小米,O16P,malachite,POCO X7,国际版,xiaomi
24095PCADI,mob,xiaomi,小米,O16P,malachite,POCO X7,印度版,xiaomi
2412DPC0AG,mob,xiaomi,小米,O10,rodin,POCO X7 Pro,国际版,xiaomi
2412DPC0AI,mob,xiaomi,小米,O10,rodin,POCO X7 Pro,印度版,xiaomi
2607DPC18G,mob,xiaomi,小米,Q16,"iolite, moscow",POCO X8,国际版,xiaomi
2607DPC18I,mob,xiaomi,小米,Q16,"iolite, moscow",POCO X8,印度版,xiaomi
2511FPC34G,mob,xiaomi,小米,P10,klee,POCO X8 Pro,国际版,xiaomi
2511FPC34I,mob,xiaomi,小米,P10,klee,POCO X8 Pro,印度版,xiaomi
2602BPC18G,mob,xiaomi,小米,P10U,dash,POCO X8 Pro Max,国际版,xiaomi
2602BPC18I,mob,xiaomi,小米,P10U,dash,POCO X8 Pro Max,印度版,xiaomi
M2004J19PI,mob,xiaomi,小米,J19P,shiva,POCO M2,印度版,xiaomi
M2003J6CI,mob,xiaomi,小米,J6C,"gram, miatoll",POCO M2 Pro,印度版,xiaomi
M2010J19CG,mob,xiaomi,小米,J19C,citrus,POCO M3,国际版,xiaomi
M2010J19CT,mob,xiaomi,小米,J19C,citrus,POCO M3,泰国版,xiaomi
M2010J19CI,mob,xiaomi,小米,J19C,citrus,POCO M3,印度版,xiaomi
M2103K19PG,mob,xiaomi,小米,K19P,camellian,POCO M3 Pro 5G,国际版,xiaomi
M2103K19PY,mob,xiaomi,小米,K19P,camellian,POCO M3 Pro 5G,国际版,xiaomi
M2103K19PI,mob,xiaomi,小米,K19P,camellia,POCO M3 Pro 5G,印度版,xiaomi
22041219PG,mob,xiaomi,小米,L19P,"light, thunder",POCO M4 5G,国际版,xiaomi
22041219PI,mob,xiaomi,小米,L19P,light,POCO M4 5G,印度版,xiaomi
2201117PG,mob,xiaomi,小米,K7P,fleur,POCO M4 Pro,国际版,xiaomi
2201117PI,mob,xiaomi,小米,K7P,"fleur, miel",POCO M4 Pro,印度版,xiaomi
21091116AG,mob,xiaomi,小米,K16A,evergreen,POCO M4 Pro 5G,国际版,xiaomi
22031116AI,mob,xiaomi,小米,K16A,evergo,POCO M4 Pro 5G,印度版,xiaomi
22071219CG,mob,xiaomi,小米,L19C,"rock, stone",POCO M5,国际版,xiaomi
22071219CI,mob,xiaomi,小米,L19C,rock,POCO M5,印度版,xiaomi
2207117BPG,mob,xiaomi,小米,K7BP,"rosemary, rosemary_p",POCO M5s,国际版,xiaomi
2404APC5FG,mob,xiaomi,小米,N19AP,moon,POCO M6,国际版,xiaomi
23128PC33I,mob,xiaomi,小米,C3VP,air,POCO M6 5G,印度版,xiaomi
24066PC95I,mob,xiaomi,小米,N19P,breeze,POCO M6 Plus 5G,印度版,xiaomi
2312FPCA6G,mob,xiaomi,小米,N6P,emerald,POCO M6 Pro,国际版,xiaomi
23076PC4BI,mob,xiaomi,小米,M19P,sky,POCO M6 Pro 5G,印度版,xiaomi
25062PC34G,mob,xiaomi,小米,O19AP,creek,POCO M7,国际版,xiaomi
25062PC34E,mob,xiaomi,小米,O19AP,creek,POCO M7,欧洲版,xiaomi
24108PCE2I,mob,xiaomi,小米,C3FP,flame,POCO M7 5G,印度版,xiaomi
25057PC09I,mob,xiaomi,小米,O19,spring,POCO M7 Plus 5G,印度版,xiaomi
26067PC09G,mob,xiaomi,小米,O19,spring,POCO M8s 5G,国际版,xiaomi
26067PC09E,mob,xiaomi,小米,O19,spring,POCO M8s 5G,欧洲版,xiaomi
2409FPCC4G,mob,xiaomi,小米,O17P,"beryl, citrine",POCO M7 Pro 5G,国际版,xiaomi
25118PC98G,mob,xiaomi,小米,P17,kunzite,POCO M8 5G,国际版,xiaomi
25118PC98I,mob,xiaomi,小米,P17,kunzite,POCO M8 5G,印度版,xiaomi
2510EPC8BG,mob,xiaomi,小米,P16U,flourite,POCO M8 Pro 5G,国际版,xiaomi
26021PC18I,mob,xiaomi,小米,P19P,mist,POCO M8 Power,印度版,xiaomi
M2006C3MI,mob,xiaomi,小米,C3M,angelicain,POCO C3,印度版,xiaomi
211033MI,mob,xiaomi,小米,C3M2,angelicain,POCO C31,印度版,xiaomi
220333QPG,mob,xiaomi,小米,C3QP,frost,POCO C40,国际版,xiaomi
220333QPI,mob,xiaomi,小米,C3QP,frost,POCO C40,印度版,xiaomi
220733SPH,mob,xiaomi,小米,C3SP,"ice, snow",POCO C50,印度版,xiaomi
220733SPI,mob,xiaomi,小米,C3SP,"ice, snow",POCO C50,印度版,xiaomi
2305EPCC4G,mob,xiaomi,小米,CSP2,water,POCO C51,国际版,xiaomi
2302EPCC4H,mob,xiaomi,小米,CSP2,water,POCO C51,印度版,xiaomi
2302EPCC4I,mob,xiaomi,小米,CSP2,water,POCO C51,印度版,xiaomi
22127PC95G,mob,xiaomi,小米,C3TP,earth,POCO C55,国际版,xiaomi
22127PC95H,mob,xiaomi,小米,C3TP,earth,POCO C55,印度版,xiaomi
22127PC95I,mob,xiaomi,小米,C3TP,earth,POCO C55,印度版,xiaomi
2312BPC51X,mob,xiaomi,小米,C3YP,blue,POCO C61,国际版,xiaomi
2312BPC51H,mob,xiaomi,小米,C3YP,blue,POCO C61,印度版,xiaomi
2310FPCA4G,mob,xiaomi,小米,C3UP,"gale, gust",POCO C65,国际版,xiaomi
2310FPCA4I,mob,xiaomi,小米,C3UP,gale,POCO C65,印度版,xiaomi
25028PC03G,mob,xiaomi,小米,C3Z,serenity,POCO C71,国际版,xiaomi
25028PC03Y,mob,xiaomi,小米,C3Z,serenity,POCO C71,国际版,xiaomi
25028PC03I,mob,xiaomi,小米,C3Z,serenity,POCO C71,印度版,xiaomi
25028PC03L,mob,xiaomi,小米,C3Z,serenity,POCO C71,拉美版,xiaomi
2410FPCC5G,mob,xiaomi,小米,C3NP,lake,POCO C75,国际版,xiaomi
2410FPCC5I,mob,xiaomi,小米,C3NP,"lake, pond",POCO C75,印度版,xiaomi
24116PCC1I,mob,xiaomi,小米,C3F2,warm,POCO C75 5G,印度版,xiaomi
25128PC17G,mob,xiaomi,小米,P25A,arctic,POCO C81 Pro,国际版,xiaomi
25128PC17Y,mob,xiaomi,小米,P25A,arctic,POCO C81 Pro,国际版,xiaomi
25128PC17L,mob,xiaomi,小米,P25A,arctic,POCO C81 Pro,拉美版,xiaomi
25128PC17I,mob,xiaomi,小米,P25A,arctic,POCO C81,印度版,xiaomi
26020PCB4I,mob,xiaomi,小米,C3ZR,serenity,POCO C81x,印度版,xiaomi
25078PC3EG,mob,xiaomi,小米,P15A,dew,POCO C85,国际版,xiaomi
25078PC3EE,mob,xiaomi,小米,P15A,dew,POCO C85,欧洲版,xiaomi
2508CPC2BI,mob,xiaomi,小米,P15,tornado,POCO C85 5G,印度版,xiaomi
26020PC1AI,mob,xiaomi,小米,P25,somalia,POCO C85x 5G,印度版,xiaomi
2405CPCFBG,pad,xiaomi,小米,N83P,dizi,POCO Pad,Wi-Fi 国际版,xiaomi
24074PCD2I,pad,xiaomi,小米,N83U,ruan,POCO Pad 5G,印度版,xiaomi
25099RP08G,pad,xiaomi,小米,O82P,uke,POCO Pad X1,国际版,xiaomi
2509ARPBDG,pad,xiaomi,小米,P83P,flute,POCO Pad M1,国际版,xiaomi
2603APC14G,pad,xiaomi,小米,P85,guitar,POCO Pad C1,国际版,xiaomi
FYJ01QP,mob,xiaomi,小米,,Babel,小米米家翻译机,,xiaomi
21051191C,accessory,xiaomi,小米,K91,,CyberDog 仿生四足机器人,,xiaomi
2405AVPB7C,ivi,xiaomi,小米,,,小米澎湃智能座舱,第一代 SU7/SU7 Ultra,xiaomi
25033VP3FC,ivi,xiaomi,小米,,suiren,小米澎湃智能座舱,YU7/新一代 SU7,xiaomi
2503CVPC6C,mob,xiaomi,小米,P802,konghou,小米汽车后排移动控制屏,,xiaomi
MI-ONE PLUS,mob,xiaomi,小米,X1,mione_plus,小米 1,联通版,xiaomi_cn
MI-ONE C1,mob,xiaomi,小米,X1,mione_plus,小米 1,电信版,xiaomi_cn
MI-ONE,mob,xiaomi,小米,X1,mione_plus,小米 1,青春版,xiaomi_cn
2012051,mob,xiaomi,小米,X1,mione_plus,小米 1S,联通版,xiaomi_cn
2012053,mob,xiaomi,小米,X1,mione_plus,小米 1S,电信版,xiaomi_cn
2012052,mob,xiaomi,小米,X1,mione_plus,小米 1S,青春版,xiaomi_cn
2012061,mob,xiaomi,小米,X2,aries,小米 2,联通版,xiaomi_cn
2012062,mob,xiaomi,小米,X2,aries,小米 2,电信版,xiaomi_cn
2013012,mob,xiaomi,小米,X2,aries,小米 2S,联通版,xiaomi_cn
2013021,mob,xiaomi,小米,X2,aries,小米 2S,电信版,xiaomi_cn
2012121,mob,xiaomi,小米,X2A,taurus,小米 2A,联通版,xiaomi_cn
2013061,mob,xiaomi,小米,X3TD,pisces,小米 3,移动版,xiaomi_cn
2013062,mob,xiaomi,小米,X3W,cancro,小米 3,联通版,xiaomi_cn
2013063,mob,xiaomi,小米,X3W,cancro,小米 3,电信版,xiaomi_cn
2014215,mob,xiaomi,小米,X4,cancro,小米 4,联通 3G 版,xiaomi_cn
2014218,mob,xiaomi,小米,X4,cancro,小米 4,电信 3G 版,xiaomi_cn
2014216,mob,xiaomi,小米,X4,cancro,小米 4,移动 4G 版,xiaomi_cn
2014719,mob,xiaomi,小米,X4,cancro,小米 4,联通 4G 版,xiaomi_cn
2014716,mob,xiaomi,小米,X4LTE-CT,cancro_lte_ct,小米 4,电信 4G 版,xiaomi_cn
2014726,mob,xiaomi,小米,X4LTE-CT,cancro_lte_ct,小米 4,电信 4G 合约版,xiaomi_cn
2015561,mob,xiaomi,小米,X11,libra,小米 4c,全网通版,xiaomi_cn
2015562,mob,xiaomi,小米,X11,libra,小米 4c,移动合约版,xiaomi_cn
2015911,mob,xiaomi,小米,A10,aqua,小米 4S,,xiaomi_cn
2015201,mob,xiaomi,小米,A1,gemini,小米 5,标准版,xiaomi_cn
2015628,mob,xiaomi,小米,A1,gemini,小米 5,高配版 / 尊享版,xiaomi_cn
2015711,mob,xiaomi,小米,A7,capricorn,小米 5s,,xiaomi_cn
2016070,mob,xiaomi,小米,B7,natrium,小米 5s Plus,,xiaomi_cn
2016089,mob,xiaomi,小米,C10,meri,小米 5c,,xiaomi_cn
MDE2,mob,xiaomi,小米,D2,tiffany,小米 5X,全网通版,xiaomi_cn
MDT2,mob,xiaomi,小米,D2,tiffany,小米 5X,移动 4G+ 版,xiaomi_cn
MCE16,mob,xiaomi,小米,C1,sagit,小米 6,全网通版,xiaomi_cn
MCT1,mob,xiaomi,小米,C1,sagit,小米 6,移动 4G+ 版,xiaomi_cn
M1804D2SE,mob,xiaomi,小米,D2S,wayne,小米 6X,全网通版,xiaomi_cn
M1804D2ST,mob,xiaomi,小米,D2S,wayne,小米 6X,移动 4G+ 版,xiaomi_cn
M1804D2SC,mob,xiaomi,小米,D2S,wayne,小米 6X,联通电信定制版,xiaomi_cn
M1803E1A,mob,xiaomi,小米,E1,dipper,小米 8,全网通版,xiaomi_cn
M1803E1T,mob,xiaomi,小米,E1,dipper,小米 8,移动 4G+ 版,xiaomi_cn
M1803E1C,mob,xiaomi,小米,E1,dipper,小米 8,联通电信定制版,xiaomi_cn
M1807E8S,mob,xiaomi,小米,E8,ursa,小米 8 透明探索版,,xiaomi_cn
M1807E8A,mob,xiaomi,小米,E1S,equuleus,小米 8 屏幕指纹版,,xiaomi_cn
M1805E2A,mob,xiaomi,小米,E2,sirius,小米 8 SE,,xiaomi_cn
M1808D2TE,mob,xiaomi,小米,D2T,platina,小米 8 青春版,全网通版,xiaomi_cn
M1808D2TT,mob,xiaomi,小米,D2T,platina,小米 8 青春版,移动 4G+ 版,xiaomi_cn
M1808D2TC,mob,xiaomi,小米,D2T,platina,小米 8 青春版,联通电信定制版,xiaomi_cn
M1902F1A,mob,xiaomi,小米,F1,cepheus,小米 9,全网通版,xiaomi_cn
M1902F1T,mob,xiaomi,小米,F1,cepheus,小米 9,移动 4G+ 版,xiaomi_cn
M1902F1C,mob,xiaomi,小米,F1,cepheus,小米 9,联通电信定制版,xiaomi_cn
M1908F1XE,mob,xiaomi,小米,F1X,crux,小米 9 Pro,5G,xiaomi_cn
M1903F2A,mob,xiaomi,小米,F2,grus,小米 9 SE,,xiaomi_cn
M2001J2E,mob,xiaomi,小米,J2,umi,小米 10,,xiaomi_cn
M2001J2C,mob,xiaomi,小米,J2,umi,小米 10,,xiaomi_cn
M2001J1E,mob,xiaomi,小米,J1,cmi,小米 10 Pro,,xiaomi_cn
M2001J1C,mob,xiaomi,小米,J1,cmi,小米 10 Pro,,xiaomi_cn
M2002J9E,mob,xiaomi,小米,J9A,vangogh,小米 10 青春版,,xiaomi_cn
M2007J1SC,mob,xiaomi,小米,J1S,cas,小米 10 至尊纪念版,,xiaomi_cn
M2102J2SC,mob,xiaomi,小米,J2S,thyme,小米 10S,,xiaomi_cn
M2011K2C,mob,xiaomi,小米,K2,venus,小米 11,,xiaomi_cn
M2102K1AC,mob,xiaomi,小米,K1A,"star, mars",小米 11 Pro,,xiaomi_cn
M2102K1C,mob,xiaomi,小米,K1,star,小米 11 Ultra,,xiaomi_cn
M2101K9C,mob,xiaomi,小米,K9,renoir,小米 11 青春版,,xiaomi_cn
2107119DC,mob,xiaomi,小米,K9D,lisa,Xiaomi 11 青春活力版,,xiaomi_cn
2201123C,mob,xiaomi,小米,L3,cupid,Xiaomi 12,,xiaomi_cn
2112123AC,mob,xiaomi,小米,L3A,psyche,Xiaomi 12X,,xiaomi_cn
2201122C,mob,xiaomi,小米,L2,zeus,Xiaomi 12 Pro,,xiaomi_cn
2207122MC,mob,xiaomi,小米,L2M,daumier,Xiaomi 12 Pro 天玑版,,xiaomi_cn
2206123SC,mob,xiaomi,小米,L3S,mayfly,Xiaomi 12S,,xiaomi_cn
2206122SC,mob,xiaomi,小米,L2S,unicorn,Xiaomi 12S Pro,,xiaomi_cn
2203121C,mob,xiaomi,小米,L1,thor,Xiaomi 12S Ultra,,xiaomi_cn
2211133C,mob,xiaomi,小米,M3,fuxi,Xiaomi 13,,xiaomi_cn
2210132C,mob,xiaomi,小米,M2,nuwa,Xiaomi 13 Pro,,xiaomi_cn
2304FPN6DC,mob,xiaomi,小米,M1,ishtar,Xiaomi 13 Ultra,,xiaomi_cn
23127PN0CC,mob,xiaomi,小米,N3,houji,Xiaomi 14,,xiaomi_cn
23116PN5BC,mob,xiaomi,小米,N2,shennong,Xiaomi 14 Pro,,xiaomi_cn
23116PN5BC,mob,xiaomi,小米,N2,shennong,Xiaomi 14 Pro,钛金属版,xiaomi_cn
2311BPN23C,mob,xiaomi,小米,N2T,"shennong, shennong_t",Xiaomi 14 Pro,钛金属版 (卫星通讯),xiaomi_cn
24031PN0DC,mob,xiaomi,小米,N1,"aurora, aurorapro",Xiaomi 14 Ultra,,xiaomi_cn
24129PN74C,mob,xiaomi,小米,O3,dada,Xiaomi 15,,xiaomi_cn
2410DPN6CC,mob,xiaomi,小米,O2,haotian,Xiaomi 15 Pro,,xiaomi_cn
25019PNF3C,mob,xiaomi,小米,O1,xuanyuan,Xiaomi 15 Ultra,,xiaomi_cn
25010PN30C,mob,xiaomi,小米,O1,xuanyuan,Xiaomi 15 Ultra,双卫星版,xiaomi_cn
25042PN24C,mob,xiaomi,小米,O2S,dijun,Xiaomi 15S Pro,,xiaomi_cn
25113PN0EC,mob,xiaomi,小米,P3,pudding,Xiaomi 17,,xiaomi_cn
25098PN5AC,mob,xiaomi,小米,Q200,pandora,Xiaomi 17 Pro,,xiaomi_cn
2509FPN0BC,mob,xiaomi,小米,P2,popsicle,Xiaomi 17 Pro Max,,xiaomi_cn
2512BPNDAC,mob,xiaomi,小米,P1,nezha,Xiaomi 17 Ultra,,xiaomi_cn
2512BPNDAC,mob,xiaomi,小米,P1,nezha,Xiaomi 17 Ultra by Leica,非卫星,xiaomi_cn
25128PNA1C,mob,xiaomi,小米,P1S,nezha,Xiaomi 17 Ultra by Leica,卫星通讯,xiaomi_cn
2605EPN8EC,mob,xiaomi,小米,P3S,byron,Xiaomi 17 Max,,xiaomi_cn
M531DA,mob,xiaomi,小米,P12A,chagall,Xiaomi 17T,,xiaomi_cn
M025EC,mob,xiaomi,小米,P12U,warhol,Xiaomi 17T Pro,,xiaomi_cn
2014616,mob,xiaomi,小米,X5,virgo,小米 Note,双网通版,xiaomi_cn
2014619,mob,xiaomi,小米,X5,virgo,小米 Note,全网通版,xiaomi_cn
2014618,mob,xiaomi,小米,X5,virgo,小米 Note,移动合约版,xiaomi_cn
2014617,mob,xiaomi,小米,X5,virgo,小米 Note,联通合约版,xiaomi_cn
2015021,mob,xiaomi,小米,X7,leo,小米 Note 顶配版,双网通版,xiaomi_cn
2015022,mob,xiaomi,小米,X7,leo,小米 Note 顶配版,全网通版,xiaomi_cn
2015501,mob,xiaomi,小米,X7,leo,小米 Note 顶配版,移动合约版,xiaomi_cn
2015211,mob,xiaomi,小米,A4,scorpio,小米 Note 2,全网通版,xiaomi_cn
2015212,mob,xiaomi,小米,A4,scorpio,小米 Note 2,移动 4G+ 版,xiaomi_cn
2015213,mob,xiaomi,小米,A4,scorpio,小米 Note 2,全球频段,xiaomi_cn
MCE8,mob,xiaomi,小米,C8,jason,小米 Note 3,全网通版,xiaomi_cn
MCT8,mob,xiaomi,小米,C8,jason,小米 Note 3,移动 4G+ 版,xiaomi_cn
2016080,mob,xiaomi,小米,A8,lithium,小米 MIX,,xiaomi_cn
MDE5,mob,xiaomi,小米,D5,chiron,小米 MIX 2,黑色陶瓷版 全网通版,xiaomi_cn
MDT5,mob,xiaomi,小米,D5,chiron,小米 MIX 2,黑色陶瓷版 移动 4G+ 版,xiaomi_cn
MDE5S,mob,xiaomi,小米,D5,chiron,小米 MIX 2,全陶瓷尊享版,xiaomi_cn
M1803D5XE,mob,xiaomi,小米,D5X,polaris,小米 MIX 2S,全网通版,xiaomi_cn
M1803D5XA,mob,xiaomi,小米,D5X,polaris,小米 MIX 2S,尊享版 (全球频段),xiaomi_cn
M1803D5XT,mob,xiaomi,小米,D5X,polaris,小米 MIX 2S,移动 4G+ 版,xiaomi_cn
M1803D5XC,mob,xiaomi,小米,D5X,polaris,小米 MIX 2S,联通电信定制版,xiaomi_cn
M1810E5E,mob,xiaomi,小米,E5,perseus,小米 MIX 3,,xiaomi_cn
M1810E5A,mob,xiaomi,小米,E5,perseus,小米 MIX 3,全球频段,xiaomi_cn
M1810E5GG,mob,xiaomi,小米,E5G,andromeda,小米 MIX 3 5G,,xiaomi_cn
2106118C,mob,xiaomi,小米,K8,odin,Xiaomi MIX 4,,xiaomi_cn
M2011J18C,mob,xiaomi,小米,J18,cetus,MIX FOLD 小米折叠屏手机,,xiaomi_cn
22061218C,mob,xiaomi,小米,L18,zizhan,Xiaomi MIX Fold 2,,xiaomi_cn
2308CPXD0C,mob,xiaomi,小米,M18,babylon,Xiaomi MIX Fold 3,,xiaomi_cn
24072PX77C,mob,xiaomi,小米,N18,goku,Xiaomi MIX Fold 4,,xiaomi_cn
2405CPX3DC,mob,xiaomi,小米,N8,ruyi,Xiaomi MIX Flip,,xiaomi_cn
2505APX7BC,mob,xiaomi,小米,O8,bixi,Xiaomi MIX Flip 2,,xiaomi_cn
2016001,mob,xiaomi,小米,B3,hydrogen,小米 Max,标准版,xiaomi_cn
2016007,mob,xiaomi,小米,B3_PRO,helium,小米 Max,高配版,xiaomi_cn
MDE40,mob,xiaomi,小米,D4,oxygen,小米 Max 2,全网通版,xiaomi_cn
MDT4,mob,xiaomi,小米,D4,oxygen,小米 Max 2,移动 4G+ 版,xiaomi_cn
M1804E4A,mob,xiaomi,小米,E4,nitrogen,小米 Max 3,全网通版,xiaomi_cn
M1804E4T,mob,xiaomi,小米,E4,nitrogen,小米 Max 3,移动 4G+ 版,xiaomi_cn
M1804E4C,mob,xiaomi,小米,E4,nitrogen,小米 Max 3,联通电信定制版,xiaomi_cn
M1904F3BC,mob,xiaomi,小米,F3B,pyxis,小米 CC9,,xiaomi_cn
M1904F3BT,mob,xiaomi,小米,F3M,vela,小米 CC9 美图定制版,,xiaomi_cn
M1906F9SC,mob,xiaomi,小米,F9S,laurus,小米 CC9e,,xiaomi_cn
M1910F4E,mob,xiaomi,小米,F4,tucana,小米 CC9 Pro,,xiaomi_cn
2109119BC,mob,xiaomi,小米,K9B,mona,Xiaomi Civi,,xiaomi_cn
2109119BC,mob,xiaomi,小米,K9E,zijin,Xiaomi Civi 1S,,xiaomi_cn
2209129SC,mob,xiaomi,小米,L9S,ziyi,Xiaomi Civi 2,,xiaomi_cn
23046PNC9C,mob,xiaomi,小米,M9,yuechu,Xiaomi Civi 3,,xiaomi_cn
24053PY09C,mob,xiaomi,小米,N9,chenfeng,Xiaomi Civi 4 Pro,,xiaomi_cn
25067PYE3C,mob,xiaomi,小米,O9,luming,Xiaomi Civi 5 Pro,,xiaomi_cn
M1901F9E,mob,xiaomi,小米,F9,lotus,小米 Play,全网通版,xiaomi_cn
M1901F9T,mob,xiaomi,小米,F9,lotus,小米 Play,移动 4G+ 版,xiaomi_cn
A0101,pad,xiaomi,小米,X6,mocha,小米平板,,xiaomi_cn
2015716,pad,xiaomi,小米,A3,latte,小米平板 2,,xiaomi_cn
MCE91,pad,xiaomi,小米,C9,cappu,小米平板 3,,xiaomi_cn
M1806D9W,pad,xiaomi,小米,D9,clover,小米平板 4,Wi-Fi 版,xiaomi_cn
M1806D9E,pad,xiaomi,小米,D9,clover,小米平板 4,LTE 版,xiaomi_cn
M1806D9PE,pad,xiaomi,小米,D9P,clover,小米平板 4 Plus,LTE 版,xiaomi_cn
21051182C,pad,xiaomi,小米,K82,nabu,小米平板 5,,xiaomi_cn
M2105K81AC,pad,xiaomi,小米,K81A,elish,小米平板 5 Pro,Wi-Fi 版,xiaomi_cn
M2105K81C,pad,xiaomi,小米,K81,enuma,小米平板 5 Pro 5G,,xiaomi_cn
22081281AC,pad,xiaomi,小米,L81A,dagu,小米平板 5 Pro,12.4 英寸,xiaomi_cn
23043RP34C,pad,xiaomi,小米,M82,pipa,Xiaomi Pad 6,,xiaomi_cn
23046RP50C,pad,xiaomi,小米,M81,liuqin,Xiaomi Pad 6 Pro,,xiaomi_cn
2307BRPDCC,pad,xiaomi,小米,M80,yudi,Xiaomi Pad 6 Max,14,xiaomi_cn
24018RPACC,pad,xiaomi,小米,N81A,sheng,Xiaomi Pad 6S Pro,12.4,xiaomi_cn
2410CRP4CC,pad,xiaomi,小米,O82,uke,Xiaomi Pad 7,,xiaomi_cn
24091RPADC,pad,xiaomi,小米,O81,muyu,Xiaomi Pad 7 Pro,,xiaomi_cn
25032RP42C,pad,xiaomi,小米,O80,jinghu,Xiaomi Pad 7 Ultra,,xiaomi_cn
25053RP5CC,pad,xiaomi,小米,O81A,violin,Xiaomi Pad 7S Pro 12.5,,xiaomi_cn
25097RP43C,pad,xiaomi,小米,P82,yupei,Xiaomi Pad 8,,xiaomi_cn
25091RP04C,pad,xiaomi,小米,P81,piano,Xiaomi Pad 8 Pro,,xiaomi_cn
2013022,mob,xiaomi,小米,H2TD,"wt93007, HM2013022",红米手机,移动版,xiaomi_cn
2013023,mob,xiaomi,小米,H2W,"wt98007, HM2013023",红米手机,联通版,xiaomi_cn
2013029,mob,xiaomi,小米,H2A,armani,红米 1S,联通版,xiaomi_cn
2013028,mob,xiaomi,小米,H2A,armani,红米 1S,电信版,xiaomi_cn
2014011,mob,xiaomi,小米,H2S,"wt93807, HM2014011",红米 1S,移动 3G 版,xiaomi_cn
2014501,mob,xiaomi,小米,H2SLTE,"wt96007, HM2014501",红米 1S,移动 4G 版,xiaomi_cn
2014813,mob,xiaomi,小米,H2X,"wt86047, HM2014813",红米 2,移动版,xiaomi_cn
2014112,mob,xiaomi,小米,H2X,"wt86047, HM2014813",红米 2,移动合约版,xiaomi_cn
2014811,mob,xiaomi,小米,H2X,"wt88047, HM2014811",红米 2,联通版,xiaomi_cn
2014812,mob,xiaomi,小米,H2X,"wt88047, HM2014811",红米 2,电信版,xiaomi_cn
2014821,mob,xiaomi,小米,H2X,"wt88047, HM2014811",红米 2,电信合约版,xiaomi_cn
2014502,mob,xiaomi,小米,H2X(LC),lte26007,红米 2A,标准版,xiaomi_cn
2014512,mob,xiaomi,小米,H2X(LC),lte26007,红米 2A,增强版,xiaomi_cn
2014055,mob,xiaomi,小米,H2X(LC),lte26007,红米 2A,增强版,xiaomi_cn
2014816,mob,xiaomi,小米,H2X,"wt86047, HM2014813",红米 2A,高配版,xiaomi_cn
2015811,mob,xiaomi,小米,A9,"ido_xhdpi, ido",红米 3,全网通 标准版,xiaomi_cn
2015815,mob,xiaomi,小米,A9,"ido_xhdpi, ido",红米 3,全网通 标准版,xiaomi_cn
2015812,mob,xiaomi,小米,A9,"ido_xhdpi, ido",红米 3,移动合约 标准版,xiaomi_cn
2015810,mob,xiaomi,小米,A9,"ido_xhdpi, ido",红米 3,联通合约 标准版,xiaomi_cn
2015817,mob,xiaomi,小米,A9,"ido_xhdpi, ido",红米 3,全网通 高配版,xiaomi_cn
2015819,mob,xiaomi,小米,A9,"ido_xhdpi, ido",红米 3,全网通 高配版,xiaomi_cn
2015818,mob,xiaomi,小米,A9,"ido_xhdpi, ido",红米 3,联通合约 高配版,xiaomi_cn
2016030,mob,xiaomi,小米,A12,land,红米 3S,,xiaomi_cn
2016036,mob,xiaomi,小米,A12,land,红米 3X,全网通版,xiaomi_cn
2016035,mob,xiaomi,小米,A12,land,红米 3X,移动合约版,xiaomi_cn
2016033,mob,xiaomi,小米,A12,land,红米 3X,全网通版 (联通定制),xiaomi_cn
2016090,mob,xiaomi,小米,C5,prada,红米 4,标准版,xiaomi_cn
2016060,mob,xiaomi,小米,B5W,markw,红米 4,高配版,xiaomi_cn
2016111,mob,xiaomi,小米,C3A,rolex,红米 4A,全网通版,xiaomi_cn
2016112,mob,xiaomi,小米,C3A,rolex,红米 4A,移动 4G+ 版,xiaomi_cn
MAE136,mob,xiaomi,小米,A13,santoni,红米 4X,全网通版,xiaomi_cn
MAT136,mob,xiaomi,小米,A13,santoni,红米 4X,移动 4G+ 版,xiaomi_cn
MDE1,mob,xiaomi,小米,D1,rosy,红米 5,全网通版,xiaomi_cn
MDT1,mob,xiaomi,小米,D1,rosy,红米 5,移动 4G+ 版,xiaomi_cn
MEE7,mob,xiaomi,小米,E7,vince,红米 5 Plus,全网通版,xiaomi_cn
MET7,mob,xiaomi,小米,E7,vince,红米 5 Plus,移动 4G+ 版,xiaomi_cn
MCE3B,mob,xiaomi,小米,C3B,riva,红米 5A,全网通版,xiaomi_cn
MCT3B,mob,xiaomi,小米,C3B,riva,红米 5A,移动 4G+ 版,xiaomi_cn
M1804C3DE,mob,xiaomi,小米,C3D,cereus,红米 6,全网通版,xiaomi_cn
M1804C3DT,mob,xiaomi,小米,C3D,cereus,红米 6,移动 4G+ 版,xiaomi_cn
M1804C3DC,mob,xiaomi,小米,C3D,cereus,红米 6,联通电信定制版,xiaomi_cn
M1805D1SE,mob,xiaomi,小米,D1S,sakura,红米 6 Pro,全网通版,xiaomi_cn
M1805D1ST,mob,xiaomi,小米,D1S,sakura,红米 6 Pro,移动 4G+ 版,xiaomi_cn
M1805D1SC,mob,xiaomi,小米,D1S,sakura,红米 6 Pro,联通电信定制版,xiaomi_cn
M1804C3CE,mob,xiaomi,小米,C3C,cactus,红米 6A,全网通版,xiaomi_cn
M1804C3CT,mob,xiaomi,小米,C3C,cactus,红米 6A,移动 4G+ 版,xiaomi_cn
M1804C3CC,mob,xiaomi,小米,C3C,cactus,红米 6A,联通电信定制版,xiaomi_cn
M1810F6LE,mob,xiaomi,小米,F6L,onclite,Redmi 7,全网通版,xiaomi_cn
M1810F6LT,mob,xiaomi,小米,F6L,onclite,Redmi 7,运营商全网通版,xiaomi_cn
M1903C3EE,mob,xiaomi,小米,C3E,pine,Redmi 7A,全网通版,xiaomi_cn
M1903C3ET,mob,xiaomi,小米,C3E,pine,Redmi 7A,移动 4G+ 版,xiaomi_cn
M1903C3EC,mob,xiaomi,小米,C3E,pine,Redmi 7A,联通电信定制版,xiaomi_cn
M1908C3IE,mob,xiaomi,小米,C3I,olive,Redmi 8,全网通版,xiaomi_cn
M1908C3IC,mob,xiaomi,小米,C3I,olive,Redmi 8,运营商全网通版,xiaomi_cn
M1908C3KE,mob,xiaomi,小米,C3K,olivelite,Redmi 8A,,xiaomi_cn
M2004J19C,mob,xiaomi,小米,J19,lancelot,Redmi 9,,xiaomi_cn
M2006C3LC,mob,xiaomi,小米,C3L,dandelion,Redmi 9A,,xiaomi_cn
220233L2C,mob,xiaomi,小米,C3L2,dandelion,Redmi 10A,,xiaomi_cn
23077RABDC,mob,xiaomi,小米,M19P,"sky, river",Redmi 12 5G,,xiaomi_cn
23076RA4BC,mob,xiaomi,小米,M19,sky,Redmi 12R,,xiaomi_cn
22120RN86C,mob,xiaomi,小米,C3T,earth,Redmi 12C,,xiaomi_cn
23124RN87C,mob,xiaomi,小米,C3V,air,Redmi 13C 5G,,xiaomi_cn
23124RN87C,mob,xiaomi,小米,C3V,air,Redmi 13R 5G,,xiaomi_cn
2409BRN2CC,mob,xiaomi,小米,C3N,"lake, pond",Redmi 14C,,xiaomi_cn
2409BRN2CC,mob,xiaomi,小米,C3N,"lake, pond",REDMI 17C,,xiaomi_cn
2411DRN47C,mob,xiaomi,小米,C3F,flame,Redmi 14R 5G,,xiaomi_cn
25082RNC1C,mob,xiaomi,小米,P15X,tornado,REDMI 15R 5G,,xiaomi_cn
2602BRNA4C,mob,xiaomi,小米,P25,somalia,REDMI 17 5G,,xiaomi_cn
2014018,mob,xiaomi,小米,H3W,lcsh92_wet_gb9,红米 Note,联通 3G 标准版,xiaomi_cn
2013121,mob,xiaomi,小米,H3W,lcsh92_wet_gb9,红米 Note,联通 3G 增强版,xiaomi_cn
2014017,mob,xiaomi,小米,H3TD,lcsh92_wet_xm_td,红米 Note,移动 3G 标准版,xiaomi_cn
2013122,mob,xiaomi,小米,H3TD,lcsh92_wet_xm_td,红米 Note,移动 3G 增强版,xiaomi_cn
2014022,mob,xiaomi,小米,H3LTE,dior,红米 Note,移动 4G 增强版,xiaomi_cn
2014021,mob,xiaomi,小米,H3LTE,dior,红米 Note,联通 4G 增强版,xiaomi_cn
2014915,mob,xiaomi,小米,H3X,gucci,红米 Note 1S,移动 4G 双卡版,xiaomi_cn
2014912,mob,xiaomi,小米,H3X,gucci,红米 Note 1S,联通 4G 双卡版,xiaomi_cn
2014916,mob,xiaomi,小米,H3X,gucci,红米 Note 1S,电信 4G 双卡版,xiaomi_cn
2014911,mob,xiaomi,小米,H3X,gucci,红米 Note 1S,移动 4G 双卡合约版,xiaomi_cn
2014910,mob,xiaomi,小米,H3X,gucci,红米 Note 1S,电信 4G 双卡合约版,xiaomi_cn
2015052,mob,xiaomi,小米,H3Y,hermes,红米 Note 2,移动版,xiaomi_cn
2015051,mob,xiaomi,小米,H3Y,hermes,红米 Note 2,双网通版,xiaomi_cn
2015712,mob,xiaomi,小米,H3Y,hermes,红米 Note 2,双网通高配版,xiaomi_cn
2015055,mob,xiaomi,小米,H3Y,hermes,红米 Note 2,移动合约版,xiaomi_cn
2015056,mob,xiaomi,小米,H3Y,hermes,红米 Note 2,移动合约高配版,xiaomi_cn
2015617,mob,xiaomi,小米,H3Z,hennessy,红米 Note 3,双网通版,xiaomi_cn
2015611,mob,xiaomi,小米,H3Z,hennessy,红米 Note 3,移动合约版,xiaomi_cn
2015112,mob,xiaomi,小米,H3A,kenzo,红米 Note 3,,xiaomi_cn
2015115,mob,xiaomi,小米,H3A,kenzo,红米 Note 3,,xiaomi_cn
2016050,mob,xiaomi,小米,B6L,nikel,红米 Note 4,全网通版,xiaomi_cn
2016051,mob,xiaomi,小米,B6L,nikel,红米 Note 4,移动版,xiaomi_cn
2016101,mob,xiaomi,小米,C6,mido,红米 Note 4X,高通 全网通版,xiaomi_cn
2016130,mob,xiaomi,小米,C6,mido,红米 Note 4X,高通 移动 4G+ 版,xiaomi_cn
MBE6A5,mob,xiaomi,小米,B6A,nikel,红米 Note 4X,MTK 全网通版,xiaomi_cn
MBT6A5,mob,xiaomi,小米,B6A,nikel,红米 Note 4X,MTK 移动 4G+ 版,xiaomi_cn
MEE7S,mob,xiaomi,小米,E7S,whyred,红米 Note 5,全网通版,xiaomi_cn
MET7S,mob,xiaomi,小米,E7S,whyred,红米 Note 5,移动 4G+ 版,xiaomi_cn
MEC7S,mob,xiaomi,小米,E7S,whyred,红米 Note 5,联通电信定制版,xiaomi_cn
MDE6,mob,xiaomi,小米,D6,ugglite,红米 Note 5A,全网通 标准版,xiaomi_cn
MDT6,mob,xiaomi,小米,D6,ugglite,红米 Note 5A,移动 4G+ 标准版,xiaomi_cn
MDE6S,mob,xiaomi,小米,D6S,ugg,红米 Note 5A,全网通 高配版,xiaomi_cn
MDT6S,mob,xiaomi,小米,D6S,ugg,红米 Note 5A,移动 4G+ 高配版,xiaomi_cn
M1901F7E,mob,xiaomi,小米,F7A,lavender,Redmi Note 7,全网通版,xiaomi_cn
M1901F7T,mob,xiaomi,小米,F7A,lavender,Redmi Note 7,移动 4G+ 版,xiaomi_cn
M1901F7C,mob,xiaomi,小米,F7A,lavender,Redmi Note 7,联通电信定制版,xiaomi_cn
M1901F7BE,mob,xiaomi,小米,F7B,violet,Redmi Note 7 Pro,,xiaomi_cn
M1908C3JE,mob,xiaomi,小米,C3J,ginkgo,Redmi Note 8,全网通版,xiaomi_cn
M1908C3JC,mob,xiaomi,小米,C3J,ginkgo,Redmi Note 8,运营商全网通版,xiaomi_cn
M1906G7E,mob,xiaomi,小米,G7,begonia,Redmi Note 8 Pro,全网通版,xiaomi_cn
M1906G7T,mob,xiaomi,小米,G7,begonia,Redmi Note 8 Pro,运营商全网通版,xiaomi_cn
M2010J19SC,mob,xiaomi,小米,J19S,lime,Redmi Note 9 4G,,xiaomi_cn
M2007J22C,mob,xiaomi,小米,J22,cannon,Redmi Note 9 5G,,xiaomi_cn
M2007J17C,mob,xiaomi,小米,J17,"gauguin, gauguinpro",Redmi Note 9 Pro,5G,xiaomi_cn
M2103K19C,mob,xiaomi,小米,K19,camellia,Redmi Note 10 5G,,xiaomi_cn
M2103K19C,mob,xiaomi,小米,K19,camellia,Redmi Note 11SE,,xiaomi_cn
M2104K10AC,mob,xiaomi,小米,K10A,chopin,Redmi Note 10 Pro,,xiaomi_cn
21121119SC,mob,xiaomi,小米,K19S,"selene, selenes",Redmi Note 11 4G,,xiaomi_cn
21091116AC,mob,xiaomi,小米,K16A,evergo,Redmi Note 11 5G,,xiaomi_cn
22041219C,mob,xiaomi,小米,L19,light,Redmi Note 11E 5G,,xiaomi_cn
21091116C,mob,xiaomi,小米,K16,pissarro,Redmi Note 11 Pro,,xiaomi_cn
2201116SC,mob,xiaomi,小米,K6S,veux,Redmi Note 11E Pro,,xiaomi_cn
21091116UC,mob,xiaomi,小米,K16U,"pissarro, pissarropro",Redmi Note 11 Pro+,,xiaomi_cn
22041216C,mob,xiaomi,小米,L16,xaga,Redmi Note 11T Pro,,xiaomi_cn
22041216UC,mob,xiaomi,小米,L16U,"xaga, xagapro",Redmi Note 11T Pro+,,xiaomi_cn
22095RA98C,mob,xiaomi,小米,L19X,"light, lightcm",Redmi Note 11R,5G,xiaomi_cn
22101317C,mob,xiaomi,小米,M17,sunstone,Redmi Note 12 5G,,xiaomi_cn
22101317C,mob,xiaomi,小米,M17,sunstone,Redmi Note 12R Pro,,xiaomi_cn
23076RA4BC,mob,xiaomi,小米,M19,sky,Redmi Note 12R,,xiaomi_cn
22101316C,mob,xiaomi,小米,M16,ruby,Redmi Note 12 Pro,,xiaomi_cn
22101316UCP,mob,xiaomi,小米,M16U,"ruby, rubypro",Redmi Note 12 Pro+,,xiaomi_cn
22101316UC,mob,xiaomi,小米,M16U,"ruby, rubyplus",Redmi Note 12 探索版,,xiaomi_cn
22101320C,mob,xiaomi,小米,M20,redwood,Redmi Note 12 Pro 极速版,,xiaomi_cn
23054RA19C,mob,xiaomi,小米,L16S,pearl,Redmi Note 12T Pro,,xiaomi_cn
23049RAD8C,mob,xiaomi,小米,M16T,marble,Redmi Note 12 Turbo,,xiaomi_cn
2312DRAABC,mob,xiaomi,小米,N17,gold,Redmi Note 13 5G,,xiaomi_cn
2312DRA50C,mob,xiaomi,小米,N16,garnet,Redmi Note 13 Pro,LPDDR4x + UFS 2.2,xiaomi_cn
2312CRAD3C,mob,xiaomi,小米,N16S,garnet,Redmi Note 13 Pro,LPDDR5 + UFS 3.1,xiaomi_cn
23090RA98C,mob,xiaomi,小米,N16U,zircon,Redmi Note 13 Pro+,,xiaomi_cn
2406ERN9CC,mob,xiaomi,小米,N19,breeze,Redmi Note 13R,,xiaomi_cn
2311FRAFDC,mob,xiaomi,小米,N17A,gold,Redmi Note 13R Pro,,xiaomi_cn
24094RAD4C,mob,xiaomi,小米,O17,beryl,Redmi Note 14 5G,,xiaomi_cn
24094RAD4C,mob,xiaomi,小米,O17,beryl,REDMI Note 15R Pro,,xiaomi_cn
24090RA29C,mob,xiaomi,小米,O16,malachite,Redmi Note 14 Pro,,xiaomi_cn
24115RA8EC,mob,xiaomi,小米,O16U,amethyst,Redmi Note 14 Pro+,,xiaomi_cn
25098RA98C,mob,xiaomi,小米,P17,kunzite,REDMI Note 15,,xiaomi_cn
25080RABDC,mob,xiaomi,小米,P16,lapis,REDMI Note 15 Pro,,xiaomi_cn
2510ERA8BC,mob,xiaomi,小米,P16U,flourite,REDMI Note 15 Pro+,,xiaomi_cn
25104RADAC,mob,xiaomi,小米,P16US,flourite,REDMI Note 15 Pro+,卫星消息版,xiaomi_cn
25057RA09C,mob,xiaomi,小米,O19,spring,REDMI Note 15R,,xiaomi_cn
26021RN18C,mob,xiaomi,小米,P19,mist,REDMI Note 17,,xiaomi_cn
2607DRA18C,mob,xiaomi,小米,Q16,"iolite, moscow",REDMI Note 17 Pro,,xiaomi_cn
M2004J7AC,mob,xiaomi,小米,J7A,atom,Redmi 10X 5G,,xiaomi_cn
M2004J7BC,mob,xiaomi,小米,J7B,bomb,Redmi 10X Pro 5G,,xiaomi_cn
M2003J15SC,mob,xiaomi,小米,J15S,merlin,Redmi 10X 4G,,xiaomi_cn
24069RA21C,mob,xiaomi,小米,N16T,peridot,Redmi Turbo 3,,xiaomi_cn
24129RT7CC,mob,xiaomi,小米,O10S,rodin,REDMI Turbo 4,,xiaomi_cn
25053RT47C,mob,xiaomi,小米,O10U,onyx,REDMI Turbo 4 Pro,,xiaomi_cn
2511FRT34C,mob,xiaomi,小米,P10,klee,REDMI Turbo 5,,xiaomi_cn
2602BRT18C,mob,xiaomi,小米,P10U,dash,REDMI Turbo 5 Max,,xiaomi_cn
M1903F10A,mob,xiaomi,小米,F10,davinci,Redmi K20,全网通版,xiaomi_cn
M1903F10C,mob,xiaomi,小米,F10,davinci,Redmi K20,运营商全网通版,xiaomi_cn
M1903F11A,mob,xiaomi,小米,F11,raphael,Redmi K20 Pro,全网通版,xiaomi_cn
M1903F11C,mob,xiaomi,小米,F11,raphael,Redmi K20 Pro,运营商全网通版,xiaomi_cn
M1903F11A,mob,xiaomi,小米,F11,"raphael, raphaels",Redmi K20 Pro 尊享版,,xiaomi_cn
M2001G7AE,mob,xiaomi,小米,G7A,picasso,Redmi K30 5G,,xiaomi_cn
M2001G7AE,mob,xiaomi,小米,G7A,picasso,Redmi K30 5G,极速版,xiaomi_cn
M2001G7AC,mob,xiaomi,小米,G7A,picasso,Redmi K30 5G,,xiaomi_cn
M2001G7AC,mob,xiaomi,小米,G7A,picasso48m,Redmi K30i 5G,,xiaomi_cn
M1912G7BE,mob,xiaomi,小米,G7B,phoenix,Redmi K30 4G,全网通版,xiaomi_cn
M1912G7BC,mob,xiaomi,小米,G7B,phoenix,Redmi K30 4G,运营商全网通版,xiaomi_cn
M2001J11C,mob,xiaomi,小米,J11,lmi,Redmi K30 Pro,,xiaomi_cn
M2001J11C,mob,xiaomi,小米,J11,"lmi, lmipro",Redmi K30 Pro,变焦版,xiaomi_cn
M2001J11E,mob,xiaomi,小米,J11,"lmi, lmipro",Redmi K30 Pro,变焦版,xiaomi_cn
M2006J10C,mob,xiaomi,小米,J10,cezanne,Redmi K30 至尊纪念版,,xiaomi_cn
M2007J3SC,mob,xiaomi,小米,J3S,apollo,Redmi K30S 至尊纪念版,,xiaomi_cn
M2012K11AC,mob,xiaomi,小米,K11A,alioth,Redmi K40,,xiaomi_cn
M2012K11C,mob,xiaomi,小米,K11,haydn,Redmi K40 Pro,,xiaomi_cn
M2012K11C,mob,xiaomi,小米,K11,"haydn, haydnpro",Redmi K40 Pro+,,xiaomi_cn
M2012K10C,mob,xiaomi,小米,K10,ares,Redmi K40 游戏增强版,,xiaomi_cn
22021211RC,mob,xiaomi,小米,L11R,munch,Redmi K40S,,xiaomi_cn
22041211AC,mob,xiaomi,小米,L11A,rubens,Redmi K50,,xiaomi_cn
22011211C,mob,xiaomi,小米,L11,matisse,Redmi K50 Pro,,xiaomi_cn
21121210C,mob,xiaomi,小米,L10,ingres,Redmi K50 电竞版,,xiaomi_cn
22081212C,mob,xiaomi,小米,L12,diting,Redmi K50 至尊版,,xiaomi_cn
23013RK75C,mob,xiaomi,小米,M11A,mondrian,Redmi K60,,xiaomi_cn
22127RK46C,mob,xiaomi,小米,M11,socrates,Redmi K60 Pro,,xiaomi_cn
22122RK93C,mob,xiaomi,小米,M11R,rembrandt,Redmi K60E,,xiaomi_cn
23078RKD5C,mob,xiaomi,小米,M12,corot,Redmi K60 至尊版,,xiaomi_cn
23113RKC6C,mob,xiaomi,小米,N11,vermeer,Redmi K70,,xiaomi_cn
23117RK66C,mob,xiaomi,小米,N11U,manet,Redmi K70 Pro,,xiaomi_cn
2311DRK48C,mob,xiaomi,小米,N11A,duchamp,Redmi K70E,,xiaomi_cn
2407FRK8EC,mob,xiaomi,小米,N12,rothko,Redmi K70 至尊版,,xiaomi_cn
24117RK2CC,mob,xiaomi,小米,O11,zorn,REDMI K80,,xiaomi_cn
24122RKC7C,mob,xiaomi,小米,O11U,miro,REDMI K80 Pro,,xiaomi_cn
24127RK2CC,mob,xiaomi,小米,O11US,miro,REDMI K80 Pro 冠军版,,xiaomi_cn
25060RK16C,mob,xiaomi,小米,O12,dali,REDMI K80 至尊版,,xiaomi_cn
2510DRK44C,mob,xiaomi,小米,P11,annibale,REDMI K90,,xiaomi_cn
25102RKBEC,mob,xiaomi,小米,P11U,myron,REDMI K90 Pro Max,,xiaomi_cn
25102RK69C,mob,xiaomi,小米,P11UIP,myron,REDMI K90 Pro Max,冠军版,xiaomi_cn
2604FRK1EC,mob,xiaomi,小米,P12,prague,REDMI K90 Max,,xiaomi_cn
M332BF,mob,xiaomi,小米,P12X,warsaw,REDMI K90 至尊版,,xiaomi_cn
2016020,mob,xiaomi,小米,H3C,omega,红米 Pro,标准版,xiaomi_cn
2016021,mob,xiaomi,小米,H3C,omega,红米 Pro,高配版 / 尊享版,xiaomi_cn
M1803E6E,mob,xiaomi,小米,E6,ysl,红米 S2,全网通版,xiaomi_cn
M1803E6T,mob,xiaomi,小米,E6,ysl,红米 S2,移动 4G+ 版,xiaomi_cn
M1803E6C,mob,xiaomi,小米,E6,ysl,红米 S2,联通电信定制版,xiaomi_cn
26020RN1AC,mob,xiaomi,小米,P25,somalia,REDMI R70 5G,,xiaomi_cn
26020RN1AC,mob,xiaomi,小米,P25,somalia,REDMI R70m 5G,,xiaomi_cn
22081283C,pad,xiaomi,小米,L83,yunluo,Redmi Pad,,xiaomi_cn
23073RPBFC,pad,xiaomi,小米,M84,xun,Redmi Pad SE,,xiaomi_cn
23073RPBFC,pad,xiaomi,小米,M84,xun,Redmi Pad M7,,xiaomi_cn
2405CRPFDC,pad,xiaomi,小米,N83,dizi,Redmi Pad Pro,Wi-Fi,xiaomi_cn
24074RPD2C,pad,xiaomi,小米,N83U,ruan,Redmi Pad Pro 5G,,xiaomi_cn
25040RP0AC,pad,xiaomi,小米,O84,taiko,REDMI Pad 2,,xiaomi_cn
25099RP13C,pad,xiaomi,小米,P83,flute,REDMI Pad 2 Pro,,xiaomi_cn
2509BRP2DC,pad,xiaomi,小米,P83X,organ,REDMI Pad 2 Pro 5G,,xiaomi_cn
2603ARP14C,pad,xiaomi,小米,P85,guitar,REDMI Pad 2 SE,,xiaomi_cn
2604ERP4DC,pad,xiaomi,小米,P85X,erhu,REDMI Pad 2 SE 4G,,xiaomi_cn
25079RPDCC,pad,xiaomi,小米,O88,turner,REDMI K Pad,,xiaomi_cn
26048RP6AC,pad,xiaomi,小米,P88,yili,REDMI K Pad 2,,xiaomi_cn
FYJ01QP,mob,xiaomi,小米,,Babel,小米米家翻译机,,xiaomi_cn
21051191C,accessory,xiaomi,小米,K91,,CyberDog 仿生四足机器人,,xiaomi_cn
2405AVPB7C,ivi,xiaomi,小米,,,小米澎湃智能座舱,第一代 SU7/SU7 Ultra,xiaomi_cn
25033VP3FC,ivi,xiaomi,小米,,suiren,小米澎湃智能座舱,YU7/新一代 SU7,xiaomi_cn
2503CVPC6C,mob,xiaomi,小米,P802,konghou,小米汽车后排移动控制屏,,xiaomi_cn
MI-ONE PLUS,mob,xiaomi,Xiaomi,X1,mione_plus,Mi 1,WCDMA,xiaomi_en
MI-ONE C1,mob,xiaomi,Xiaomi,X1,mione_plus,Mi 1,CDMA,xiaomi_en
MI-ONE,mob,xiaomi,Xiaomi,X1,mione_plus,Mi 1,Lite,xiaomi_en
2012051,mob,xiaomi,Xiaomi,X1,mione_plus,Mi 1S,WCDMA,xiaomi_en
2012053,mob,xiaomi,Xiaomi,X1,mione_plus,Mi 1S,CDMA,xiaomi_en
2012052,mob,xiaomi,Xiaomi,X1,mione_plus,Mi 1S,Lite,xiaomi_en
2012061,mob,xiaomi,Xiaomi,X2,aries,Mi 2,WCDMA,xiaomi_en
2012062,mob,xiaomi,Xiaomi,X2,aries,Mi 2,CDMA,xiaomi_en
2013012,mob,xiaomi,Xiaomi,X2,aries,Mi 2S,WCDMA,xiaomi_en
2013021,mob,xiaomi,Xiaomi,X2,aries,Mi 2S,CDMA,xiaomi_en
2012121,mob,xiaomi,Xiaomi,X2A,taurus,Mi 2A,,xiaomi_en
2013061,mob,xiaomi,Xiaomi,X3TD,pisces,Mi 3,TD-SCDMA,xiaomi_en
2013062,mob,xiaomi,Xiaomi,X3W,cancro,Mi 3,WCDMA,xiaomi_en
2013063,mob,xiaomi,Xiaomi,X3W,cancro,Mi 3,CDMA,xiaomi_en
2014215,mob,xiaomi,Xiaomi,X4,cancro,Mi 4,WCDMA,xiaomi_en
2014218,mob,xiaomi,Xiaomi,X4,cancro,Mi 4,CDMA,xiaomi_en
2014216,mob,xiaomi,Xiaomi,X4,cancro,Mi 4,LTE China Mobile,xiaomi_en
2014719,mob,xiaomi,Xiaomi,X4,cancro,Mi 4,LTE China Unicom,xiaomi_en
2014716,mob,xiaomi,Xiaomi,X4LTE-CT,cancro_lte_ct,Mi 4,LTE China Telecom,xiaomi_en
2014726,mob,xiaomi,Xiaomi,X4LTE-CT,cancro_lte_ct,Mi 4,LTE China Telecom,xiaomi_en
2015015,mob,xiaomi,Xiaomi,X9,ferrari,Mi 4i,Global,xiaomi_en
2015561,mob,xiaomi,Xiaomi,X11,libra,Mi 4c,China,xiaomi_en
2015562,mob,xiaomi,Xiaomi,X11,libra,Mi 4c,China Mobile,xiaomi_en
2015911,mob,xiaomi,Xiaomi,A10,aqua,Mi 4S,China,xiaomi_en
2015105,mob,xiaomi,Xiaomi,A1,gemini,Mi 5,(32GB) Global,xiaomi_en
2015201,mob,xiaomi,Xiaomi,A1,gemini,Mi 5,(32GB) China,xiaomi_en
2015628,mob,xiaomi,Xiaomi,A1,gemini,Mi 5,(64GB & 128GB) China,xiaomi_en
2015711,mob,xiaomi,Xiaomi,A7,capricorn,Mi 5s,China / Global,xiaomi_en
2016070,mob,xiaomi,Xiaomi,B7,natrium,Mi 5s Plus,China / Global,xiaomi_en
2016089,mob,xiaomi,Xiaomi,C10,meri,Mi 5c,China,xiaomi_en
MDE2,mob,xiaomi,Xiaomi,D2,tiffany,Mi 5X,China,xiaomi_en
MDT2,mob,xiaomi,Xiaomi,D2,tiffany,Mi 5X,China Mobile,xiaomi_en
MCE16,mob,xiaomi,Xiaomi,C1,sagit,Mi 6,China / Global,xiaomi_en
MCT1,mob,xiaomi,Xiaomi,C1,sagit,Mi 6,China Mobile,xiaomi_en
M1804D2SE,mob,xiaomi,Xiaomi,D2S,wayne,Mi 6X,China,xiaomi_en
M1804D2ST,mob,xiaomi,Xiaomi,D2S,wayne,Mi 6X,China Mobile,xiaomi_en
M1804D2SC,mob,xiaomi,Xiaomi,D2S,wayne,Mi 6X,China Unicom & China Telecom,xiaomi_en
M1803E1A,mob,xiaomi,Xiaomi,E1,dipper,Mi 8,China / Global,xiaomi_en
M1803E1T,mob,xiaomi,Xiaomi,E1,dipper,Mi 8,China Mobile,xiaomi_en
M1803E1C,mob,xiaomi,Xiaomi,E1,dipper,Mi 8,China Unicom & China Telecom,xiaomi_en
M1807E8S,mob,xiaomi,Xiaomi,E8,ursa,Mi 8 Explorer Edition,,xiaomi_en
M1807E8A,mob,xiaomi,Xiaomi,E1S,equuleus,Mi 8 Pro,China / Global,xiaomi_en
M1805E2A,mob,xiaomi,Xiaomi,E2,sirius,Mi 8 SE,China,xiaomi_en
M1808D2TG,mob,xiaomi,Xiaomi,D2T,platina,Mi 8 Lite,Global,xiaomi_en
M1808D2TE,mob,xiaomi,Xiaomi,D2T,platina,Mi 8 Lite,China,xiaomi_en
M1808D2TT,mob,xiaomi,Xiaomi,D2T,platina,Mi 8 Lite,China Mobile,xiaomi_en
M1808D2TC,mob,xiaomi,Xiaomi,D2T,platina,Mi 8 Lite,China Unicom & China Telecom,xiaomi_en
M1902F1G,mob,xiaomi,Xiaomi,F1,cepheus,Mi 9,Global,xiaomi_en
M1902F1A,mob,xiaomi,Xiaomi,F1,cepheus,Mi 9,China,xiaomi_en
M1902F1T,mob,xiaomi,Xiaomi,F1,cepheus,Mi 9,China Mobile,xiaomi_en
M1902F1C,mob,xiaomi,Xiaomi,F1,cepheus,Mi 9,China Unicom & China Telecom,xiaomi_en
M1908F1XE,mob,xiaomi,Xiaomi,F1X,crux,Mi 9 Pro,5G China,xiaomi_en
M1903F2G,mob,xiaomi,Xiaomi,F2,grus,Mi 9 SE,Global,xiaomi_en
M1903F2A,mob,xiaomi,Xiaomi,F2,grus,Mi 9 SE,China,xiaomi_en
M1903F10G,mob,xiaomi,Xiaomi,F10,davinci,Mi 9T,Global,xiaomi_en
M1903F11G,mob,xiaomi,Xiaomi,F11,raphael,Mi 9T Pro,Global,xiaomi_en
M1904F3BG,mob,xiaomi,Xiaomi,F3B,pyxis,Mi 9 Lite,Global,xiaomi_en
M2001J2G,mob,xiaomi,Xiaomi,J2,umi,Mi 10,Global,xiaomi_en
M2001J2I,mob,xiaomi,Xiaomi,J2,umi,Mi 10,India,xiaomi_en
M2001J2E,mob,xiaomi,Xiaomi,J2,umi,Mi 10,China,xiaomi_en
M2001J2C,mob,xiaomi,Xiaomi,J2,umi,Mi 10,China,xiaomi_en
M2001J1G,mob,xiaomi,Xiaomi,J1,cmi,Mi 10 Pro,Global,xiaomi_en
M2001J1E,mob,xiaomi,Xiaomi,J1,cmi,Mi 10 Pro,China,xiaomi_en
M2001J1C,mob,xiaomi,Xiaomi,J1,cmi,Mi 10 Pro,China,xiaomi_en
M2002J9G,mob,xiaomi,Xiaomi,J9,monet,Mi 10 Lite,Global,xiaomi_en
M2002J9S,mob,xiaomi,Xiaomi,J9,monet,Mi 10 Lite,Korea,xiaomi_en
M2002J9R,mob,xiaomi,Xiaomi,J9,monet,Mi 10 Lite,Japan (KDDI),xiaomi_en
XIG01,mob,xiaomi,Xiaomi,J9,monet,Mi 10 Lite,Japan (KDDI),xiaomi_en
M2002J9E,mob,xiaomi,Xiaomi,J9A,vangogh,Mi 10 Lite Zoom,China,xiaomi_en
M2007J1SC,mob,xiaomi,Xiaomi,J1S,cas,Mi 10 Ultra,China,xiaomi_en
M2007J3SY,mob,xiaomi,Xiaomi,J3S,apollo,Mi 10T,Global,xiaomi_en
M2007J3SP,mob,xiaomi,Xiaomi,J3S,apollo,Mi 10T,India,xiaomi_en
M2007J3SG,mob,xiaomi,Xiaomi,J3S,apollo,Mi 10T Pro,Global,xiaomi_en
M2007J3SI,mob,xiaomi,Xiaomi,J3S,apollo,Mi 10T Pro,India,xiaomi_en
M2007J17G,mob,xiaomi,Xiaomi,J17,gauguin,Mi 10T Lite,Global,xiaomi_en
M2007J17I,mob,xiaomi,Xiaomi,J17,"gauguinin, gauguininpro",Mi 10i,India,xiaomi_en
M2102J2SC,mob,xiaomi,Xiaomi,J2S,thyme,Mi 10S,China,xiaomi_en
M2011K2G,mob,xiaomi,Xiaomi,K2,venus,Mi 11,Global,xiaomi_en
M2011K2C,mob,xiaomi,Xiaomi,K2,venus,Mi 11,China,xiaomi_en
M2102K1AC,mob,xiaomi,Xiaomi,K1A,"star, mars",Mi 11 Pro,China,xiaomi_en
M2102K1G,mob,xiaomi,Xiaomi,K1,star,Mi 11 Ultra,Global,xiaomi_en
M2102K1C,mob,xiaomi,Xiaomi,K1,star,Mi 11 Ultra,China,xiaomi_en
M2101K9G,mob,xiaomi,Xiaomi,K9,renoir,Mi 11 Lite 5G,Global,xiaomi_en
M2101K9C,mob,xiaomi,Xiaomi,K9,renoir,Mi 11 Lite 5G,China,xiaomi_en
M2101K9R,mob,xiaomi,Xiaomi,K9,renoir,Mi 11 Lite 5G,Japan,xiaomi_en
M2101K9AG,mob,xiaomi,Xiaomi,K9A,courbet,Mi 11 Lite,4G Global,xiaomi_en
M2101K9AI,mob,xiaomi,Xiaomi,K9A,courbet,Mi 11 Lite,4G India,xiaomi_en
2109119DG,mob,xiaomi,Xiaomi,K9D,lisa,Xiaomi 11 Lite 5G NE,Global,xiaomi_en
2109119DI,mob,xiaomi,Xiaomi,K9D,lisa,Xiaomi 11 Lite NE 5G,India,xiaomi_en
2107119DC,mob,xiaomi,Xiaomi,K9D,lisa,Mi 11 LE,China,xiaomi_en
M2012K11G,mob,xiaomi,Xiaomi,K11,"haydn, haydnpro",Mi 11i,Global,xiaomi_en
M2012K11AI,mob,xiaomi,Xiaomi,K11A,"alioth, aliothin",Mi 11X,India,xiaomi_en
M2012K11I,mob,xiaomi,Xiaomi,K11,"haydn, haydnin",Mi 11X Pro,India,xiaomi_en
21081111RG,mob,xiaomi,Xiaomi,K11R,"agate, amber",Xiaomi 11T,Global,xiaomi_en
2107113SG,mob,xiaomi,Xiaomi,K3S,vili,Xiaomi 11T Pro,Global,xiaomi_en
2107113SI,mob,xiaomi,Xiaomi,K3S,vili,Xiaomi 11T Pro,India,xiaomi_en
2107113SR,mob,xiaomi,Xiaomi,K3S,vili,Xiaomi 11T Pro,Japan,xiaomi_en
21091116I,mob,xiaomi,Xiaomi,K16,"pissarro, pissarroin",Xiaomi 11i,India,xiaomi_en
21091116UI,mob,xiaomi,Xiaomi,K16U,"pissarro, pissarroinpro",Xiaomi 11i HyperCharge,India,xiaomi_en
2201123G,mob,xiaomi,Xiaomi,L3,cupid,Xiaomi 12,Global,xiaomi_en
2201123C,mob,xiaomi,Xiaomi,L3,cupid,Xiaomi 12,China,xiaomi_en
2112123AG,mob,xiaomi,Xiaomi,L3A,psyche,Xiaomi 12X,Global,xiaomi_en
2112123AC,mob,xiaomi,Xiaomi,L3A,psyche,Xiaomi 12X,China,xiaomi_en
2201122G,mob,xiaomi,Xiaomi,L2,zeus,Xiaomi 12 Pro,Global,xiaomi_en
2201122C,mob,xiaomi,Xiaomi,L2,zeus,Xiaomi 12 Pro,China,xiaomi_en
2207122MC,mob,xiaomi,Xiaomi,L2M,daumier,Xiaomi 12 Pro Dimensity,China,xiaomi_en
2203129G,mob,xiaomi,Xiaomi,L9,taoyao,Xiaomi 12 Lite,Global,xiaomi_en
2203129I,mob,xiaomi,Xiaomi,L9,taoyao,Xiaomi 12 Lite,India,xiaomi_en
2206123SC,mob,xiaomi,Xiaomi,L3S,mayfly,Xiaomi 12S,China,xiaomi_en
2206122SC,mob,xiaomi,Xiaomi,L2S,unicorn,Xiaomi 12S Pro,China,xiaomi_en
2203121C,mob,xiaomi,Xiaomi,L1,thor,Xiaomi 12S Ultra,China,xiaomi_en
22071212AG,mob,xiaomi,Xiaomi,L12A,plato,Xiaomi 12T,Global,xiaomi_en
22081212UG,mob,xiaomi,Xiaomi,L12U,diting,Xiaomi 12T Pro,Global,xiaomi_en
22081212R,mob,xiaomi,Xiaomi,L12U,diting,Xiaomi 12T Pro,Japan (SIM Free),xiaomi_en
22200414R,mob,xiaomi,Xiaomi,L12U,diting,Xiaomi 12T Pro,Japan (SIM Free),xiaomi_en
A201XM,mob,xiaomi,Xiaomi,L12U,diting,Xiaomi 12T Pro,Japan (SoftBank),xiaomi_en
2211133G,mob,xiaomi,Xiaomi,M3,fuxi,Xiaomi 13,Global,xiaomi_en
2211133C,mob,xiaomi,Xiaomi,M3,fuxi,Xiaomi 13,China,xiaomi_en
2210132G,mob,xiaomi,Xiaomi,M2,nuwa,Xiaomi 13 Pro,Global,xiaomi_en
2210132C,mob,xiaomi,Xiaomi,M2,nuwa,Xiaomi 13 Pro,China,xiaomi_en
2304FPN6DG,mob,xiaomi,Xiaomi,M1,ishtar,Xiaomi 13 Ultra,Global,xiaomi_en
2304FPN6DC,mob,xiaomi,Xiaomi,M1,ishtar,Xiaomi 13 Ultra,China,xiaomi_en
2210129SG,mob,xiaomi,Xiaomi,L9S,ziyi,Xiaomi 13 Lite,Global,xiaomi_en
2306EPN60G,mob,xiaomi,Xiaomi,M12A,aristotle,Xiaomi 13T,Global,xiaomi_en
2306EPN60R,mob,xiaomi,Xiaomi,M12A,aristotle,Xiaomi 13T,Japan (SIM Free),xiaomi_en
XIG04,mob,xiaomi,Xiaomi,M12A,aristotle,Xiaomi 13T,Japan (KDDI),xiaomi_en
23078PND5G,mob,xiaomi,Xiaomi,M12,corot,Xiaomi 13T Pro,Global,xiaomi_en
23088PND5R,mob,xiaomi,Xiaomi,M12,corot,Xiaomi 13T Pro,Japan (SIM Free),xiaomi_en
A301XM,mob,xiaomi,Xiaomi,M12,corot,Xiaomi 13T Pro,Japan (SoftBank),xiaomi_en
23127PN0CG,mob,xiaomi,Xiaomi,N3,houji,Xiaomi 14,Global,xiaomi_en
23127PN0CC,mob,xiaomi,Xiaomi,N3,houji,Xiaomi 14,China,xiaomi_en
23116PN5BC,mob,xiaomi,Xiaomi,N2,shennong,Xiaomi 14 Pro,China,xiaomi_en
23116PN5BC,mob,xiaomi,Xiaomi,N2,shennong,Xiaomi 14 Pro,Ti China,xiaomi_en
2311BPN23C,mob,xiaomi,Xiaomi,N2T,"shennong, shennong_t",Xiaomi 14 Pro Ti Satellite,China,xiaomi_en
24030PN60G,mob,xiaomi,Xiaomi,N1,aurora,Xiaomi 14 Ultra,Global,xiaomi_en
24031PN0DC,mob,xiaomi,Xiaomi,N1,"aurora, aurorapro",Xiaomi 14 Ultra,China,xiaomi_en
24053PY09I,mob,xiaomi,Xiaomi,N9,chenfeng,Xiaomi 14 Civi,India,xiaomi_en
2406APNFAG,mob,xiaomi,Xiaomi,N12A,degas,Xiaomi 14T,Global,xiaomi_en
XIG07,mob,xiaomi,Xiaomi,N12A,degas,Xiaomi 14T,Japan (KDDI),xiaomi_en
2407FPN8EG,mob,xiaomi,Xiaomi,N12,rothko,Xiaomi 14T Pro,Global,xiaomi_en
2407FPN8ER,mob,xiaomi,Xiaomi,N12,rothko,Xiaomi 14T Pro,Japan (SIM Free),xiaomi_en
XIG06,mob,xiaomi,Xiaomi,N12,rothko,Xiaomi 14T Pro,Japan (KDDI),xiaomi_en
A402XM,mob,xiaomi,Xiaomi,N12,rothko,Xiaomi 14T Pro,Japan (SoftBank),xiaomi_en
24129PN74G,mob,xiaomi,Xiaomi,O3,dada,Xiaomi 15,Global,xiaomi_en
24129PN74I,mob,xiaomi,Xiaomi,O3,dada,Xiaomi 15,India,xiaomi_en
24129PN74C,mob,xiaomi,Xiaomi,O3,dada,Xiaomi 15,China,xiaomi_en
2410DPN6CC,mob,xiaomi,Xiaomi,O2,haotian,Xiaomi 15 Pro,China,xiaomi_en
25010PN30G,mob,xiaomi,Xiaomi,O1,xuanyuan,Xiaomi 15 Ultra,Global,xiaomi_en
25010PN30I,mob,xiaomi,Xiaomi,O1,xuanyuan,Xiaomi 15 Ultra,India,xiaomi_en
25019PNF3C,mob,xiaomi,Xiaomi,O1,xuanyuan,Xiaomi 15 Ultra,China (Tiantong satellite),xiaomi_en
25010PN30C,mob,xiaomi,Xiaomi,O1,xuanyuan,Xiaomi 15 Ultra,China (Tiantong & Beidou satellites),xiaomi_en
25042PN24C,mob,xiaomi,Xiaomi,O2S,dijun,Xiaomi 15S Pro,China,xiaomi_en
25069PTEBG,mob,xiaomi,Xiaomi,O12A,goya,Xiaomi 15T,Global,xiaomi_en
2506BPN68G,mob,xiaomi,Xiaomi,O12U,klimt,Xiaomi 15T Pro,Global,xiaomi_en
2506BPN68R,mob,xiaomi,Xiaomi,O12U,klimt,Xiaomi 15T Pro,Japan (SIM Free),xiaomi_en
25113PN0EG,mob,xiaomi,Xiaomi,P3,pudding,Xiaomi 17,Global,xiaomi_en
25113PN0EC,mob,xiaomi,Xiaomi,P3,pudding,Xiaomi 17,China,xiaomi_en
25113PN0EI,mob,xiaomi,Xiaomi,P3,pudding,Xiaomi 17,India,xiaomi_en
25098PN5AC,mob,xiaomi,Xiaomi,Q200,pandora,Xiaomi 17 Pro,China,xiaomi_en
2509FPN0BC,mob,xiaomi,Xiaomi,P2,popsicle,Xiaomi 17 Pro Max,China,xiaomi_en
2512BPNDAG,mob,xiaomi,Xiaomi,P1,nezha,Xiaomi 17 Ultra,Global,xiaomi_en
2512BPNDAC,mob,xiaomi,Xiaomi,P1,nezha,Xiaomi 17 Ultra,China,xiaomi_en
2512BPNDAC,mob,xiaomi,Xiaomi,P1,nezha,Xiaomi 17 Ultra by Leica,"China, non-satellite",xiaomi_en
2512BPNDAI,mob,xiaomi,Xiaomi,P1,nezha,Xiaomi 17 Ultra,India,xiaomi_en
25128PNA1G,mob,xiaomi,Xiaomi,P1S,nezha,Leica Leitzphone powered by Xiaomi,Global,xiaomi_en
25128PNA1C,mob,xiaomi,Xiaomi,P1S,nezha,Xiaomi 17 Ultra by Leica,"China, Tiantong & Beidou satellites",xiaomi_en
2605EPN8EC,mob,xiaomi,Xiaomi,P3S,byron,Xiaomi 17 Max,,xiaomi_en
2602DPT53G,mob,xiaomi,Xiaomi,P12A,chagall,Xiaomi 17T,Global,xiaomi_en
2602DPT53I,mob,xiaomi,Xiaomi,P12A,chagall,Xiaomi 17T,India,xiaomi_en
M531DA,mob,xiaomi,Xiaomi,P12A,chagall,Xiaomi 17T,China,xiaomi_en
2602EPTC0G,mob,xiaomi,Xiaomi,P12U,warhol,Xiaomi 17T Pro,Global,xiaomi_en
2602EPTC0R,mob,xiaomi,Xiaomi,P12U,warhol,Xiaomi 17T Pro,Japan (SIM Free),xiaomi_en
M025EC,mob,xiaomi,Xiaomi,P12U,warhol,Xiaomi 17T Pro,China,xiaomi_en
2015011,mob,xiaomi,Xiaomi,X5,virgo,Mi Note,Global,xiaomi_en
2014616,mob,xiaomi,Xiaomi,X5,virgo,Mi Note,China (Dual-network),xiaomi_en
2014619,mob,xiaomi,Xiaomi,X5,virgo,Mi Note,China (Full-network),xiaomi_en
2014618,mob,xiaomi,Xiaomi,X5,virgo,Mi Note,China Mobile,xiaomi_en
2014617,mob,xiaomi,Xiaomi,X5,virgo,Mi Note,China Unicom,xiaomi_en
2015021,mob,xiaomi,Xiaomi,X7,leo,Mi Note Pro,China (Dual-network),xiaomi_en
2015022,mob,xiaomi,Xiaomi,X7,leo,Mi Note Pro,China (Full-network),xiaomi_en
2015501,mob,xiaomi,Xiaomi,X7,leo,Mi Note Pro,China Mobile,xiaomi_en
2015213,mob,xiaomi,Xiaomi,A4,scorpio,Mi Note 2,Global,xiaomi_en
2015213,mob,xiaomi,Xiaomi,A4,scorpio,Mi Note 2,Global Edition China,xiaomi_en
2015211,mob,xiaomi,Xiaomi,A4,scorpio,Mi Note 2,China,xiaomi_en
2015212,mob,xiaomi,Xiaomi,A4,scorpio,Mi Note 2,China Mobile,xiaomi_en
MCE8,mob,xiaomi,Xiaomi,C8,jason,Mi Note 3,China / Global,xiaomi_en
MCT8,mob,xiaomi,Xiaomi,C8,jason,Mi Note 3,China Mobile,xiaomi_en
M1910F4G,mob,xiaomi,Xiaomi,F4,tucana,Mi Note 10,Global,xiaomi_en
M1910F4S,mob,xiaomi,Xiaomi,F4,tucana,Mi Note 10,Pro Global,xiaomi_en
M2002F4LG,mob,xiaomi,Xiaomi,F4L,toco,Mi Note 10 Lite,Global,xiaomi_en
2016080,mob,xiaomi,Xiaomi,A8,lithium,Mi MIX,China / Global,xiaomi_en
MDE5,mob,xiaomi,Xiaomi,D5,chiron,Mi MIX 2,China / Global,xiaomi_en
MDT5,mob,xiaomi,Xiaomi,D5,chiron,Mi MIX 2,China Mobile,xiaomi_en
MDE5S,mob,xiaomi,Xiaomi,D5,chiron,Mi MIX 2,Unibody Ceramic Edition,xiaomi_en
M1803D5XA,mob,xiaomi,Xiaomi,D5X,polaris,Mi MIX 2S,Global,xiaomi_en
M1803D5XA,mob,xiaomi,Xiaomi,D5X,polaris,Mi MIX 2S,Premium Edition China,xiaomi_en
M1803D5XE,mob,xiaomi,Xiaomi,D5X,polaris,Mi MIX 2S,China,xiaomi_en
M1803D5XT,mob,xiaomi,Xiaomi,D5X,polaris,Mi MIX 2S,China Mobile,xiaomi_en
M1803D5XC,mob,xiaomi,Xiaomi,D5X,polaris,Mi MIX 2S,China Unicom & China Telecom,xiaomi_en
M1810E5A,mob,xiaomi,Xiaomi,E5,perseus,Mi MIX 3,Global,xiaomi_en
M1810E5A,mob,xiaomi,Xiaomi,E5,perseus,Mi MIX 3,China (8GB+256GB & 10GB+256GB),xiaomi_en
M1810E5E,mob,xiaomi,Xiaomi,E5,perseus,Mi MIX 3,China (6GB+128GB & 8GB+128GB),xiaomi_en
M1810E5GG,mob,xiaomi,Xiaomi,E5G,andromeda,Mi MIX 3 5G,,xiaomi_en
2106118C,mob,xiaomi,Xiaomi,K8,odin,Xiaomi MIX 4,China,xiaomi_en
M2011J18C,mob,xiaomi,Xiaomi,J18,cetus,Mi MIX FOLD,China,xiaomi_en
22061218C,mob,xiaomi,Xiaomi,L18,zizhan,Xiaomi MIX Fold 2,China,xiaomi_en
2308CPXD0C,mob,xiaomi,Xiaomi,M18,babylon,Xiaomi MIX Fold 3,China,xiaomi_en
24072PX77C,mob,xiaomi,Xiaomi,N18,goku,Xiaomi MIX Fold 4,China,xiaomi_en
2405CPX3DG,mob,xiaomi,Xiaomi,N8,ruyi,Xiaomi MIX Flip,Global,xiaomi_en
2405CPX3DC,mob,xiaomi,Xiaomi,N8,ruyi,Xiaomi MIX Flip,China,xiaomi_en
2505APX7BC,mob,xiaomi,Xiaomi,O8,bixi,Xiaomi MIX Flip 2,China,xiaomi_en
2016002,mob,xiaomi,Xiaomi,B3,hydrogen,Mi Max,Global,xiaomi_en
2016001,mob,xiaomi,Xiaomi,B3,hydrogen,Mi Max,China,xiaomi_en
2016007,mob,xiaomi,Xiaomi,B3_PRO,helium,Mi Max Prime,,xiaomi_en
MDE40,mob,xiaomi,Xiaomi,D4,oxygen,Mi Max 2,China / Global,xiaomi_en
MDT4,mob,xiaomi,Xiaomi,D4,oxygen,Mi Max 2,China Mobile,xiaomi_en
MDI40,mob,xiaomi,Xiaomi,D4,oxygen,Mi Max 2,India,xiaomi_en
M1804E4A,mob,xiaomi,Xiaomi,E4,nitrogen,Mi Max 3,China / Global,xiaomi_en
M1804E4T,mob,xiaomi,Xiaomi,E4,nitrogen,Mi Max 3,China Mobile,xiaomi_en
M1804E4C,mob,xiaomi,Xiaomi,E4,nitrogen,Mi Max 3,China Unicom & China Telecom,xiaomi_en
M1904F3BC,mob,xiaomi,Xiaomi,F3B,pyxis,Mi CC 9,China,xiaomi_en
M1904F3BT,mob,xiaomi,Xiaomi,F3M,vela,Mi CC 9 Meitu Edition,China,xiaomi_en
M1906F9SC,mob,xiaomi,Xiaomi,F9S,laurus,Mi CC 9e,China,xiaomi_en
M1910F4E,mob,xiaomi,Xiaomi,F4,tucana,Mi CC 9 Pro,China,xiaomi_en
2109119BC,mob,xiaomi,Xiaomi,K9B,mona,Xiaomi Civi,China,xiaomi_en
2109119BC,mob,xiaomi,Xiaomi,K9E,zijin,Xiaomi Civi 1S,China,xiaomi_en
2209129SC,mob,xiaomi,Xiaomi,L9S,ziyi,Xiaomi Civi 2,China,xiaomi_en
23046PNC9C,mob,xiaomi,Xiaomi,M9,yuechu,Xiaomi Civi 3,China,xiaomi_en
24053PY09C,mob,xiaomi,Xiaomi,N9,chenfeng,Xiaomi Civi 4 Pro,China,xiaomi_en
25067PYE3C,mob,xiaomi,Xiaomi,O9,luming,Xiaomi Civi 5 Pro,China,xiaomi_en
M1901F9E,mob,xiaomi,Xiaomi,F9,lotus,Mi Play,China / Global,xiaomi_en
M1901F9T,mob,xiaomi,Xiaomi,F9,lotus,Mi Play,China Mobile,xiaomi_en
MDG2,mob,xiaomi,Xiaomi,D2,tissot,Mi A1,Global,xiaomi_en
MDI2,mob,xiaomi,Xiaomi,D2,tissot,Mi A1,India,xiaomi_en
M1804D2SG,mob,xiaomi,Xiaomi,D2S,jasmine,Mi A2,Global,xiaomi_en
M1804D2SI,mob,xiaomi,Xiaomi,D2S,jasmine,Mi A2,India,xiaomi_en
M1805D1SG,mob,xiaomi,Xiaomi,D1S,daisy,Mi A2 Lite,Global,xiaomi_en
M1906F9SH,mob,xiaomi,Xiaomi,F9S,laurel_sprout,Mi A3,Global,xiaomi_en
M1906F9SI,mob,xiaomi,Xiaomi,F9S,laurel_sprout,Mi A3,India,xiaomi_en
2013022,mob,xiaomi,Xiaomi,H2TD,"wt93007, HM2013022",Redmi 1,TD-SCDMA,xiaomi_en
2013023,mob,xiaomi,Xiaomi,H2W,"wt98007, HM2013023",Redmi 1,WCDMA,xiaomi_en
2013029,mob,xiaomi,Xiaomi,H2A,armani,Redmi 1S,WCDMA,xiaomi_en
2013028,mob,xiaomi,Xiaomi,H2A,armani,Redmi 1S,CDMA,xiaomi_en
2014011,mob,xiaomi,Xiaomi,H2S,"wt93807, HM2014011",Redmi 1S,TD-SCDMA,xiaomi_en
2014501,mob,xiaomi,Xiaomi,H2SLTE,"wt96007, HM2014501",Redmi 1S,4G China Mobile,xiaomi_en
2014813,mob,xiaomi,Xiaomi,H2X,"wt86047, HM2014813",Redmi 2,China Mobile,xiaomi_en
2014112,mob,xiaomi,Xiaomi,H2X,"wt86047, HM2014813",Redmi 2,China Mobile,xiaomi_en
2014817,mob,xiaomi,Xiaomi,H2X,"wt88047, HM2014811",Redmi 2,Global,xiaomi_en
2014818,mob,xiaomi,Xiaomi,H2X,"wt88047, HM2014811",Redmi 2,India,xiaomi_en
2014819,mob,xiaomi,Xiaomi,H2X,"wt88047, HM2014811",Redmi 2,Brazil,xiaomi_en
2014811,mob,xiaomi,Xiaomi,H2X,"wt88047, HM2014811",Redmi 2,China Unicom,xiaomi_en
2014812,mob,xiaomi,Xiaomi,H2X,"wt88047, HM2014811",Redmi 2,China Telecom,xiaomi_en
2014821,mob,xiaomi,Xiaomi,H2X,"wt88047, HM2014811",Redmi 2,China Telecom,xiaomi_en
2014502,mob,xiaomi,Xiaomi,H2X(LC),lte26007,Redmi 2A,China,xiaomi_en
2014512,mob,xiaomi,Xiaomi,H2X(LC),lte26007,Redmi 2A,Prime China,xiaomi_en
2014055,mob,xiaomi,Xiaomi,H2X(LC),lte26007,Redmi 2A,Prime China,xiaomi_en
2014816,mob,xiaomi,Xiaomi,H2X,"wt86047, HM2014813",Redmi 2A,Prime China (Snapdragon 410),xiaomi_en
2015816,mob,xiaomi,Xiaomi,A9,"ido_xhdpi, ido",Redmi 3,Global,xiaomi_en
2015811,mob,xiaomi,Xiaomi,A9,"ido_xhdpi, ido",Redmi 3,China,xiaomi_en
2015815,mob,xiaomi,Xiaomi,A9,"ido_xhdpi, ido",Redmi 3,China,xiaomi_en
2015812,mob,xiaomi,Xiaomi,A9,"ido_xhdpi, ido",Redmi 3,China Mobile,xiaomi_en
2015810,mob,xiaomi,Xiaomi,A9,"ido_xhdpi, ido",Redmi 3,China Unicom,xiaomi_en
2015817,mob,xiaomi,Xiaomi,A9,"ido_xhdpi, ido",Redmi 3,Prime China,xiaomi_en
2015819,mob,xiaomi,Xiaomi,A9,"ido_xhdpi, ido",Redmi 3,Prime China,xiaomi_en
2015818,mob,xiaomi,Xiaomi,A9,"ido_xhdpi, ido",Redmi 3,Prime China Unicom,xiaomi_en
2016031,mob,xiaomi,Xiaomi,A12,land,Redmi 3S,Global,xiaomi_en
2016037,mob,xiaomi,Xiaomi,A12,land,Redmi 3S,India,xiaomi_en
2016032,mob,xiaomi,Xiaomi,A12,land,Redmi 3S,Prime India,xiaomi_en
2016030,mob,xiaomi,Xiaomi,A12,land,Redmi 3S,China,xiaomi_en
2016036,mob,xiaomi,Xiaomi,A12,land,Redmi 3X,China,xiaomi_en
2016035,mob,xiaomi,Xiaomi,A12,land,Redmi 3X,China Mobile,xiaomi_en
2016033,mob,xiaomi,Xiaomi,A12,land,Redmi 3X,China Unicom,xiaomi_en
2016090,mob,xiaomi,Xiaomi,C5,prada,Redmi 4,China / Global,xiaomi_en
2016060,mob,xiaomi,Xiaomi,B5W,markw,Redmi 4,Pro China / Global,xiaomi_en
2016117,mob,xiaomi,Xiaomi,C3A,rolex,Redmi 4A,Global,xiaomi_en
2016116,mob,xiaomi,Xiaomi,C3A,rolex,Redmi 4A,India,xiaomi_en
2016111,mob,xiaomi,Xiaomi,C3A,rolex,Redmi 4A,China,xiaomi_en
2016112,mob,xiaomi,Xiaomi,C3A,rolex,Redmi 4A,China Mobile,xiaomi_en
MAG138,mob,xiaomi,Xiaomi,A13,santoni,Redmi 4X,Global,xiaomi_en
MAI132,mob,xiaomi,Xiaomi,A13,santoni,Redmi 4,India,xiaomi_en
MAE136,mob,xiaomi,Xiaomi,A13,santoni,Redmi 4X,China,xiaomi_en
MAT136,mob,xiaomi,Xiaomi,A13,santoni,Redmi 4X,China Mobile,xiaomi_en
MDG1,mob,xiaomi,Xiaomi,D1,rosy,Redmi 5,Global,xiaomi_en
MDI1,mob,xiaomi,Xiaomi,D1,rosy,Redmi 5,India,xiaomi_en
MDE1,mob,xiaomi,Xiaomi,D1,rosy,Redmi 5,China,xiaomi_en
MDT1,mob,xiaomi,Xiaomi,D1,rosy,Redmi 5,China Mobile,xiaomi_en
MEG7,mob,xiaomi,Xiaomi,E7,vince,Redmi 5 Plus,Global,xiaomi_en
MEE7,mob,xiaomi,Xiaomi,E7,vince,Redmi 5 Plus,China,xiaomi_en
MET7,mob,xiaomi,Xiaomi,E7,vince,Redmi 5 Plus,China Mobile,xiaomi_en
MCG3B,mob,xiaomi,Xiaomi,C3B,riva,Redmi 5A,Global,xiaomi_en
MCI3B,mob,xiaomi,Xiaomi,C3B,riva,Redmi 5A,India,xiaomi_en
MCE3B,mob,xiaomi,Xiaomi,C3B,riva,Redmi 5A,China,xiaomi_en
MCT3B,mob,xiaomi,Xiaomi,C3B,riva,Redmi 5A,China Mobile,xiaomi_en
M1804C3DG,mob,xiaomi,Xiaomi,C3D,cereus,Redmi 6,Global,xiaomi_en
M1804C3DH,mob,xiaomi,Xiaomi,C3D,cereus,Redmi 6,Global,xiaomi_en
M1804C3DI,mob,xiaomi,Xiaomi,C3D,cereus,Redmi 6,India,xiaomi_en
M1804C3DE,mob,xiaomi,Xiaomi,C3D,cereus,Redmi 6,China,xiaomi_en
M1804C3DT,mob,xiaomi,Xiaomi,C3D,cereus,Redmi 6,China Mobile,xiaomi_en
M1804C3DC,mob,xiaomi,Xiaomi,C3D,cereus,Redmi 6,China Unicom & China Telecom,xiaomi_en
M1805D1SI,mob,xiaomi,Xiaomi,D1S,sakura,Redmi 6 Pro,India,xiaomi_en
M1805D1SE,mob,xiaomi,Xiaomi,D1S,sakura,Redmi 6 Pro,China,xiaomi_en
M1805D1ST,mob,xiaomi,Xiaomi,D1S,sakura,Redmi 6 Pro,China Mobile,xiaomi_en
M1805D1SC,mob,xiaomi,Xiaomi,D1S,sakura,Redmi 6 Pro,China Unicom & China Telecom,xiaomi_en
M1804C3CG,mob,xiaomi,Xiaomi,C3C,cactus,Redmi 6A,Global,xiaomi_en
M1804C3CH,mob,xiaomi,Xiaomi,C3C,cactus,Redmi 6A,Global,xiaomi_en
M1804C3CI,mob,xiaomi,Xiaomi,C3C,cactus,Redmi 6A,India,xiaomi_en
M1804C3CE,mob,xiaomi,Xiaomi,C3C,cactus,Redmi 6A,China,xiaomi_en
M1804C3CT,mob,xiaomi,Xiaomi,C3C,cactus,Redmi 6A,China Mobile,xiaomi_en
M1804C3CC,mob,xiaomi,Xiaomi,C3C,cactus,Redmi 6A,China Unicom & China Telecom,xiaomi_en
M1810F6LG,mob,xiaomi,Xiaomi,F6L,onclite,Redmi 7,Global,xiaomi_en
M1810F6LH,mob,xiaomi,Xiaomi,F6L,onclite,Redmi 7,Global,xiaomi_en
M1810F6LI,mob,xiaomi,Xiaomi,F6L,onclite,Redmi 7,India,xiaomi_en
M1810F6LE,mob,xiaomi,Xiaomi,F6L,onclite,Redmi 7,China,xiaomi_en
M1810F6LT,mob,xiaomi,Xiaomi,F6L,onclite,Redmi 7,Chinese Carrier Version,xiaomi_en
M1903C3EG,mob,xiaomi,Xiaomi,C3E,pine,Redmi 7A,Global,xiaomi_en
M1903C3EH,mob,xiaomi,Xiaomi,C3E,pine,Redmi 7A,Global,xiaomi_en
M1903C3EI,mob,xiaomi,Xiaomi,C3E,pine,Redmi 7A,India,xiaomi_en
M1903C3EE,mob,xiaomi,Xiaomi,C3E,pine,Redmi 7A,China,xiaomi_en
M1903C3ET,mob,xiaomi,Xiaomi,C3E,pine,Redmi 7A,China Mobile,xiaomi_en
M1903C3EC,mob,xiaomi,Xiaomi,C3E,pine,Redmi 7A,China Unicom & China Telecom,xiaomi_en
M1908C3IG,mob,xiaomi,Xiaomi,C3I,olive,Redmi 8,Global,xiaomi_en
M1908C3IH,mob,xiaomi,Xiaomi,C3I,olive,Redmi 8,Global,xiaomi_en
M1908C3II,mob,xiaomi,Xiaomi,C3I,olive,Redmi 8,India,xiaomi_en
M1908C3IE,mob,xiaomi,Xiaomi,C3I,olive,Redmi 8,China,xiaomi_en
M1908C3IC,mob,xiaomi,Xiaomi,C3I,olive,Redmi 8,Chinese Carrier Version,xiaomi_en
M1908C3KG,mob,xiaomi,Xiaomi,C3K,olivelite,Redmi 8A,Global,xiaomi_en
M1908C3KH,mob,xiaomi,Xiaomi,C3K,olivelite,Redmi 8A,Global,xiaomi_en
M1908C3KI,mob,xiaomi,Xiaomi,C3K,olivelite,Redmi 8A,India,xiaomi_en
M1908C3KE,mob,xiaomi,Xiaomi,C3K,olivelite,Redmi 8A,China,xiaomi_en
M2001C3K3I,mob,xiaomi,Xiaomi,C3K3,olivewood,Redmi 8A Dual,India,xiaomi_en
M2001C3K3I,mob,xiaomi,Xiaomi,C3K3,olivewood,Redmi 8A Pro,Global,xiaomi_en
M2004J19G,mob,xiaomi,Xiaomi,J19,lancelot,Redmi 9,Global,xiaomi_en
M2004J19I,mob,xiaomi,Xiaomi,J19,lancelot,Redmi 9 Prime,India,xiaomi_en
M2004J19C,mob,xiaomi,Xiaomi,J19,lancelot,Redmi 9,China,xiaomi_en
M2004J19AG,mob,xiaomi,Xiaomi,J19A,"lancelot, galahad",Redmi 9,Global (NFC),xiaomi_en
M2006C3LG,mob,xiaomi,Xiaomi,C3L,dandelion,Redmi 9A,Global,xiaomi_en
M2006C3LVG,mob,xiaomi,Xiaomi,C3L,dandelion,Redmi 9AT,Global,xiaomi_en
M2006C3LI,mob,xiaomi,Xiaomi,C3L,dandelion,Redmi 9A,India,xiaomi_en
M2006C3LI,mob,xiaomi,Xiaomi,C3L,dandelion,Redmi 9A,Sport India,xiaomi_en
M2006C3LII,mob,xiaomi,Xiaomi,C3L,dandelion,Redmi 9i,India,xiaomi_en
M2006C3LII,mob,xiaomi,Xiaomi,C3L,dandelion,Redmi 9i,Sport India,xiaomi_en
M2006C3LC,mob,xiaomi,Xiaomi,C3L,dandelion,Redmi 9A,China,xiaomi_en
M2006C3MG,mob,xiaomi,Xiaomi,C3M,angelica,Redmi 9C,Global,xiaomi_en
M2006C3MT,mob,xiaomi,Xiaomi,C3M,angelica,Redmi 9C,Thailand,xiaomi_en
M2006C3MNG,mob,xiaomi,Xiaomi,C3MN,angelican,Redmi 9C NFC,Global,xiaomi_en
M2006C3MII,mob,xiaomi,Xiaomi,C3MI,"angelica, cattail",Redmi 9,India,xiaomi_en
M2006C3MII,mob,xiaomi,Xiaomi,C3MI,"angelica, cattail",Redmi 9 Activ,India,xiaomi_en
M2010J19SG,mob,xiaomi,Xiaomi,J19S,lime,Redmi 9T,Global,xiaomi_en
M2010J19SI,mob,xiaomi,Xiaomi,J19S,lime,Redmi 9 Power,India,xiaomi_en
M2010J19SR,mob,xiaomi,Xiaomi,J19S,lime,Redmi 9T,Japan,xiaomi_en
M2010J19ST,mob,xiaomi,Xiaomi,J19S,lime,Redmi 9T,Thailand,xiaomi_en
M2010J19SY,mob,xiaomi,Xiaomi,J19N,"lime, lemon",Redmi 9T,Global (NFC),xiaomi_en
M2010J19SL,mob,xiaomi,Xiaomi,J19L,"lime, pomelo",Redmi 9T,Latin America,xiaomi_en
21061119AG,mob,xiaomi,Xiaomi,K19A,selene,Redmi 10,Global,xiaomi_en
21061119AL,mob,xiaomi,Xiaomi,K19A,selene,Redmi 10,Latin America,xiaomi_en
21061119BI,mob,xiaomi,Xiaomi,K19B,selene,Redmi 10 Prime,India,xiaomi_en
21061119DG,mob,xiaomi,Xiaomi,K19D,"selene, eos",Redmi 10,Global (NFC),xiaomi_en
21121119SG,mob,xiaomi,Xiaomi,K19S,selene,Redmi 10 2022,Global,xiaomi_en
21121119VL,mob,xiaomi,Xiaomi,K19V,selene,Redmi 10 2022,Latin America,xiaomi_en
22011119TI,mob,xiaomi,Xiaomi,K19T,selene,Redmi 10 Prime 2022,India,xiaomi_en
22011119UY,mob,xiaomi,Xiaomi,K19U,"selene, eos",Redmi 10 2022,Global (NFC),xiaomi_en
22041219G,mob,xiaomi,Xiaomi,L19,light,Redmi 10 5G,Global,xiaomi_en
22041219I,mob,xiaomi,Xiaomi,L19,light,Redmi 11 Prime 5G,India,xiaomi_en
22041219NY,mob,xiaomi,Xiaomi,L19N,"light, thunder",Redmi 10 5G,Global (NFC),xiaomi_en
220333QAG,mob,xiaomi,Xiaomi,C3QA,fog,Redmi 10C,Global,xiaomi_en
220333QBI,mob,xiaomi,Xiaomi,C3QB,fog,Redmi 10,India,xiaomi_en
220333QBI,mob,xiaomi,Xiaomi,C3QB,fog,Redmi 10,Power India,xiaomi_en
220333QNY,mob,xiaomi,Xiaomi,C3QN,"fog, rain",Redmi 10C,Global (NFC),xiaomi_en
220333QL,mob,xiaomi,Xiaomi,C3QL,"fog, wind",Redmi 10C,Latin America,xiaomi_en
220233L2G,mob,xiaomi,Xiaomi,C3L2,dandelion,Redmi 10A,Global,xiaomi_en
220233L2I,mob,xiaomi,Xiaomi,C3L2,dandelion,Redmi 10A,India,xiaomi_en
220233L2I,mob,xiaomi,Xiaomi,C3L2,dandelion,Redmi 10A,Sport India,xiaomi_en
220233L2C,mob,xiaomi,Xiaomi,C3L2,dandelion,Redmi 10A,China,xiaomi_en
22071219AI,mob,xiaomi,Xiaomi,L19A,rock,Redmi 11 Prime,India,xiaomi_en
23053RN02A,mob,xiaomi,Xiaomi,M19A,fire,Redmi 12,Global,xiaomi_en
23053RN02I,mob,xiaomi,Xiaomi,M19A,fire,Redmi 12,India,xiaomi_en
23053RN02L,mob,xiaomi,Xiaomi,M19L,fire,Redmi 12,Latin America,xiaomi_en
23053RN02Y,mob,xiaomi,Xiaomi,M19E,"fire, heat",Redmi 12,Global (NFC),xiaomi_en
23076RN8DY,mob,xiaomi,Xiaomi,M19N,"sky, river",Redmi 12 5G,Global (NFC),xiaomi_en
23077RABDC,mob,xiaomi,Xiaomi,M19P,"sky, river",Redmi 12 5G,China,xiaomi_en
23076RA4BR,mob,xiaomi,Xiaomi,M19J,"sky, river",Redmi 12 5G,Japan (SIM Free),xiaomi_en
XIG03,mob,xiaomi,Xiaomi,M19J,"sky, river",Redmi 12 5G,Japan (KDDI),xiaomi_en
A401XM,mob,xiaomi,Xiaomi,M19J,"sky, river",Redmi 12 5G,Japan (SoftBank),xiaomi_en
23076RN4BI,mob,xiaomi,Xiaomi,M19,sky,Redmi 12 5G,India,xiaomi_en
22120RN86G,mob,xiaomi,Xiaomi,C3T,earth,Redmi 12C,Global,xiaomi_en
22120RN86H,mob,xiaomi,Xiaomi,C3T,earth,Redmi 12C,India,xiaomi_en
22120RN86I,mob,xiaomi,Xiaomi,C3T,earth,Redmi 12C,India,xiaomi_en
22120RN86C,mob,xiaomi,Xiaomi,C3T,earth,Redmi 12C,China,xiaomi_en
2212ARNC4L,mob,xiaomi,Xiaomi,C3TL,earth,Redmi 12C,Latin America / Japan,xiaomi_en
22126RN91Y,mob,xiaomi,Xiaomi,C3TN,"earth, aether",Redmi 12C,Global (NFC),xiaomi_en
2404ARN45A,mob,xiaomi,Xiaomi,N19A,"moon, tides",Redmi 13,Global,xiaomi_en
2404ARN45A,mob,xiaomi,Xiaomi,N19A,"moon, tides",REDMI 13x,Global,xiaomi_en
2404ARN45I,mob,xiaomi,Xiaomi,N19A,"moon, tides",Redmi 13,India,xiaomi_en
24049RN28L,mob,xiaomi,Xiaomi,N19L,"moon, tides",Redmi 13,Latin America,xiaomi_en
24049RN28L,mob,xiaomi,Xiaomi,N19L,"moon, tides",REDMI 13x,Latin America,xiaomi_en
24040RN64Y,mob,xiaomi,Xiaomi,N19E,moon,Redmi 13,Global (NFC),xiaomi_en
24040RN64Y,mob,xiaomi,Xiaomi,N19E,moon,REDMI 13x,Global (NFC),xiaomi_en
2406ERN9CI,mob,xiaomi,Xiaomi,N19,breeze,Redmi 13 5G,India,xiaomi_en
23106RN0DA,mob,xiaomi,Xiaomi,C3UA,gale,Redmi 13C,Global,xiaomi_en
2311DRN14I,mob,xiaomi,Xiaomi,C3U,gale,Redmi 13C,India,xiaomi_en
23100RN82L,mob,xiaomi,Xiaomi,C3UL,gale,Redmi 13C,Latin America,xiaomi_en
23108RN04Y,mob,xiaomi,Xiaomi,C3UN,"gale, gust",Redmi 13C,Global (NFC),xiaomi_en
23124RN87G,mob,xiaomi,Xiaomi,C3V,"air, atmos",Redmi 13C 5G,Global,xiaomi_en
23124RN87I,mob,xiaomi,Xiaomi,C3V,air,Redmi 13C 5G,India,xiaomi_en
23124RN87C,mob,xiaomi,Xiaomi,C3V,air,Redmi 13C 5G,China,xiaomi_en
23124RN87C,mob,xiaomi,Xiaomi,C3V,air,Redmi 13R 5G,China,xiaomi_en
2409BRN2CA,mob,xiaomi,Xiaomi,C3N,"lake, pond",Redmi 14C,Global,xiaomi_en
2409BRN2CI,mob,xiaomi,Xiaomi,C3N,"lake, pond",Redmi 14C,India,xiaomi_en
2409BRN2CL,mob,xiaomi,Xiaomi,C3N,"lake, pond",Redmi 14C,Latin America / Japan / Korea,xiaomi_en
2409BRN2CC,mob,xiaomi,Xiaomi,C3N,"lake, pond",Redmi 14C,China,xiaomi_en
2409BRN2CC,mob,xiaomi,Xiaomi,C3N,"lake, pond",REDMI 17C,China,xiaomi_en
2409BRN2CY,mob,xiaomi,Xiaomi,C3N,lake,Redmi 14C,Global (NFC),xiaomi_en
2411DRN47G,mob,xiaomi,Xiaomi,C3F,"flame, blaze",Redmi 14C 5G,Global,xiaomi_en
2411DRN47R,mob,xiaomi,Xiaomi,C3F,"flame, blaze",Redmi 14C 5G,Japan,xiaomi_en
2411DRN47C,mob,xiaomi,Xiaomi,C3F,flame,Redmi 14R 5G,China,xiaomi_en
2411DRN47I,mob,xiaomi,Xiaomi,C3F,flame,Redmi 14C 5G,India,xiaomi_en
25062RN2DA,mob,xiaomi,Xiaomi,O19A,creek,REDMI 15,Global,xiaomi_en
25062RN2DY,mob,xiaomi,Xiaomi,O19A,creek,REDMI 15,Global (NFC),xiaomi_en
25062RN2DE,mob,xiaomi,Xiaomi,O19A,creek,REDMI 15,Europe,xiaomi_en
25062RN2DL,mob,xiaomi,Xiaomi,O19A,creek,REDMI 15,Latin America,xiaomi_en
25057RN09G,mob,xiaomi,Xiaomi,O19,spring,REDMI 15 5G,Global,xiaomi_en
25057RN09E,mob,xiaomi,Xiaomi,O19,spring,REDMI 15 5G,Europe,xiaomi_en
25057RN09I,mob,xiaomi,Xiaomi,O19,spring,REDMI 15 5G,India,xiaomi_en
25057RN09R,mob,xiaomi,Xiaomi,O19,spring,REDMI 15 5G,Japan (SIM Free),xiaomi_en
A501XM,mob,xiaomi,Xiaomi,O19,spring,REDMI 15 5G,Japan (SoftBank),xiaomi_en
25078RA3EA,mob,xiaomi,Xiaomi,P15A,dew,REDMI 15C,Global,xiaomi_en
25078RA3EY,mob,xiaomi,Xiaomi,P15A,dew,REDMI 15C,Global (NFC),xiaomi_en
25078RA3EE,mob,xiaomi,Xiaomi,P15A,dew,REDMI 15C,Europe,xiaomi_en
25078RA3EL,mob,xiaomi,Xiaomi,P15A,dew,REDMI 15C,Latin America,xiaomi_en
2508CRN2BG,mob,xiaomi,Xiaomi,P15,tornado,REDMI 15C 5G,Global,xiaomi_en
2508CRN2BE,mob,xiaomi,Xiaomi,P15,tornado,REDMI 15C 5G,Europe,xiaomi_en
2508CRN2BI,mob,xiaomi,Xiaomi,P15,tornado,REDMI 15C 5G,India,xiaomi_en
2508CRN2BR,mob,xiaomi,Xiaomi,P15,tornado,REDMI 15C 5G,Japan,xiaomi_en
25082RNC1C,mob,xiaomi,Xiaomi,P15X,tornado,REDMI 15R 5G,China,xiaomi_en
2602BRNA4I,mob,xiaomi,Xiaomi,P25,somalia,REDMI 15A 5G,India,xiaomi_en
2602BRNA4C,mob,xiaomi,Xiaomi,P25,somalia,REDMI 17 5G,China,xiaomi_en
2014018,mob,xiaomi,Xiaomi,H3W,lcsh92_wet_gb9,Redmi Note,WCDMA (1GB RAM),xiaomi_en
2013121,mob,xiaomi,Xiaomi,H3W,lcsh92_wet_gb9,Redmi Note,WCDMA (2GB RAM),xiaomi_en
2014017,mob,xiaomi,Xiaomi,H3TD,lcsh92_wet_xm_td,Redmi Note,TD-SCDMA (1GB RAM),xiaomi_en
2013122,mob,xiaomi,Xiaomi,H3TD,lcsh92_wet_xm_td,Redmi Note,TD-SCDMA (2GB RAM),xiaomi_en
2014715,mob,xiaomi,Xiaomi,H3LTE,dior,Redmi Note 4G,Global,xiaomi_en
2014712,mob,xiaomi,Xiaomi,H3LTE,dior,Redmi Note 4G,India,xiaomi_en
2014022,mob,xiaomi,Xiaomi,H3LTE,dior,Redmi Note 4G,China Mobile,xiaomi_en
2014021,mob,xiaomi,Xiaomi,H3LTE,dior,Redmi Note 4G,China Unicom,xiaomi_en
2014912,mob,xiaomi,Xiaomi,H3X,gucci,Redmi Note 1S,China Unicom,xiaomi_en
2014912,mob,xiaomi,Xiaomi,H3X,gucci,Redmi Note Prime,India,xiaomi_en
2014915,mob,xiaomi,Xiaomi,H3X,gucci,Redmi Note 1S,China Mobile,xiaomi_en
2014911,mob,xiaomi,Xiaomi,H3X,gucci,Redmi Note 1S,China Mobile,xiaomi_en
2014916,mob,xiaomi,Xiaomi,H3X,gucci,Redmi Note 1S,China Telecom,xiaomi_en
2014910,mob,xiaomi,Xiaomi,H3X,gucci,Redmi Note 1S,China Telecom,xiaomi_en
2015051,mob,xiaomi,Xiaomi,H3Y,hermes,Redmi Note 2,16GB,xiaomi_en
2015712,mob,xiaomi,Xiaomi,H3Y,hermes,Redmi Note 2,32GB,xiaomi_en
2015052,mob,xiaomi,Xiaomi,H3Y,hermes,Redmi Note 2,(16GB) China Mobile,xiaomi_en
2015055,mob,xiaomi,Xiaomi,H3Y,hermes,Redmi Note 2,(16GB) China Mobile,xiaomi_en
2015056,mob,xiaomi,Xiaomi,H3Y,hermes,Redmi Note 2,(32GB) China Mobile,xiaomi_en
2015617,mob,xiaomi,Xiaomi,H3Z,hennessy,Redmi Note 3,(MediaTek) China,xiaomi_en
2015611,mob,xiaomi,Xiaomi,H3Z,hennessy,Redmi Note 3,(MediaTek) China Mobile,xiaomi_en
2015116,mob,xiaomi,Xiaomi,H3A,kenzo,Redmi Note 3,(Qualcomm) Global,xiaomi_en
2015112,mob,xiaomi,Xiaomi,H3A,kenzo,Redmi Note 3,(Qualcomm) China,xiaomi_en
2015115,mob,xiaomi,Xiaomi,H3A,kenzo,Redmi Note 3,(Qualcomm) China,xiaomi_en
2015161,mob,xiaomi,Xiaomi,H3B,kate,Redmi Note 3,(Special Edition) Taiwan,xiaomi_en
2016050,mob,xiaomi,Xiaomi,B6L,nikel,Redmi Note 4,(MediaTek) China / Global,xiaomi_en
2016051,mob,xiaomi,Xiaomi,B6L,nikel,Redmi Note 4,(MediaTek) China Mobile,xiaomi_en
2016100,mob,xiaomi,Xiaomi,C6,mido,Redmi Note 4,(Qualcomm) Global,xiaomi_en
2016102,mob,xiaomi,Xiaomi,C6,mido,Redmi Note 4,(Qualcomm) Global,xiaomi_en
2016101,mob,xiaomi,Xiaomi,C6,mido,Redmi Note 4X,(Qualcomm) China,xiaomi_en
2016130,mob,xiaomi,Xiaomi,C6,mido,Redmi Note 4X,(Qualcomm) China Mobile,xiaomi_en
MBE6A5,mob,xiaomi,Xiaomi,B6A,nikel,Redmi Note 4X,(MediaTek) China,xiaomi_en
MBT6A5,mob,xiaomi,Xiaomi,B6A,nikel,Redmi Note 4X,(MediaTek) China Mobile,xiaomi_en
MEI7,mob,xiaomi,Xiaomi,E7,vince,Redmi Note 5,India,xiaomi_en
M1803E7SG,mob,xiaomi,Xiaomi,E7S,whyred,Redmi Note 5,Global,xiaomi_en
M1803E7SH,mob,xiaomi,Xiaomi,E7S,whyred,Redmi Note 5,Global,xiaomi_en
MEI7S,mob,xiaomi,Xiaomi,E7S,whyred,Redmi Note 5 Pro,India,xiaomi_en
MEE7S,mob,xiaomi,Xiaomi,E7S,whyred,Redmi Note 5,China,xiaomi_en
MET7S,mob,xiaomi,Xiaomi,E7S,whyred,Redmi Note 5,China Mobile,xiaomi_en
MEC7S,mob,xiaomi,Xiaomi,E7S,whyred,Redmi Note 5,China Unicom & China Telecom,xiaomi_en
MDG6,mob,xiaomi,Xiaomi,D6,ugglite,Redmi Note 5A,Global,xiaomi_en
MDI6,mob,xiaomi,Xiaomi,D6,ugglite,Redmi Y1 Lite,India,xiaomi_en
MDE6,mob,xiaomi,Xiaomi,D6,ugglite,Redmi Note 5A,China,xiaomi_en
MDT6,mob,xiaomi,Xiaomi,D6,ugglite,Redmi Note 5A,China Mobile,xiaomi_en
MDG6S,mob,xiaomi,Xiaomi,D6S,ugg,Redmi Note 5A,Prime Global,xiaomi_en
MDI6S,mob,xiaomi,Xiaomi,D6S,ugg,Redmi Y1,India,xiaomi_en
MDE6S,mob,xiaomi,Xiaomi,D6S,ugg,Redmi Note 5A,Prime China,xiaomi_en
MDT6S,mob,xiaomi,Xiaomi,D6S,ugg,Redmi Note 5A,Prime China Mobile,xiaomi_en
M1806E7TG,mob,xiaomi,Xiaomi,E7T,tulip,Redmi Note 6 Pro,Global,xiaomi_en
M1806E7TH,mob,xiaomi,Xiaomi,E7T,tulip,Redmi Note 6 Pro,Global,xiaomi_en
M1806E7TI,mob,xiaomi,Xiaomi,E7T,tulip,Redmi Note 6 Pro,India,xiaomi_en
M1901F7G,mob,xiaomi,Xiaomi,F7A,lavender,Redmi Note 7,Global,xiaomi_en
M1901F7H,mob,xiaomi,Xiaomi,F7A,lavender,Redmi Note 7,Global,xiaomi_en
M1901F7I,mob,xiaomi,Xiaomi,F7A,lavender,Redmi Note 7,India,xiaomi_en
M1901F7I,mob,xiaomi,Xiaomi,F7A,lavender,Redmi Note 7S,India,xiaomi_en
M1901F7E,mob,xiaomi,Xiaomi,F7A,lavender,Redmi Note 7,China,xiaomi_en
M1901F7T,mob,xiaomi,Xiaomi,F7A,lavender,Redmi Note 7,China Mobile,xiaomi_en
M1901F7C,mob,xiaomi,Xiaomi,F7A,lavender,Redmi Note 7,China Unicom & China Telecom,xiaomi_en
M1901F7S,mob,xiaomi,Xiaomi,F7B,violet,Redmi Note 7 Pro,India,xiaomi_en
M1901F7BE,mob,xiaomi,Xiaomi,F7B,violet,Redmi Note 7 Pro,China,xiaomi_en
M1908C3JG,mob,xiaomi,Xiaomi,C3J,ginkgo,Redmi Note 8,Global,xiaomi_en
M1908C3JH,mob,xiaomi,Xiaomi,C3J,ginkgo,Redmi Note 8,Global,xiaomi_en
M1908C3JI,mob,xiaomi,Xiaomi,C3J,ginkgo,Redmi Note 8,India,xiaomi_en
M1908C3JE,mob,xiaomi,Xiaomi,C3J,ginkgo,Redmi Note 8,China,xiaomi_en
M1908C3JC,mob,xiaomi,Xiaomi,C3J,ginkgo,Redmi Note 8,Chinese Carrier Version,xiaomi_en
M1908C3XG,mob,xiaomi,Xiaomi,C3X,willow,Redmi Note 8T,Global,xiaomi_en
M1908C3JGG,mob,xiaomi,Xiaomi,C3JG,biloba,Redmi Note 8 (2021),Global,xiaomi_en
M1906G7G,mob,xiaomi,Xiaomi,G7,begonia,Redmi Note 8 Pro,Global,xiaomi_en
M1906G7E,mob,xiaomi,Xiaomi,G7,begonia,Redmi Note 8 Pro,China,xiaomi_en
M1906G7T,mob,xiaomi,Xiaomi,G7,begonia,Redmi Note 8 Pro,Chinese Carrier Version,xiaomi_en
M1906G7I,mob,xiaomi,Xiaomi,G7,begoniain,Redmi Note 8 Pro,India,xiaomi_en
M2003J15SS,mob,xiaomi,Xiaomi,J15S,merlin,Redmi Note 9,Global,xiaomi_en
M2003J15SI,mob,xiaomi,Xiaomi,J15S,merlin,Redmi Note 9,India,xiaomi_en
M2003J15SG,mob,xiaomi,Xiaomi,J15S,"merlin, merlinnfc",Redmi Note 9,Global (NFC),xiaomi_en
M2010J19SC,mob,xiaomi,Xiaomi,J19S,lime,Redmi Note 9 4G,China,xiaomi_en
M2007J22C,mob,xiaomi,Xiaomi,J22,cannon,Redmi Note 9 5G,China,xiaomi_en
M2007J22G,mob,xiaomi,Xiaomi,J22,cannong,Redmi Note 9T,5G Global,xiaomi_en
M2007J22R,mob,xiaomi,Xiaomi,J22,cannong,Redmi Note 9T,5G Japan (SoftBank),xiaomi_en
A001XM,mob,xiaomi,Xiaomi,J22,cannong,Redmi Note 9T,5G Japan (SoftBank),xiaomi_en
M2003J6A1G,mob,xiaomi,Xiaomi,J6A1,"curtana, miatoll",Redmi Note 9S,Global,xiaomi_en
M2003J6A1R,mob,xiaomi,Xiaomi,J6A1,"curtana, miatoll",Redmi Note 9S,Japan,xiaomi_en
M2003J6A1R,mob,xiaomi,Xiaomi,J6A1,"curtana, miatoll",Redmi Note 9S,Korea,xiaomi_en
M2003J6A1I,mob,xiaomi,Xiaomi,J6A1,"curtana, miatoll",Redmi Note 9 Pro,India,xiaomi_en
M2003J6B1I,mob,xiaomi,Xiaomi,J6B1,"excalibur, miatoll",Redmi Note 9 Pro Max,India,xiaomi_en
M2003J6B2G,mob,xiaomi,Xiaomi,J6B2,"joyeuse, miatoll",Redmi Note 9 Pro,Global,xiaomi_en
M2007J17C,mob,xiaomi,Xiaomi,J17,"gauguin, gauguinpro",Redmi Note 9 Pro,5G China,xiaomi_en
M2101K7AG,mob,xiaomi,Xiaomi,K7A,mojito,Redmi Note 10,Global,xiaomi_en
M2101K7AI,mob,xiaomi,Xiaomi,K7A,mojito,Redmi Note 10,India,xiaomi_en
M2101K7BG,mob,xiaomi,Xiaomi,K7B,"rosemary, secret",Redmi Note 10S,Global,xiaomi_en
M2101K7BI,mob,xiaomi,Xiaomi,K7B,"rosemary, secret",Redmi Note 10S,India,xiaomi_en
M2101K7BNY,mob,xiaomi,Xiaomi,K7BN,rosemary,Redmi Note 10S,Global (NFC),xiaomi_en
M2101K7BL,mob,xiaomi,Xiaomi,K7BL,"rosemary, maltose",Redmi Note 10S,Latin America,xiaomi_en
M2103K19G,mob,xiaomi,Xiaomi,K19,camellian,Redmi Note 10 5G,Global,xiaomi_en
M2103K19Y,mob,xiaomi,Xiaomi,K19,camellian,Redmi Note 10T,Global,xiaomi_en
M2103K19I,mob,xiaomi,Xiaomi,K19,camellia,Redmi Note 10T,5G India,xiaomi_en
M2103K19C,mob,xiaomi,Xiaomi,K19,camellia,Redmi Note 10 5G,China,xiaomi_en
M2103K19C,mob,xiaomi,Xiaomi,K19,camellia,Redmi Note 11SE,5G China,xiaomi_en
M2104K19J,mob,xiaomi,Xiaomi,K19J,iris,Redmi Note 10 JE,Japan (KDDI),xiaomi_en
XIG02,mob,xiaomi,Xiaomi,K19J,iris,Redmi Note 10 JE,Japan (KDDI),xiaomi_en
22021119KR,mob,xiaomi,Xiaomi,K19K,lilac,Redmi Note 10T,Japan (SIM Free),xiaomi_en
A101XM,mob,xiaomi,Xiaomi,K19K,lilac,Redmi Note 10T,Japan (SoftBank),xiaomi_en
M2101K6G,mob,xiaomi,Xiaomi,K6,sweet,Redmi Note 10 Pro,Global,xiaomi_en
M2101K6T,mob,xiaomi,Xiaomi,K6,sweet,Redmi Note 10 Pro,Thailand,xiaomi_en
M2101K6R,mob,xiaomi,Xiaomi,K6,sweet,Redmi Note 10 Pro,Japan,xiaomi_en
M2101K6P,mob,xiaomi,Xiaomi,K6,sweetin,Redmi Note 10 Pro,India,xiaomi_en
M2101K6I,mob,xiaomi,Xiaomi,K6,sweetin,Redmi Note 10 Pro Max,India,xiaomi_en
M2104K10AC,mob,xiaomi,Xiaomi,K10A,chopin,Redmi Note 10 Pro,5G China,xiaomi_en
2109106A1I,mob,xiaomi,Xiaomi,J6A1,"curtana, miatoll",Redmi Note 10 Lite,India,xiaomi_en
21121119SC,mob,xiaomi,Xiaomi,K19S,"selene, selenes",Redmi Note 11 4G,China,xiaomi_en
2201117TG,mob,xiaomi,Xiaomi,K7T,spes,Redmi Note 11,Global,xiaomi_en
2201117TI,mob,xiaomi,Xiaomi,K7T,spes,Redmi Note 11,India,xiaomi_en
2201117TL,mob,xiaomi,Xiaomi,K7TL,spes,Redmi Note 11,Latin America,xiaomi_en
2201117TY,mob,xiaomi,Xiaomi,K7T,spesn,Redmi Note 11,Global (NFC),xiaomi_en
21091116AI,mob,xiaomi,Xiaomi,K16A,evergo,Redmi Note 11T,5G India,xiaomi_en
21091116AC,mob,xiaomi,Xiaomi,K16A,evergo,Redmi Note 11 5G,China,xiaomi_en
22041219C,mob,xiaomi,Xiaomi,L19,light,Redmi Note 11E 5G,China,xiaomi_en
2201117SG,mob,xiaomi,Xiaomi,K7S,"fleur, miel",Redmi Note 11S,Global,xiaomi_en
2201117SI,mob,xiaomi,Xiaomi,K7S,"fleur, miel",Redmi Note 11S,India,xiaomi_en
2201117SL,mob,xiaomi,Xiaomi,K7SL,"fleur, miel",Redmi Note 11S,Latin America,xiaomi_en
2201117SY,mob,xiaomi,Xiaomi,K7S,fleur,Redmi Note 11S,Global (NFC),xiaomi_en
22087RA4DI,mob,xiaomi,Xiaomi,K7BR,"rosemary, secret",Redmi Note 11 SE,India,xiaomi_en
22031116BG,mob,xiaomi,Xiaomi,K16B,opal,Redmi Note 11S 5G,Global,xiaomi_en
2201116TG,mob,xiaomi,Xiaomi,K6T,viva,Redmi Note 11 Pro,Global,xiaomi_en
2201116TI,mob,xiaomi,Xiaomi,K6T,vida,Redmi Note 11 Pro,India,xiaomi_en
2201116SG,mob,xiaomi,Xiaomi,K6S,veux,Redmi Note 11 Pro 5G,Global,xiaomi_en
2201116SR,mob,xiaomi,Xiaomi,K6S,veux,Redmi Note 11 Pro 5G,Japan,xiaomi_en
2201116SC,mob,xiaomi,Xiaomi,K6S,veux,Redmi Note 11E Pro,5G China,xiaomi_en
2201116SI,mob,xiaomi,Xiaomi,K6S,"veux, peux",Redmi Note 11 Pro+ 5G,India,xiaomi_en
21091116C,mob,xiaomi,Xiaomi,K16,pissarro,Redmi Note 11 Pro,5G China,xiaomi_en
21091116UG,mob,xiaomi,Xiaomi,K16U,"pissarro, pissarropro",Redmi Note 11 Pro+,5G Global,xiaomi_en
21091116UC,mob,xiaomi,Xiaomi,K16U,"pissarro, pissarropro",Redmi Note 11 Pro+,5G China,xiaomi_en
22041216C,mob,xiaomi,Xiaomi,L16,xaga,Redmi Note 11T Pro,5G China,xiaomi_en
22041216UC,mob,xiaomi,Xiaomi,L16U,"xaga, xagapro",Redmi Note 11T Pro+,5G China,xiaomi_en
22095RA98C,mob,xiaomi,Xiaomi,L19X,"light, lightcm",Redmi Note 11R,5G China,xiaomi_en
23021RAAEG,mob,xiaomi,Xiaomi,M7,tapas,Redmi Note 12,Global,xiaomi_en
23027RAD4I,mob,xiaomi,Xiaomi,M7U,tapas,Redmi Note 12,India,xiaomi_en
23028RA60L,mob,xiaomi,Xiaomi,M7L,tapas,Redmi Note 12,Latin America,xiaomi_en
23021RAA2Y,mob,xiaomi,Xiaomi,M7N,topaz,Redmi Note 12,Global (NFC),xiaomi_en
22111317G,mob,xiaomi,Xiaomi,M17,sunstone,Redmi Note 12 5G,Global,xiaomi_en
22111317I,mob,xiaomi,Xiaomi,M17,sunstone,Redmi Note 12 5G,India,xiaomi_en
22101317C,mob,xiaomi,Xiaomi,M17,sunstone,Redmi Note 12 5G,China,xiaomi_en
22101317C,mob,xiaomi,Xiaomi,M17,sunstone,Redmi Note 12R Pro,China,xiaomi_en
23076RA4BC,mob,xiaomi,Xiaomi,M19,sky,Redmi Note 12R,China,xiaomi_en
23076RA4BC,mob,xiaomi,Xiaomi,M19,sky,Redmi 12R,China,xiaomi_en
2303CRA44A,mob,xiaomi,Xiaomi,K7SR,"sea, ocean",Redmi Note 12S,Global,xiaomi_en
2303ERA42L,mob,xiaomi,Xiaomi,K7SRL,"sea, ocean",Redmi Note 12S,Latin America,xiaomi_en
23030RAC7Y,mob,xiaomi,Xiaomi,K7SRN,sea,Redmi Note 12S,Global (NFC),xiaomi_en
2209116AG,mob,xiaomi,Xiaomi,K6A,"sweet, sweet_k6a",Redmi Note 12 Pro,Global,xiaomi_en
22101316G,mob,xiaomi,Xiaomi,M16,ruby,Redmi Note 12 Pro 5G,Global,xiaomi_en
22101316I,mob,xiaomi,Xiaomi,M16,ruby,Redmi Note 12 Pro 5G,India,xiaomi_en
22101316C,mob,xiaomi,Xiaomi,M16,ruby,Redmi Note 12 Pro 5G,China,xiaomi_en
22101316UG,mob,xiaomi,Xiaomi,M16U,"ruby, rubypro",Redmi Note 12 Pro+ 5G,Global,xiaomi_en
22101316UP,mob,xiaomi,Xiaomi,M16U,"ruby, rubypro",Redmi Note 12 Pro+ 5G,India,xiaomi_en
22101316UCP,mob,xiaomi,Xiaomi,M16U,"ruby, rubypro",Redmi Note 12 Pro+ 5G,China,xiaomi_en
22101316UC,mob,xiaomi,Xiaomi,M16U,"ruby, rubyplus",Redmi Note 12 Discovery Edition,China,xiaomi_en
22101320C,mob,xiaomi,Xiaomi,M20,redwood,Redmi Note 12 Pro Speed,China,xiaomi_en
23054RA19C,mob,xiaomi,Xiaomi,L16S,pearl,Redmi Note 12T Pro,China,xiaomi_en
23049RAD8C,mob,xiaomi,Xiaomi,M16T,marble,Redmi Note 12 Turbo,China,xiaomi_en
23129RAA4G,mob,xiaomi,Xiaomi,N7,sapphire,Redmi Note 13,Global,xiaomi_en
23129RA5FL,mob,xiaomi,Xiaomi,N7L,sapphire,Redmi Note 13,Latin America,xiaomi_en
23124RA7EO,mob,xiaomi,Xiaomi,N7N,sapphiren,Redmi Note 13,Global (NFC),xiaomi_en
2312DRAABG,mob,xiaomi,Xiaomi,N17,"gold, iron",Redmi Note 13 5G,Global,xiaomi_en
2312DRAABI,mob,xiaomi,Xiaomi,N17,gold,Redmi Note 13 5G,India,xiaomi_en
2312DRAABC,mob,xiaomi,Xiaomi,N17,gold,Redmi Note 13 5G,China,xiaomi_en
23117RA68G,mob,xiaomi,Xiaomi,N6,emerald,Redmi Note 13 Pro,Global,xiaomi_en
2312DRA50G,mob,xiaomi,Xiaomi,N16,garnet,Redmi Note 13 Pro 5G,Global,xiaomi_en
2312DRA50I,mob,xiaomi,Xiaomi,N16,garnet,Redmi Note 13 Pro 5G,India,xiaomi_en
2312DRA50C,mob,xiaomi,Xiaomi,N16,garnet,Redmi Note 13 Pro 5G,China (LPDDR4x + UFS 2.2),xiaomi_en
XIG05,mob,xiaomi,Xiaomi,N16,garnet,Redmi Note 13 Pro 5G,Japan (KDDI),xiaomi_en
2312CRAD3C,mob,xiaomi,Xiaomi,N16S,garnet,Redmi Note 13 Pro 5G,China (LPDDR5 + UFS 3.1),xiaomi_en
23090RA98G,mob,xiaomi,Xiaomi,N16U,zircon,Redmi Note 13 Pro+ 5G,Global,xiaomi_en
23090RA98I,mob,xiaomi,Xiaomi,N16U,zircon,Redmi Note 13 Pro+ 5G,India,xiaomi_en
23090RA98C,mob,xiaomi,Xiaomi,N16U,zircon,Redmi Note 13 Pro+ 5G,China,xiaomi_en
24040RA98R,mob,xiaomi,Xiaomi,N16U,zircon,Redmi Note 13 Pro+ 5G,Japan,xiaomi_en
2406ERN9CC,mob,xiaomi,Xiaomi,N19,breeze,Redmi Note 13R,China,xiaomi_en
2311FRAFDC,mob,xiaomi,Xiaomi,N17A,gold,Redmi Note 13R Pro,China,xiaomi_en
24117RN76G,mob,xiaomi,Xiaomi,O7,tanzanite,Redmi Note 14,Global,xiaomi_en
24117RN76E,mob,xiaomi,Xiaomi,O7,tanzanite,Redmi Note 14,Europe,xiaomi_en
24117RN76L,mob,xiaomi,Xiaomi,O7,tanzanite,Redmi Note 14,Latin America,xiaomi_en
24117RN76O,mob,xiaomi,Xiaomi,O7,tanzanite,Redmi Note 14,Global (NFC),xiaomi_en
24094RAD4G,mob,xiaomi,Xiaomi,O17,"beryl, citrine",Redmi Note 14 5G,Global,xiaomi_en
24094RAD4I,mob,xiaomi,Xiaomi,O17,beryl,Redmi Note 14 5G,India,xiaomi_en
24094RAD4I,mob,xiaomi,Xiaomi,O17,beryl,Redmi Note 14 SE 5G,India,xiaomi_en
24094RAD4C,mob,xiaomi,Xiaomi,O17,beryl,Redmi Note 14 5G,China,xiaomi_en
24094RAD4C,mob,xiaomi,Xiaomi,O17,beryl,REDMI Note 15R Pro,China,xiaomi_en
2502FRA65G,mob,xiaomi,Xiaomi,N6R,"emerald, emerald_r",Redmi Note 14S,Global,xiaomi_en
24116RACCG,mob,xiaomi,Xiaomi,O6,obsidian,Redmi Note 14 Pro,Global,xiaomi_en
24090RA29G,mob,xiaomi,Xiaomi,O16,malachite,Redmi Note 14 Pro 5G,Global,xiaomi_en
24090RA29I,mob,xiaomi,Xiaomi,O16,malachite,Redmi Note 14 Pro 5G,India,xiaomi_en
24090RA29C,mob,xiaomi,Xiaomi,O16,malachite,Redmi Note 14 Pro 5G,China,xiaomi_en
24115RA8EG,mob,xiaomi,Xiaomi,O16U,amethyst,Redmi Note 14 Pro+ 5G,Global,xiaomi_en
24115RA8EI,mob,xiaomi,Xiaomi,O16U,amethyst,Redmi Note 14 Pro+ 5G,India,xiaomi_en
24115RA8EC,mob,xiaomi,Xiaomi,O16U,amethyst,Redmi Note 14 Pro+ 5G,China,xiaomi_en
2510DRA23G,mob,xiaomi,Xiaomi,P7,spinel,REDMI Note 15,Global,xiaomi_en
2510DRA23E,mob,xiaomi,Xiaomi,P7,spinel,REDMI Note 15,Europe,xiaomi_en
2510DRA23L,mob,xiaomi,Xiaomi,P7,spinel,REDMI Note 15,Latin America,xiaomi_en
25098RA98G,mob,xiaomi,Xiaomi,P17,kunzite,REDMI Note 15 5G,Global,xiaomi_en
25098RA98E,mob,xiaomi,Xiaomi,P17,kunzite,REDMI Note 15 5G,Europe,xiaomi_en
25098RA98I,mob,xiaomi,Xiaomi,P17,kunzite,REDMI Note 15 5G,India,xiaomi_en
25098RA98C,mob,xiaomi,Xiaomi,P17,kunzite,REDMI Note 15 5G,China,xiaomi_en
25098RA98T,mob,xiaomi,Xiaomi,P17,kunzite,REDMI Note 15 5G,Saudi Arabia,xiaomi_en
26022PCACI,mob,xiaomi,Xiaomi,P17,kunzite,REDMI Note 15 SE 5G,India,xiaomi_en
25100RA69G,mob,xiaomi,Xiaomi,P6,charoite,REDMI Note 15 Pro,Global,xiaomi_en
25080RABDG,mob,xiaomi,Xiaomi,P16,lapis,REDMI Note 15 Pro 5G,Global,xiaomi_en
25080RABDI,mob,xiaomi,Xiaomi,P16,lapis,REDMI Note 15 Pro 5G,India,xiaomi_en
25080RABDR,mob,xiaomi,Xiaomi,P16,lapis,REDMI Note 15 Pro 5G,Japan,xiaomi_en
25080RABDC,mob,xiaomi,Xiaomi,P16,lapis,REDMI Note 15 Pro 5G,China,xiaomi_en
25080RABDT,mob,xiaomi,Xiaomi,P16,lapis,REDMI Note 15 Pro 5G,Saudi Arabia,xiaomi_en
2510ERA8BG,mob,xiaomi,Xiaomi,P16U,flourite,REDMI Note 15 Pro+ 5G,Global,xiaomi_en
2510ERA8BI,mob,xiaomi,Xiaomi,P16U,flourite,REDMI Note 15 Pro+ 5G,India,xiaomi_en
2510ERA8BC,mob,xiaomi,Xiaomi,P16U,flourite,REDMI Note 15 Pro+ 5G,China,xiaomi_en
2510ERA8BT,mob,xiaomi,Xiaomi,P16U,flourite,REDMI Note 15 Pro+ 5G,Saudi Arabia,xiaomi_en
25104RADAC,mob,xiaomi,Xiaomi,P16US,flourite,REDMI Note 15 Pro+ 5G,Satellite China,xiaomi_en
25057RA09C,mob,xiaomi,Xiaomi,O19,spring,REDMI Note 15R,China,xiaomi_en
26081RA18G,mob,xiaomi,Xiaomi,P19,mist,REDMI Note 17 5G,Global,xiaomi_en
26021RN18C,mob,xiaomi,Xiaomi,P19,mist,REDMI Note 17 5G,China,xiaomi_en
26021RN18I,mob,xiaomi,Xiaomi,P19,mist,REDMI Note 17 5G,India,xiaomi_en
26081RA18L,mob,xiaomi,Xiaomi,P19,mist,REDMI Note 17 5G,Latin America,xiaomi_en
2607DRA18G,mob,xiaomi,Xiaomi,Q16,"iolite, moscow",REDMI Note 17 Pro 5G,Global,xiaomi_en
2607DRA18C,mob,xiaomi,Xiaomi,Q16,"iolite, moscow",REDMI Note 17 Pro 5G,China,xiaomi_en
2607DRA18I,mob,xiaomi,Xiaomi,Q16,"iolite, moscow",REDMI Note 17 Pro 5G,India,xiaomi_en
2607DRA18T,mob,xiaomi,Xiaomi,Q16,"iolite, moscow",REDMI Note 17 Pro 5G,Saudi Arabia,xiaomi_en
M2004J7AC,mob,xiaomi,Xiaomi,J7A,atom,Redmi 10X 5G,China,xiaomi_en
M2004J7BC,mob,xiaomi,Xiaomi,J7B,bomb,Redmi 10X Pro 5G,China,xiaomi_en
M2003J15SC,mob,xiaomi,Xiaomi,J15S,merlin,Redmi 10X 4G,China,xiaomi_en
24069RA21C,mob,xiaomi,Xiaomi,N16T,peridot,Redmi Turbo 3,China,xiaomi_en
24129RT7CC,mob,xiaomi,Xiaomi,O10S,rodin,REDMI Turbo 4,China,xiaomi_en
25053RT47C,mob,xiaomi,Xiaomi,O10U,onyx,REDMI Turbo 4 Pro,China,xiaomi_en
2511FRT34C,mob,xiaomi,Xiaomi,P10,klee,REDMI Turbo 5,China,xiaomi_en
2606FRT34I,mob,xiaomi,Xiaomi,P10,klee,REDMI Turbo 5,India,xiaomi_en
2602BRT18C,mob,xiaomi,Xiaomi,P10U,dash,REDMI Turbo 5 Max,China,xiaomi_en
M1903F10A,mob,xiaomi,Xiaomi,F10,davinci,Redmi K20,China,xiaomi_en
M1903F10C,mob,xiaomi,Xiaomi,F10,davinci,Redmi K20,Chinese Carrier Version,xiaomi_en
M1903F10I,mob,xiaomi,Xiaomi,F10,davinciin,Redmi K20,India,xiaomi_en
M1903F11A,mob,xiaomi,Xiaomi,F11,raphael,Redmi K20 Pro,China,xiaomi_en
M1903F11A,mob,xiaomi,Xiaomi,F11,raphael,Redmi K20 Pro,Premium Edition China,xiaomi_en
M1903F11C,mob,xiaomi,Xiaomi,F11,raphael,Redmi K20 Pro,Chinese Carrier Version,xiaomi_en
M1903F11I,mob,xiaomi,Xiaomi,F11,raphaelin,Redmi K20 Pro,India,xiaomi_en
M2001G7AE,mob,xiaomi,Xiaomi,G7A,picasso,Redmi K30 5G,China,xiaomi_en
M2001G7AE,mob,xiaomi,Xiaomi,G7A,picasso,Redmi K30 5G,Speed China,xiaomi_en
M2001G7AC,mob,xiaomi,Xiaomi,G7A,picasso,Redmi K30 5G,China,xiaomi_en
M2001G7AC,mob,xiaomi,Xiaomi,G7A,picasso48m,Redmi K30i 5G,China,xiaomi_en
M1912G7BE,mob,xiaomi,Xiaomi,G7B,phoenix,Redmi K30 4G,China,xiaomi_en
M1912G7BC,mob,xiaomi,Xiaomi,G7B,phoenix,Redmi K30 4G,Chinese Carrier Version,xiaomi_en
M2001J11C,mob,xiaomi,Xiaomi,J11,lmi,Redmi K30 Pro,China,xiaomi_en
M2001J11C,mob,xiaomi,Xiaomi,J11,"lmi, lmipro",Redmi K30 Pro Zoom Edition,China,xiaomi_en
M2001J11E,mob,xiaomi,Xiaomi,J11,"lmi, lmipro",Redmi K30 Pro Zoom Edition,China,xiaomi_en
M2006J10C,mob,xiaomi,Xiaomi,J10,cezanne,Redmi K30 Ultra,China,xiaomi_en
M2007J3SC,mob,xiaomi,Xiaomi,J3S,apollo,Redmi K30S Ultra,China,xiaomi_en
M2012K11AC,mob,xiaomi,Xiaomi,K11A,alioth,Redmi K40,China,xiaomi_en
M2012K11C,mob,xiaomi,Xiaomi,K11,haydn,Redmi K40 Pro,China,xiaomi_en
M2012K11C,mob,xiaomi,Xiaomi,K11,"haydn, haydnpro",Redmi K40 Pro+,China,xiaomi_en
M2012K10C,mob,xiaomi,Xiaomi,K10,ares,Redmi K40 Gaming,China,xiaomi_en
22021211RC,mob,xiaomi,Xiaomi,L11R,munch,Redmi K40S,China,xiaomi_en
22041211AC,mob,xiaomi,Xiaomi,L11A,rubens,Redmi K50,China,xiaomi_en
22011211C,mob,xiaomi,Xiaomi,L11,matisse,Redmi K50 Pro,China,xiaomi_en
21121210C,mob,xiaomi,Xiaomi,L10,ingres,Redmi K50G,China,xiaomi_en
22081212C,mob,xiaomi,Xiaomi,L12,diting,Redmi K50 Ultra,China,xiaomi_en
22041216I,mob,xiaomi,Xiaomi,L16,"xaga, xagain",Redmi K50i,India,xiaomi_en
23013RK75C,mob,xiaomi,Xiaomi,M11A,mondrian,Redmi K60,China,xiaomi_en
22127RK46C,mob,xiaomi,Xiaomi,M11,socrates,Redmi K60 Pro,China,xiaomi_en
22122RK93C,mob,xiaomi,Xiaomi,M11R,rembrandt,Redmi K60E,China,xiaomi_en
23078RKD5C,mob,xiaomi,Xiaomi,M12,corot,Redmi K60 Ultra,China,xiaomi_en
23113RKC6C,mob,xiaomi,Xiaomi,N11,vermeer,Redmi K70,China,xiaomi_en
23117RK66C,mob,xiaomi,Xiaomi,N11U,manet,Redmi K70 Pro,China,xiaomi_en
2311DRK48C,mob,xiaomi,Xiaomi,N11A,duchamp,Redmi K70E,China,xiaomi_en
2407FRK8EC,mob,xiaomi,Xiaomi,N12,rothko,Redmi K70 Ultra,China,xiaomi_en
24117RK2CC,mob,xiaomi,Xiaomi,O11,zorn,REDMI K80,China,xiaomi_en
24122RKC7C,mob,xiaomi,Xiaomi,O11U,miro,REDMI K80 Pro,China,xiaomi_en
24127RK2CC,mob,xiaomi,Xiaomi,O11US,miro,REDMI K80 Pro,Automobili Lamborghini Squadra Corse China,xiaomi_en
25060RK16C,mob,xiaomi,Xiaomi,O12,dali,REDMI K80 Ultra,China,xiaomi_en
2510DRK44C,mob,xiaomi,Xiaomi,P11,annibale,REDMI K90,China,xiaomi_en
25102RKBEC,mob,xiaomi,Xiaomi,P11U,myron,REDMI K90 Pro Max,China,xiaomi_en
25102RK69C,mob,xiaomi,Xiaomi,P11UIP,myron,REDMI K90 Pro Max,Automobili Lamborghini Squadra Corse China,xiaomi_en
2604FRK1EC,mob,xiaomi,Xiaomi,P12,prague,REDMI K90 Max,China,xiaomi_en
M332BF,mob,xiaomi,Xiaomi,P12X,warsaw,REDMI K90 Ultra,China,xiaomi_en
2016020,mob,xiaomi,Xiaomi,H3C,omega,Redmi Pro,32GB,xiaomi_en
2016021,mob,xiaomi,Xiaomi,H3C,omega,Redmi Pro,64GB & 128GB,xiaomi_en
M1803E6G,mob,xiaomi,Xiaomi,E6,ysl,Redmi S2,Global,xiaomi_en
M1803E6H,mob,xiaomi,Xiaomi,E6,ysl,Redmi S2,Global,xiaomi_en
M1803E6I,mob,xiaomi,Xiaomi,E6,ysl,Redmi Y2,India,xiaomi_en
M1803E6E,mob,xiaomi,Xiaomi,E6,ysl,Redmi S2,China,xiaomi_en
M1803E6T,mob,xiaomi,Xiaomi,E6,ysl,Redmi S2,China Mobile,xiaomi_en
M1803E6C,mob,xiaomi,Xiaomi,E6,ysl,Redmi S2,China Unicom & China Telecom,xiaomi_en
M1810F6G,mob,xiaomi,Xiaomi,F6,onc,Redmi Y3,Global,xiaomi_en
M1810F6I,mob,xiaomi,Xiaomi,F6,onc,Redmi Y3,India,xiaomi_en
M1903C3GG,mob,xiaomi,Xiaomi,C3G,tiare,Redmi Go,Global,xiaomi_en
M1903C3GH,mob,xiaomi,Xiaomi,C3G,tiare,Redmi Go,Global,xiaomi_en
M1903C3GI,mob,xiaomi,Xiaomi,C3G,tiare,Redmi Go,India,xiaomi_en
220733SG,mob,xiaomi,Xiaomi,C3S,ice,Redmi A1,Global,xiaomi_en
220733SH,mob,xiaomi,Xiaomi,C3S,ice,Redmi A1,India,xiaomi_en
220733SI,mob,xiaomi,Xiaomi,C3S,ice,Redmi A1,India,xiaomi_en
220733SL,mob,xiaomi,Xiaomi,C3SL,ice,Redmi A1,Latin America,xiaomi_en
220733SFG,mob,xiaomi,Xiaomi,C3SF,"ice, snow",Redmi A1+,Global,xiaomi_en
220733SFH,mob,xiaomi,Xiaomi,C3SF,"ice, snow",Redmi A1+,India,xiaomi_en
220743FI,mob,xiaomi,Xiaomi,C3SF,"ice, snow",Redmi A1+,India,xiaomi_en
23028RN4DG,mob,xiaomi,Xiaomi,C3S2,"water, cloud",Redmi A2,Global,xiaomi_en
23028RN4DH,mob,xiaomi,Xiaomi,C3S2,"water, cloud",Redmi A2,India,xiaomi_en
23028RN4DI,mob,xiaomi,Xiaomi,C3S2,"water, cloud",Redmi A2,India,xiaomi_en
23026RN54G,mob,xiaomi,Xiaomi,CSL2,"water, cloud",Redmi A2,Latin America,xiaomi_en
23028RNCAG,mob,xiaomi,Xiaomi,CSF2,water,Redmi A2+,Global,xiaomi_en
23028RNCAH,mob,xiaomi,Xiaomi,CSF2,water,Redmi A2+,India,xiaomi_en
23028RNCAI,mob,xiaomi,Xiaomi,CSF2,water,Redmi A2+,India,xiaomi_en
23129RN51X,mob,xiaomi,Xiaomi,C3Y,blue,Redmi A3,Global,xiaomi_en
23129RN51H,mob,xiaomi,Xiaomi,C3Y,blue,Redmi A3,India,xiaomi_en
2312CRNCCL,mob,xiaomi,Xiaomi,C3YL,blue,Redmi A3,Latin America,xiaomi_en
24048RN6CG,mob,xiaomi,Xiaomi,C3Y2,klein,Redmi A3x,Global,xiaomi_en
24048RN6CI,mob,xiaomi,Xiaomi,C3Y2,klein,Redmi A3x,India,xiaomi_en
24044RN32L,mob,xiaomi,Xiaomi,C3Y2,klein,Redmi A3x,Latin America,xiaomi_en
2409BRN2CG,mob,xiaomi,Xiaomi,C3N,"lake, pond",Redmi A3 Pro,Global,xiaomi_en
24116RNC1I,mob,xiaomi,Xiaomi,C3F2,warm,Redmi A4 5G,India,xiaomi_en
25028RN03G,mob,xiaomi,Xiaomi,C3Z,serenity,REDMI A5,Global,xiaomi_en
25028RN03A,mob,xiaomi,Xiaomi,C3Z,serenity,REDMI A5,Global,xiaomi_en
25028RN03Y,mob,xiaomi,Xiaomi,C3Z,serenity,REDMI A5,Global,xiaomi_en
25028RN03I,mob,xiaomi,Xiaomi,C3Z,serenity,REDMI A5,India,xiaomi_en
25028RN03L,mob,xiaomi,Xiaomi,C3Z,serenity,REDMI A5,Latin America,xiaomi_en
26020RNB4A,mob,xiaomi,Xiaomi,C3ZR,serenity,REDMI A7,Global,xiaomi_en
26020RNB4I,mob,xiaomi,Xiaomi,C3ZR,serenity,REDMI A7,India,xiaomi_en
26020RNB4L,mob,xiaomi,Xiaomi,C3ZR,serenity,REDMI A7,Latin America,xiaomi_en
25128RN17A,mob,xiaomi,Xiaomi,P25A,arctic,REDMI A7 Pro,Global,xiaomi_en
25128RN17Y,mob,xiaomi,Xiaomi,P25A,arctic,REDMI A7 Pro,Global,xiaomi_en
25128RN17I,mob,xiaomi,Xiaomi,P25A,arctic,REDMI A7 Pro,India,xiaomi_en
25128RN17L,mob,xiaomi,Xiaomi,P25A,arctic,REDMI A7 Pro,Latin America,xiaomi_en
26020RN1AI,mob,xiaomi,Xiaomi,P25,somalia,REDMI A7 Pro 5G,India,xiaomi_en
26020RN1AC,mob,xiaomi,Xiaomi,P25,somalia,REDMI R70 5G,China,xiaomi_en
26020RN1AC,mob,xiaomi,Xiaomi,P25,somalia,REDMI R70m 5G,China,xiaomi_en
M1805E10A,mob,xiaomi,Xiaomi,E10,beryllium,POCO F1,,xiaomi_en
M2004J11G,mob,xiaomi,Xiaomi,J11,lmi,POCO F2 Pro,Global,xiaomi_en
M2012K11AG,mob,xiaomi,Xiaomi,K11A,alioth,POCO F3,Global,xiaomi_en
M2104K10I,mob,xiaomi,Xiaomi,K10,"ares, aresin",POCO F3 GT,India,xiaomi_en
22021211RG,mob,xiaomi,Xiaomi,L11R,munch,POCO F4,Global,xiaomi_en
22021211RI,mob,xiaomi,Xiaomi,L11R,munch,POCO F4,India,xiaomi_en
21121210G,mob,xiaomi,Xiaomi,L10,ingres,POCO F4 GT,Global,xiaomi_en
23049PCD8G,mob,xiaomi,Xiaomi,M16T,marble,POCO F5,Global,xiaomi_en
23049PCD8I,mob,xiaomi,Xiaomi,M16T,"marble, marblein",POCO F5,India,xiaomi_en
23013PC75G,mob,xiaomi,Xiaomi,M11A,mondrian,POCO F5 Pro,Global,xiaomi_en
24069PC21G,mob,xiaomi,Xiaomi,N16T,peridot,POCO F6,Global,xiaomi_en
24069PC21I,mob,xiaomi,Xiaomi,N16T,peridot,POCO F6,India,xiaomi_en
23113RKC6G,mob,xiaomi,Xiaomi,N11,vermeer,POCO F6 Pro,Global,xiaomi_en
25053PC47G,mob,xiaomi,Xiaomi,O10U,onyx,POCO F7,Global,xiaomi_en
25053PC47I,mob,xiaomi,Xiaomi,O10U,onyx,POCO F7,India,xiaomi_en
24117RK2CG,mob,xiaomi,Xiaomi,O11,zorn,POCO F7 Pro,Global,xiaomi_en
24122RKC7G,mob,xiaomi,Xiaomi,O11U,miro,POCO F7 Ultra,Global,xiaomi_en
2510DPC44G,mob,xiaomi,Xiaomi,P11,annibale,POCO F8 Pro,Global,xiaomi_en
25102PCBEG,mob,xiaomi,Xiaomi,P11U,myron,POCO F8 Ultra,Global,xiaomi_en
M1912G7BI,mob,xiaomi,Xiaomi,G7B,phoenixin,POCO X2,India,xiaomi_en
M2007J20CI,mob,xiaomi,Xiaomi,J20C,"surya, karna",POCO X3,India,xiaomi_en
M2007J20CG,mob,xiaomi,Xiaomi,J20C,surya,POCO X3 NFC,Global,xiaomi_en
M2007J20CT,mob,xiaomi,Xiaomi,J20C,surya,POCO X3 NFC,Thailand,xiaomi_en
M2102J20SG,mob,xiaomi,Xiaomi,J20S,vayu,POCO X3 Pro,Global,xiaomi_en
M2102J20SI,mob,xiaomi,Xiaomi,J20S,"vayu, bhima",POCO X3 Pro,India,xiaomi_en
21061110AG,mob,xiaomi,Xiaomi,K10A,chopin,POCO X3 GT,Global,xiaomi_en
2201116PG,mob,xiaomi,Xiaomi,K6P,veux,POCO X4 Pro 5G,Global,xiaomi_en
2201116PI,mob,xiaomi,Xiaomi,K6P,"veux, peux",POCO X4 Pro 5G,India,xiaomi_en
22041216G,mob,xiaomi,Xiaomi,L16,xaga,POCO X4 GT,Global,xiaomi_en
22111317PG,mob,xiaomi,Xiaomi,M17P,moonstone,POCO X5 5G,Global,xiaomi_en
22111317PI,mob,xiaomi,Xiaomi,M17P,moonstone,POCO X5 5G,India,xiaomi_en
22101320G,mob,xiaomi,Xiaomi,M20,redwood,POCO X5 Pro 5G,Global,xiaomi_en
22101320I,mob,xiaomi,Xiaomi,M20,"redwood, redwoodin",POCO X5 Pro 5G,India,xiaomi_en
23122PCD1G,mob,xiaomi,Xiaomi,N16P,garnet,POCO X6 5G,Global,xiaomi_en
23122PCD1I,mob,xiaomi,Xiaomi,N16P,garnet,POCO X6 5G,India,xiaomi_en
2311DRK48G,mob,xiaomi,Xiaomi,N11A,duchamp,POCO X6 Pro 5G,Global,xiaomi_en
2311DRK48I,mob,xiaomi,Xiaomi,N11A,duchamp,POCO X6 Pro 5G,India,xiaomi_en
2312FRAFDI,mob,xiaomi,Xiaomi,N17A,gold,POCO X6 Neo,India,xiaomi_en
24095PCADG,mob,xiaomi,Xiaomi,O16P,malachite,POCO X7,Global,xiaomi_en
24095PCADI,mob,xiaomi,Xiaomi,O16P,malachite,POCO X7,India,xiaomi_en
2412DPC0AG,mob,xiaomi,Xiaomi,O10,rodin,POCO X7 Pro,Global,xiaomi_en
2412DPC0AI,mob,xiaomi,Xiaomi,O10,rodin,POCO X7 Pro,India,xiaomi_en
2607DPC18G,mob,xiaomi,Xiaomi,Q16,"iolite, moscow",POCO X8,Global,xiaomi_en
2607DPC18I,mob,xiaomi,Xiaomi,Q16,"iolite, moscow",POCO X8,India,xiaomi_en
2511FPC34G,mob,xiaomi,Xiaomi,P10,klee,POCO X8 Pro,Global,xiaomi_en
2511FPC34I,mob,xiaomi,Xiaomi,P10,klee,POCO X8 Pro,India,xiaomi_en
2602BPC18G,mob,xiaomi,Xiaomi,P10U,dash,POCO X8 Pro Max,Global,xiaomi_en
2602BPC18I,mob,xiaomi,Xiaomi,P10U,dash,POCO X8 Pro Max,India,xiaomi_en
M2004J19PI,mob,xiaomi,Xiaomi,J19P,shiva,POCO M2,India,xiaomi_en
M2003J6CI,mob,xiaomi,Xiaomi,J6C,"gram, miatoll",POCO M2 Pro,India,xiaomi_en
M2010J19CG,mob,xiaomi,Xiaomi,J19C,citrus,POCO M3,Global,xiaomi_en
M2010J19CT,mob,xiaomi,Xiaomi,J19C,citrus,POCO M3,Thailand,xiaomi_en
M2010J19CI,mob,xiaomi,Xiaomi,J19C,citrus,POCO M3,India,xiaomi_en
M2103K19PG,mob,xiaomi,Xiaomi,K19P,camellian,POCO M3 Pro 5G,Global,xiaomi_en
M2103K19PY,mob,xiaomi,Xiaomi,K19P,camellian,POCO M3 Pro 5G,Global,xiaomi_en
M2103K19PI,mob,xiaomi,Xiaomi,K19P,camellia,POCO M3 Pro 5G,India,xiaomi_en
22041219PG,mob,xiaomi,Xiaomi,L19P,"light, thunder",POCO M4 5G,Global,xiaomi_en
22041219PI,mob,xiaomi,Xiaomi,L19P,light,POCO M4 5G,India,xiaomi_en
2201117PG,mob,xiaomi,Xiaomi,K7P,fleur,POCO M4 Pro,Global,xiaomi_en
2201117PI,mob,xiaomi,Xiaomi,K7P,"fleur, miel",POCO M4 Pro,India,xiaomi_en
21091116AG,mob,xiaomi,Xiaomi,K16A,evergreen,POCO M4 Pro 5G,Global,xiaomi_en
22031116AI,mob,xiaomi,Xiaomi,K16A,evergo,POCO M4 Pro 5G,India,xiaomi_en
22071219CG,mob,xiaomi,Xiaomi,L19C,"rock, stone",POCO M5,Global,xiaomi_en
22071219CI,mob,xiaomi,Xiaomi,L19C,rock,POCO M5,India,xiaomi_en
2207117BPG,mob,xiaomi,Xiaomi,K7BP,"rosemary, rosemary_p",POCO M5s,Global,xiaomi_en
2404APC5FG,mob,xiaomi,Xiaomi,N19AP,moon,POCO M6,Global,xiaomi_en
23128PC33I,mob,xiaomi,Xiaomi,C3VP,air,POCO M6 5G,India,xiaomi_en
24066PC95I,mob,xiaomi,Xiaomi,N19P,breeze,POCO M6 Plus 5G,India,xiaomi_en
2312FPCA6G,mob,xiaomi,Xiaomi,N6P,emerald,POCO M6 Pro,Global,xiaomi_en
23076PC4BI,mob,xiaomi,Xiaomi,M19P,sky,POCO M6 Pro 5G,India,xiaomi_en
25062PC34G,mob,xiaomi,Xiaomi,O19AP,creek,POCO M7,Global,xiaomi_en
25062PC34E,mob,xiaomi,Xiaomi,O19AP,creek,POCO M7,Europe,xiaomi_en
24108PCE2I,mob,xiaomi,Xiaomi,C3FP,flame,POCO M7 5G,India,xiaomi_en
25057PC09I,mob,xiaomi,Xiaomi,O19,spring,POCO M7 Plus 5G,India,xiaomi_en
26067PC09G,mob,xiaomi,Xiaomi,O19,spring,POCO M8s 5G,Global,xiaomi_en
26067PC09E,mob,xiaomi,Xiaomi,O19,spring,POCO M8s 5G,Europe,xiaomi_en
2409FPCC4G,mob,xiaomi,Xiaomi,O17P,"beryl, citrine",POCO M7 Pro 5G,Global,xiaomi_en
25118PC98G,mob,xiaomi,Xiaomi,P17,kunzite,POCO M8 5G,Global,xiaomi_en
25118PC98I,mob,xiaomi,Xiaomi,P17,kunzite,POCO M8 5G,India,xiaomi_en
2510EPC8BG,mob,xiaomi,Xiaomi,P16U,flourite,POCO M8 Pro 5G,Global,xiaomi_en
26021PC18I,mob,xiaomi,Xiaomi,P19P,mist,POCO M8 Power,India,xiaomi_en
M2006C3MI,mob,xiaomi,Xiaomi,C3M,angelicain,POCO C3,India,xiaomi_en
211033MI,mob,xiaomi,Xiaomi,C3M2,angelicain,POCO C31,India,xiaomi_en
220333QPG,mob,xiaomi,Xiaomi,C3QP,frost,POCO C40,Global,xiaomi_en
220333QPI,mob,xiaomi,Xiaomi,C3QP,frost,POCO C40,India,xiaomi_en
220733SPH,mob,xiaomi,Xiaomi,C3SP,"ice, snow",POCO C50,India,xiaomi_en
220733SPI,mob,xiaomi,Xiaomi,C3SP,"ice, snow",POCO C50,India,xiaomi_en
2305EPCC4G,mob,xiaomi,Xiaomi,CSP2,water,POCO C51,Global,xiaomi_en
2302EPCC4H,mob,xiaomi,Xiaomi,CSP2,water,POCO C51,India,xiaomi_en
2302EPCC4I,mob,xiaomi,Xiaomi,CSP2,water,POCO C51,India,xiaomi_en
22127PC95G,mob,xiaomi,Xiaomi,C3TP,earth,POCO C55,Global,xiaomi_en
22127PC95H,mob,xiaomi,Xiaomi,C3TP,earth,POCO C55,India,xiaomi_en
22127PC95I,mob,xiaomi,Xiaomi,C3TP,earth,POCO C55,India,xiaomi_en
2312BPC51X,mob,xiaomi,Xiaomi,C3YP,blue,POCO C61,Global,xiaomi_en
2312BPC51H,mob,xiaomi,Xiaomi,C3YP,blue,POCO C61,India,xiaomi_en
2310FPCA4G,mob,xiaomi,Xiaomi,C3UP,"gale, gust",POCO C65,Global,xiaomi_en
2310FPCA4I,mob,xiaomi,Xiaomi,C3UP,gale,POCO C65,India,xiaomi_en
25028PC03G,mob,xiaomi,Xiaomi,C3Z,serenity,POCO C71,Global,xiaomi_en
25028PC03Y,mob,xiaomi,Xiaomi,C3Z,serenity,POCO C71,Global,xiaomi_en
25028PC03I,mob,xiaomi,Xiaomi,C3Z,serenity,POCO C71,India,xiaomi_en
25028PC03L,mob,xiaomi,Xiaomi,C3Z,serenity,POCO C71,Latin America,xiaomi_en
2410FPCC5G,mob,xiaomi,Xiaomi,C3NP,lake,POCO C75,Global,xiaomi_en
2410FPCC5I,mob,xiaomi,Xiaomi,C3NP,"lake, pond",POCO C75,India,xiaomi_en
24116PCC1I,mob,xiaomi,Xiaomi,C3F2,warm,POCO C75 5G,India,xiaomi_en
25128PC17G,mob,xiaomi,Xiaomi,P25A,arctic,POCO C81 Pro,Global,xiaomi_en
25128PC17Y,mob,xiaomi,Xiaomi,P25A,arctic,POCO C81 Pro,Global,xiaomi_en
25128PC17L,mob,xiaomi,Xiaomi,P25A,arctic,POCO C81 Pro,Latin America,xiaomi_en
25128PC17I,mob,xiaomi,Xiaomi,P25A,arctic,POCO C81,India,xiaomi_en
26020PCB4I,mob,xiaomi,Xiaomi,C3ZR,serenity,POCO C81x,India,xiaomi_en
25078PC3EG,mob,xiaomi,Xiaomi,P15A,dew,POCO C85,Global,xiaomi_en
25078PC3EE,mob,xiaomi,Xiaomi,P15A,dew,POCO C85,Europe,xiaomi_en
2508CPC2BI,mob,xiaomi,Xiaomi,P15,tornado,POCO C85 5G,India,xiaomi_en
26020PC1AI,mob,xiaomi,Xiaomi,P25,somalia,POCO C85x 5G,India,xiaomi_en
A0101,pad,xiaomi,Xiaomi,X6,mocha,Mi Pad,,xiaomi_en
2015716,pad,xiaomi,Xiaomi,A3,latte,Mi Pad 2,,xiaomi_en
MCE91,pad,xiaomi,Xiaomi,C9,cappu,Mi Pad 3,,xiaomi_en
M1806D9W,pad,xiaomi,Xiaomi,D9,clover,Mi Pad 4,Wi-Fi,xiaomi_en
M1806D9E,pad,xiaomi,Xiaomi,D9,clover,Mi Pad 4,LTE,xiaomi_en
M1806D9PE,pad,xiaomi,Xiaomi,D9P,clover,Mi Pad 4 Plus,LTE,xiaomi_en
21051182G,pad,xiaomi,Xiaomi,K82,nabu,Xiaomi Pad 5,Global,xiaomi_en
21051182C,pad,xiaomi,Xiaomi,K82,nabu,Xiaomi Pad 5,China,xiaomi_en
M2105K81AC,pad,xiaomi,Xiaomi,K81A,elish,Xiaomi Pad 5 Pro,Wi-Fi China,xiaomi_en
M2105K81C,pad,xiaomi,Xiaomi,K81,enuma,Xiaomi Pad 5 Pro 5G,China,xiaomi_en
22081281AC,pad,xiaomi,Xiaomi,L81A,dagu,Xiaomi Pad 5 Pro 12.4,China,xiaomi_en
23043RP34G,pad,xiaomi,Xiaomi,M82,pipa,Xiaomi Pad 6,Global,xiaomi_en
23043RP34I,pad,xiaomi,Xiaomi,M82,pipa,Xiaomi Pad 6,India,xiaomi_en
23043RP34C,pad,xiaomi,Xiaomi,M82,pipa,Xiaomi Pad 6,China,xiaomi_en
23046RP50C,pad,xiaomi,Xiaomi,M81,liuqin,Xiaomi Pad 6 Pro,China,xiaomi_en
2307BRPDCC,pad,xiaomi,Xiaomi,M80,yudi,Xiaomi Pad 6 Max 14,China,xiaomi_en
24018RPACG,pad,xiaomi,Xiaomi,N81A,sheng,Xiaomi Pad 6S Pro 12.4,Global,xiaomi_en
24018RPACC,pad,xiaomi,Xiaomi,N81A,sheng,Xiaomi Pad 6S Pro 12.4,China,xiaomi_en
2410CRP4CG,pad,xiaomi,Xiaomi,O82,uke,Xiaomi Pad 7,Global,xiaomi_en
2410CRP4CC,pad,xiaomi,Xiaomi,O82,uke,Xiaomi Pad 7,China,xiaomi_en
24091RPADG,pad,xiaomi,Xiaomi,O81,muyu,Xiaomi Pad 7 Pro,Global,xiaomi_en
24091RPADC,pad,xiaomi,Xiaomi,O81,muyu,Xiaomi Pad 7 Pro,China,xiaomi_en
25032RP42C,pad,xiaomi,Xiaomi,O80,jinghu,Xiaomi Pad 7 Ultra,,xiaomi_en
25053RP5CC,pad,xiaomi,Xiaomi,O81A,violin,Xiaomi Pad 7S Pro 12.5,China,xiaomi_en
25079RPDCG,pad,xiaomi,Xiaomi,O88,turner,Xiaomi Pad Mini,Global,xiaomi_en
25097RP43G,pad,xiaomi,Xiaomi,P82,yupei,Xiaomi Pad 8,Global,xiaomi_en
25097RP43C,pad,xiaomi,Xiaomi,P82,yupei,Xiaomi Pad 8,China,xiaomi_en
25097RP43I,pad,xiaomi,Xiaomi,P82,yupei,Xiaomi Pad 8,India,xiaomi_en
25091RP04G,pad,xiaomi,Xiaomi,P81,piano,Xiaomi Pad 8 Pro,Global,xiaomi_en
25091RP04C,pad,xiaomi,Xiaomi,P81,piano,Xiaomi Pad 8 Pro,China,xiaomi_en
22081283G,pad,xiaomi,Xiaomi,L83,yunluo,Redmi Pad,Global,xiaomi_en
22081283C,pad,xiaomi,Xiaomi,L83,yunluo,Redmi Pad,China,xiaomi_en
23073RPBFG,pad,xiaomi,Xiaomi,M84,xun,Redmi Pad SE,Global,xiaomi_en
23073RPBFC,pad,xiaomi,Xiaomi,M84,xun,Redmi Pad SE,China,xiaomi_en
23073RPBFC,pad,xiaomi,Xiaomi,M84,xun,Redmi Pad M7,China,xiaomi_en
23073RPBFL,pad,xiaomi,Xiaomi,M84,xun,Redmi Pad SE,Latin America,xiaomi_en
2405CRPFDG,pad,xiaomi,Xiaomi,N83,dizi,Redmi Pad Pro,Wi-Fi Global,xiaomi_en
2405CRPFDC,pad,xiaomi,Xiaomi,N83,dizi,Redmi Pad Pro,Wi-Fi China,xiaomi_en
2405CRPFDI,pad,xiaomi,Xiaomi,N83,dizi,Redmi Pad Pro,Wi-Fi India,xiaomi_en
2405CRPFDL,pad,xiaomi,Xiaomi,N83,dizi,Redmi Pad Pro,Wi-Fi Latin America / Korea,xiaomi_en
24074RPD2G,pad,xiaomi,Xiaomi,N83U,ruan,Redmi Pad Pro 5G,Global,xiaomi_en
24074RPD2C,pad,xiaomi,Xiaomi,N83U,ruan,Redmi Pad Pro 5G,China,xiaomi_en
24074RPD2I,pad,xiaomi,Xiaomi,N83U,ruan,Redmi Pad Pro 5G,India,xiaomi_en
24075RP89G,pad,xiaomi,Xiaomi,N85,flare,Redmi Pad SE 8.7,Wi-Fi Global,xiaomi_en
24076RP19G,pad,xiaomi,Xiaomi,N85X,spark,Redmi Pad SE 8.7 4G,Global,xiaomi_en
24076RP19I,pad,xiaomi,Xiaomi,N85X,spark,Redmi Pad SE 8.7 4G,4G India,xiaomi_en
25040RP0AG,pad,xiaomi,Xiaomi,O84,taiko,REDMI Pad 2,Global,xiaomi_en
25040RP0AI,pad,xiaomi,Xiaomi,O84,taiko,REDMI Pad 2,India,xiaomi_en
25040RP0AE,pad,xiaomi,Xiaomi,O84,taiko,REDMI Pad 2,Europe,xiaomi_en
25040RP0AL,pad,xiaomi,Xiaomi,O84,taiko,REDMI Pad 2,Latin America,xiaomi_en
25040RP0AC,pad,xiaomi,Xiaomi,O84,taiko,REDMI Pad 2,China,xiaomi_en
2505DRP06G,pad,xiaomi,Xiaomi,O84X,koto,REDMI Pad 2 4G,Global,xiaomi_en
2505DRP06I,pad,xiaomi,Xiaomi,O84X,koto,REDMI Pad 2 4G,India,xiaomi_en
2505DRP06E,pad,xiaomi,Xiaomi,O84X,koto,REDMI Pad 2 4G,Europe,xiaomi_en
25099RP13G,pad,xiaomi,Xiaomi,P83,flute,REDMI Pad 2 Pro,Global,xiaomi_en
25099RP13I,pad,xiaomi,Xiaomi,P83,flute,REDMI Pad 2 Pro,India,xiaomi_en
25099RP13C,pad,xiaomi,Xiaomi,P83,flute,REDMI Pad 2 Pro,China,xiaomi_en
2509BRP2DG,pad,xiaomi,Xiaomi,P83X,organ,REDMI Pad 2 Pro 5G,Global,xiaomi_en
2509BRP2DI,pad,xiaomi,Xiaomi,P83X,organ,REDMI Pad 2 Pro 5G,India,xiaomi_en
2509BRP2DC,pad,xiaomi,Xiaomi,P83X,organ,REDMI Pad 2 Pro 5G,China,xiaomi_en
2603ARP14G,pad,xiaomi,Xiaomi,P85,guitar,REDMI Pad 2 9.7,Global,xiaomi_en
2603ARP14C,pad,xiaomi,Xiaomi,P85,guitar,REDMI Pad 2 SE,China,xiaomi_en
2604ERP4DG,pad,xiaomi,Xiaomi,P85X,erhu,REDMI Pad 2 9.7 4G,Global,xiaomi_en
2604ERP4DI,pad,xiaomi,Xiaomi,P85X,erhu,REDMI Pad 2 9.7 4G,India,xiaomi_en
2604ERP4DC,pad,xiaomi,Xiaomi,P85X,erhu,REDMI Pad 2 SE 4G,China,xiaomi_en
25079RPDCC,pad,xiaomi,Xiaomi,O88,turner,REDMI K Pad,China,xiaomi_en
26048RP6AC,pad,xiaomi,Xiaomi,P88,yili,REDMI K Pad 2,China,xiaomi_en
2405CPCFBG,pad,xiaomi,Xiaomi,N83P,dizi,POCO Pad,Wi-Fi Global,xiaomi_en
24074PCD2I,pad,xiaomi,Xiaomi,N83U,ruan,POCO Pad 5G,India,xiaomi_en
25099RP08G,pad,xiaomi,Xiaomi,O82P,uke,POCO Pad X1,Global,xiaomi_en
2509ARPBDG,pad,xiaomi,Xiaomi,P83P,flute,POCO Pad M1,Global,xiaomi_en
2603APC14G,pad,xiaomi,Xiaomi,P85,guitar,POCO Pad C1,Global,xiaomi_en
FYJ01QP,mob,xiaomi,Xiaomi,,Babel,Xiaomi Mijia Translator,,xiaomi_en
21051191C,accessory,xiaomi,Xiaomi,K91,,Xiaomi CyberDog,Bio-inspired Quadruped Robot,xiaomi_en
2405AVPB7C,ivi,xiaomi,Xiaomi,,,Xiaomi EV Cockpit,SU7 2024/SU7 Ultra,xiaomi_en
25033VP3FC,ivi,xiaomi,Xiaomi,,suiren,Xiaomi EV Cockpit,YU7/SU7 2026,xiaomi_en
2503CVPC6C,mob,xiaomi,Xiaomi,P802,konghou,Xiaomi EV Back Row Mobile Control Screen,,xiaomi_en
VP001,mob,zhixuan,华为智选,,,优畅享 20 Plus,5G,zhixuan
VP002,mob,zhixuan,华为智选,,,优畅享 20,5G,zhixuan
VP003,mob,zhixuan,华为智选,,,优畅享 30e,5G,zhixuan
VP004,mob,zhixuan,华为智选,,,优畅享 30e,5G 消息版,zhixuan
VP003,mob,zhixuan,华为智选,,,优畅享 50,5G,zhixuan
VP005,mob,zhixuan,华为智选,,,优畅享 50 Plus,5G,zhixuan
TYH601M,mob,zhixuan,华为智选,,,麦芒 9,5G,zhixuan
TYH611M,mob,zhixuan,华为智选,,,麦芒 10 SE,5G,zhixuan
TYH612M,mob,zhixuan,华为智选,,,麦芒 10,5G,zhixuan
TYH612M,mob,zhixuan,华为智选,,,麦芒 · 十年臻爱版,,zhixuan
TYH622M,mob,zhixuan,华为智选,,,麦芒 11,5G,zhixuan
TYH631M,mob,zhixuan,华为智选,,,麦芒 20,5G,zhixuan
TYH632M,mob,zhixuan,华为智选,,,麦芒 A20,5G,zhixuan
TYH641M,mob,zhixuan,华为智选,,,麦芒 30,5G,zhixuan
TYH651M-02,mob,zhixuan,华为智选,,,麦芒 40,5G,zhixuan
SP100,mob,zhixuan,华为智选,,Giant,NZONE S7,5G,zhixuan
SP200,mob,zhixuan,华为智选,,Coco,NZONE S7 Pro,5G,zhixuan
SP300,mob,zhixuan,华为智选,,Monica,NZONE S7 Pro+,5G,zhixuan
SP210,mob,zhixuan,华为智选,,Ballon,NZONE 50 Pro,5G,zhixuan
SP210T,mob,zhixuan,华为智选,,Ballon,NZONE 50 Pro,5G,zhixuan
Hera-BD00,mob,zhixuan,华为智选,,,Hi nova 9,5G,zhixuan
Hebe-BD00,mob,zhixuan,华为智选,,,Hi nova 9 Pro,5G,zhixuan
FIO-BD00,mob,zhixuan,华为智选,,,Hi nova 9 SE,5G,zhixuan
FIO-TL00,mob,zhixuan,华为智选,,,Hi nova 9 SE,5G,zhixuan
MNT-BD00,mob,zhixuan,华为智选,,,Hi nova 9z,5G,zhixuan
ALH-BD00,mob,zhixuan,华为智选,,,Hi nova 10,5G,zhixuan
MGZ-BD00,mob,zhixuan,华为智选,,,Hi nova 10 Pro,5G,zhixuan
MRK-BD00,mob,zhixuan,华为智选,,,Hi nova 10 SE,5G,zhixuan
MIZ-BD00,mob,zhixuan,华为智选,,,Hi nova 11,5G,zhixuan
SUP-BD00,mob,zhixuan,华为智选,,,Hi nova 12 SE,5G,zhixuan
SPR-BD00,mob,zhixuan,华为智选,,,Hi nova 12z,5G,zhixuan
BRO-W00,pad,zhixuan,华为智选,,,Hi MatePad,,zhixuan
F810,mob,zhixuan,华为智选,,,雷鸟 FF1,5G,zhixuan
NAT-TN70,mob,zhixuan,华为智选,,,TD Tech N8 Pro,,zhixuan
TDT-MA01,mob,zhixuan,华为智选,,,TD Tech M40,,zhixuan
AVA-PA00,mob,zhixuan,华为智选,,,TD Tech P50,,zhixuan
LFT-AN00,mob,zhixuan,华为智选,,,WIKO 5G,,zhixuan
GAR-AN00,mob,zhixuan,华为智选,,Garcia,Hi 畅享 60,5G,zhixuan
GAR-AN60,mob,zhixuan,华为智选,,Garcia,Hi 畅享 60s,5G,zhixuan
LGN-AN00,mob,zhixuan,华为智选,,Logan,Hi 畅享 60 Pro,5G,zhixuan
MKY-AN20,mob,zhixuan,华为智选,,Mickey,Hi 畅享 70,5G,zhixuan
MKY-AN20,mob,zhixuan,华为智选,,Mickey,Hi 畅享 70m,5G,zhixuan
BAL-AN20,mob,zhixuan,华为智选,,Ballon+,Hi 畅享 70 Pro,5G,zhixuan
JEY-AN00,mob,zhixuan,华为智选,,Jerry,Hi 畅享 70 Plus,5G,zhixuan
JLG-AN00,mob,zhixuan,华为智选,,Jiaolong,Hi 畅享 80,5G,zhixuan
JLG-AN00,mob,zhixuan,华为智选,,Jiaolong,Hi 畅享 80S,5G,zhixuan
JLG-AN80,mob,zhixuan,华为智选,,Jiaolong,Hi 畅享 80 GT,5G,zhixuan
SHR-AN00,mob,zhixuan,华为智选,,Shera,Hi 畅享 80 Pro,5G,zhixuan
SNP-AN00,mob,zhixuan,华为智选,,Snoopy,Hi 畅享 80 Plus,5G,zhixuan
CHE-AN00,mob,zhixuan,华为智选,,Change,WIKO X70,,zhixuan
MASH-16,computer,zhixuan,华为智选,,MarseilleH,Hi MateBook 14,16GB 内存,zhixuan
MASH-32,computer,zhixuan,华为智选,,MarseilleH,Hi MateBook 14,32GB 内存,zhixuan
MASI-16,computer,zhixuan,华为智选,,MarseilleI,Hi MateBook 14,酷睿 Ultra 2 (16GB 内存) (方形键盘),zhixuan
MASC-24,computer,zhixuan,华为智选,,MarseilleC,Hi MateBook 14,酷睿 Ultra 2 (24GB 内存) (圆形键盘),zhixuan
MASC-32,computer,zhixuan,华为智选,,MarseilleC,Hi MateBook 14,酷睿 Ultra 2 (32GB 内存) (圆形键盘),zhixuan
MNCAA-16,computer,zhixuan,华为智选,,MunichA,Hi MateBook 14,锐龙 200 (16GB 内存) (方形键盘),zhixuan
MNCAA-32,computer,zhixuan,华为智选,,MunichA,Hi MateBook 14,锐龙 200 (32GB 内存) (方形键盘),zhixuan
MNCAC-32,computer,zhixuan,华为智选,,MunichA,Hi MateBook 14,锐龙 200 (32GB 内存) (圆形键盘),zhixuan
LYOI-16,computer,zhixuan,华为智选,,LyonI,Hi MateBook D 14,16GB 内存,zhixuan
LYOI-32,computer,zhixuan,华为智选,,LyonI,Hi MateBook D 14,32GB 内存,zhixuan
NICG-16,computer,zhixuan,华为智选,,NiceG,Hi MateBook D 16,(13 代酷睿) (16GB 内存),zhixuan
NICI-16,computer,zhixuan,华为智选,,NiceI,Hi MateBook D 16,16GB 内存,zhixuan
NICI-32,computer,zhixuan,华为智选,,NiceI,Hi MateBook D 16,32GB 内存,zhixuan
RMA-X,computer,zhixuan,华为智选,,RomeA,Hi MateBook D 16,锐龙版,zhixuan
ZTE A2017,mob,zte,中兴,,,中兴天机 7,,zte_cn
ZTE A2018,mob,zte,中兴,,,中兴天机 7S,,zte_cn
ZTE C2017,mob,zte,中兴,,,中兴天机 7 MAX,,zte_cn
Z999,mob,zte,中兴,,,中兴天机 Axon M,,zte_cn
ZTE A2019 Pro,mob,zte,中兴,,,中兴天机 Axon 9 Pro,,zte_cn
ZTE A2020 Pro,mob,zte,中兴,,,中兴天机 Axon 10 Pro,4G,zte_cn
ZTE A2020N2 Pro,mob,zte,中兴,,,中兴天机 Axon 10 Pro,5G,zte_cn
ZTE A2020 SP,mob,zte,中兴,,,中兴天机 Axon 10s Pro 5G,,zte_cn
ZTE 9000N,mob,zte,中兴,,,中兴天机 Axon 11 SE 5G,,zte_cn
ZTE A2021,mob,zte,中兴,,,中兴天机 Axon 11 5G,公开版,zte_cn
ZTE A2021H,mob,zte,中兴,,,中兴天机 Axon 11 5G,行业版,zte_cn
ZTE A2121,mob,zte,中兴,,,中兴天机 Axon 20 5G,,zte_cn
ZTE A2322,mob,zte,中兴,,,中兴 Axon 30,5G,zte_cn
ZTE A2322,mob,zte,中兴,,,中兴 Axon 30S,5G,zte_cn
ZTE A2022,mob,zte,中兴,,,中兴 Axon 30 Pro,5G,zte_cn
ZTE A2022P,mob,zte,中兴,,,中兴 Axon 30 Ultra,5G,zte_cn
ZTE A2122H,mob,zte,中兴,,,中兴天机 A31,5G,zte_cn
ZTE A2022H,mob,zte,中兴,,,中兴天机 A31 Pro,5G,zte_cn
ZTE A2022P,mob,zte,中兴,,,中兴天机 A31 Ultra,5G,zte_cn
ZTE A2023,mob,zte,中兴,,,中兴 Axon 40 Pro,,zte_cn
ZTE A2023P,mob,zte,中兴,,,中兴 Axon 40 Ultra,,zte_cn
ZTE A2024H,mob,zte,中兴,,,中兴 Axon 50,,zte_cn
ZTE A2024H,mob,zte,中兴,,,中兴 Axon 50 Ultra,,zte_cn
ZTE A2025HL,mob,zte,中兴,,,中兴 Axon 60 Ultra,,zte_cn
ZTE A2025H,mob,zte,中兴,,,中兴 Axon 60 Ultra,天通版,zte_cn
ZTE A2023BH,mob,zte,中兴,,,中兴天机 A41,,zte_cn
ZTE A2023,mob,zte,中兴,,,中兴天机 A41 Pro,,zte_cn
ZTE A2023H,mob,zte,中兴,,,中兴天机 A41 Ultra,,zte_cn
ZTE A2023P,mob,zte,中兴,,,中兴天机 A41 Ultra 至尊版,,zte_cn
ZTE 9030N,mob,zte,中兴,,,中兴 S30,5G,zte_cn
ZTE A2122H,mob,zte,中兴,,,中兴 S30 Pro,5G,zte_cn
ZTE 8030N,mob,zte,中兴,,,中兴 S30 SE,5G,zte_cn
ZTE BV0730,mob,zte,中兴,,,中兴 Blade A2 Plus,,zte_cn
ZTE V0721,mob,zte,中兴,,,中兴 Blade A2S,,zte_cn
ZTE A0616,mob,zte,中兴,,,中兴 Blade A3,,zte_cn
ZTE A0722,mob,zte,中兴,,,中兴 Blade A4,,zte_cn
ZTE A7000,mob,zte,中兴,,,中兴 Blade A7,,zte_cn
ZTE A7010,mob,zte,中兴,,,中兴 Blade A7S,,zte_cn
ZTE BV0800,mob,zte,中兴,,,中兴 Blade V8,,zte_cn
ZTE BV0850,mob,zte,中兴,,,中兴 Blade V8 mini,,zte_cn
ZTE V0900,mob,zte,中兴,,,中兴 Blade V9,,zte_cn
ZTE V1000,mob,zte,中兴,,,中兴 Blade V10,,zte_cn
ZTE V1050,mob,zte,中兴,,,中兴 Blade 20 Smart,,zte_cn
ZTE 8012N,mob,zte,中兴,,,中兴 Blade 20 5G,,zte_cn
ZTE 9000N,mob,zte,中兴,,,中兴 Blade V2020,,zte_cn
ZTE 8010,mob,zte,中兴,,,中兴 Blade V2020 Smart,,zte_cn
ZTE 8012N,mob,zte,中兴,,,中兴 Blade V2021 5G,,zte_cn
ZTE 8031,mob,zte,中兴,,,中兴 ZTE V2022,,zte_cn
ZTE BV0701,mob,zte,中兴,,,中兴小鲜 4,,zte_cn
ZTE V0840,mob,zte,中兴,,,中兴小鲜 5,,zte_cn
ZTE V0920,mob,zte,中兴,,,中兴小鲜 5S,,zte_cn
ZTE A0620,mob,zte,中兴,,,中兴远航 5 plus,,zte_cn
ZTE 7530N,mob,zte,中兴,,,中兴远航 10,,zte_cn
ZTE 9040N,mob,zte,中兴,,,中兴远航 20 Pro,,zte_cn
ZTE 7532N,mob,zte,中兴,,,中兴远航 30,,zte_cn
ZTE 7531N,mob,zte,中兴,,,中兴远航 30S,,zte_cn
ZTE 7534N,mob,zte,中兴,,,中兴远航 30 畅行版,,zte_cn
ZTE 8040N,mob,zte,中兴,,,中兴远航 30 Pro,,zte_cn
ZTE 9041N,mob,zte,中兴,,,中兴远航 30 Pro+,,zte_cn
ZTE 1010L,mob,zte,中兴,,,中兴畅行 30,,zte_cn
ZTE 7542N,mob,zte,中兴,,,中兴远航 40,,zte_cn
ZTE 9042N,mob,zte,中兴,,,中兴远航 40 Pro+,,zte_cn
ZTE 7541N,mob,zte,中兴,,,中兴远航 41,,zte_cn
ZTE 7546N,mob,zte,中兴,,,中兴远航 41S,,zte_cn
ZTE 1021L,mob,zte,中兴,,,中兴畅行 40 SE,,zte_cn
ZTE 7543N,mob,zte,中兴,,,中兴小鲜 50,,zte_cn
ZTE 7543N,mob,zte,中兴,,,中兴畅行 50,,zte_cn
ZTE 7551N,mob,zte,中兴,,,中兴小鲜 60,,zte_cn
ZTE 7551N,mob,zte,中兴,,,中兴远航 60,,zte_cn
ZTE 7551N,mob,zte,中兴,,,中兴 V80,,zte_cn
ZTE 7552N,mob,zte,中兴,,,中兴畅行 60,,zte_cn
ZTE 7553N,mob,zte,中兴,,,中兴畅行 60 Plus,,zte_cn
ZTE 7553N,mob,zte,中兴,,,中兴远航 61,,zte_cn
ZTE 7661N,mob,zte,中兴,,,中兴畅行 60 Ultra,,zte_cn
ZTE 7561N,mob,zte,中兴,,,中兴远航 60 Plus,,zte_cn
ZTE 7561N,mob,zte,中兴,,,中兴远航 70,,zte_cn
ZTE 7561N,mob,zte,中兴,,,中兴小鲜 60 臻情版,,zte_cn
ZTE 7533N,mob,zte,中兴,,,中兴远航 3D,,zte_cn
Z9101,mob,zte,中兴,,,中兴远航 3D,,zte_cn
ZTE 7671N,mob,zte,中兴,,,中兴畅行 70 Plus,,zte_cn
ZTE 7672N,mob,zte,中兴,,,中兴小鲜 70 Plus,,zte_cn
ZTE 9041N,mob,zte,中兴,,,中兴 V70,,zte_cn
ZTE 9043N,mob,zte,中兴,,,中兴 V70 Pro,,zte_cn
ZTE PA01,pad,zte,中兴,,,中兴 Axon Pad,,zte_cn
W200DS,pad,zte,中兴,,,中兴云电脑,逍遥系列 (公开版),zte_cn
W200DS Pro,pad,zte,中兴,,,中兴云电脑,逍遥系列 Pro (公开版),zte_cn
W201DS,pad,zte,中兴,,,中兴云电脑,逍遥系列 (电信定制),zte_cn
W202DS,pad,zte,中兴,,,中兴云电脑,逍遥系列 (移动定制),zte_cn
W203DS,pad,zte,中兴,,,中兴云电脑,逍遥系列 (移动定制),zte_cn
W205DS,pad,zte,中兴,,,中兴云电脑,逍遥系列 (联通定制),zte_cn
W210DS,pad,zte,中兴,,,中兴云电脑,逍遥 20 (公开版),zte_cn
W211DS,pad,zte,中兴,,,中兴云电脑,逍遥 20 (电信定制),zte_cn
W212DS,pad,zte,中兴,,,中兴云电脑,逍遥 20 (移动定制),zte_cn
W213DS,pad,zte,中兴,,,中兴云电脑,逍遥 20 (移动定制),zte_cn
W215S,pad,zte,中兴,,,中兴云电脑,逍遥 20 (联通定制),zte_cn
